{"name":"garageOfficeLightsFA_2","class":"SpotLight","__parent":"garageOfficeLightsFASources","position":[307.379608,-123.186501,153.258118],"animate":false,"brightness":1.20000005,"castShadows":true,"innerAngle":90,"isEnabled":false,"logWeight":0.985000014,"outerAngle":140,"overDarkFactor":[20000,10000,5000,100],"range":15,"rotationMatrix":[0.999980927,0.00618061749,-1.67638063e-08,-2.09547579e-08,5.96046448e-07,-1.00000012,-0.00618061749,0.999980986,5.96046448e-07],"shadowDarkenColor":[0,0,0,0],"shadowDistance":10,"shadowSoftness":0.899999976,"texSize":1024}
{"name":"garageOfficeLightsFA_3","class":"SpotLight","__parent":"garageOfficeLightsFASources","position":[293.740204,-123.186501,153.258118],"animate":false,"brightness":1.20000005,"castShadows":true,"innerAngle":90,"isEnabled":false,"logWeight":0.985000014,"outerAngle":140,"overDarkFactor":[20000,10000,5000,100],"range":15,"rotationMatrix":[0.999980927,0.00618061749,-1.67638063e-08,-2.09547579e-08,5.96046448e-07,-1.00000012,-0.00618061749,0.999980986,5.96046448e-07],"shadowDarkenColor":[0,0,0,0],"shadowDistance":10,"shadowSoftness":0.899999976,"texSize":1024}
{"name":"garageOfficeLightsFA_4","class":"SpotLight","__parent":"garageOfficeLightsFASources","position":[299.736816,-123.186501,153.258118],"animate":false,"brightness":1.20000005,"castShadows":true,"innerAngle":90,"isEnabled":false,"logWeight":0.985000014,"outerAngle":140,"overDarkFactor":[20000,10000,5000,100],"range":15,"rotationMatrix":[0.999980927,0.00618061749,-1.67638063e-08,-2.09547579e-08,5.96046448e-07,-1.00000012,-0.00618061749,0.999980986,5.96046448e-07],"shadowDarkenColor":[0,0,0,0],"shadowDistance":10,"shadowSoftness":0.899999976,"texSize":1024}
{"name":"garageOfficeLightsFA_1","class":"SpotLight","__parent":"garageOfficeLightsFASources","position":[312.442688,-123.186501,153.258118],"animate":false,"brightness":1.20000005,"castShadows":true,"innerAngle":90,"isEnabled":false,"logWeight":0.985000014,"outerAngle":140,"overDarkFactor":[20000,10000,5000,100],"range":15,"rotationMatrix":[0.999980927,0.00618061749,-1.67638063e-08,-2.09547579e-08,5.96046448e-07,-1.00000012,-0.00618061749,0.999980986,5.96046448e-07],"shadowDarkenColor":[0,0,0,0],"shadowDistance":10,"shadowSoftness":0.899999976,"texSize":1024}
