<?xml version="1.0" encoding="utf-8"?>
<COLLADA xmlns="http://www.collada.org/2005/11/COLLADASchema" version="1.4.1" xmlns:xsi="http://www.w3.org/2001/XMLSchema-instance">
  <asset>
    <contributor>
      <author>Blender User</author>
      <authoring_tool>Blender 4.5.5 LTS commit date:2025-11-17, commit time:16:03, hash:836beaaf597a</authoring_tool>
    </contributor>
    <created>2026-03-04T12:33:32</created>
    <modified>2026-03-04T12:33:32</modified>
    <unit name="meter" meter="1"/>
    <up_axis>Z_UP</up_axis>
  </asset>
  <library_effects>
    <effect id="m_metal_new_01-effect">
      <profile_COMMON>
        <technique sid="common">
          <lambert>
            <emission>
              <color sid="emission">0 0 0 1</color>
            </emission>
            <diffuse>
              <color sid="diffuse">0.8 0.8 0.8 1</color>
            </diffuse>
            <index_of_refraction>
              <float sid="ior">1.5</float>
            </index_of_refraction>
          </lambert>
        </technique>
      </profile_COMMON>
    </effect>
  </library_effects>
  <library_images/>
  <library_materials>
    <material id="m_metal_new_01-material" name="m_metal_new_01">
      <instance_effect url="#m_metal_new_01-effect"/>
    </material>
  </library_materials>
  <library_geometries>
    <geometry id="s_slopgear_sign-mesh" name="s_slopgear_sign">
      <mesh>
        <source id="s_slopgear_sign-mesh-positions">
          <float_array id="s_slopgear_sign-mesh-positions-array" count="4842">2.390525 -0.01697188 0 2.448923 0.004224896 0 2.479026 0.01685422 0 2.506182 0.04693442 0 2.554177 0.07168769 0 2.569708 0.1050236 0 2.548712 0.1221513 0 2.522366 0.129296 0 2.471563 0.1132532 0 2.429674 0.1083513 0 2.379763 0.09587359 0 2.380032 0.1395206 0 2.411849 0.1631641 0 2.439478 0.1711855 0 2.470226 0.1867827 0 2.508531 0.2027515 0 2.533061 0.2121837 0 2.55356 0.2255527 0 2.551574 0.255006 0 2.522977 0.285768 0 2.493461 0.2918894 0 2.456366 0.2842515 0 2.433764 0.2770238 0 2.409175 0.2754636 0 2.367643 0.2678896 0 2.334099 0.2571022 0 2.320136 0.2343475 0 2.302811 0.206733 0 2.29576 0.1720323 0 2.298605 0.1282897 0 2.298564 0.07261943 0 2.296875 0.04373455 0 2.276376 0.02056163 0 2.272811 -0.005285024 0 2.302421 -0.01706159 0 2.303917 -0.05239778 0 2.298488 -0.09455597 0 2.30197 -0.2171122 0 2.305788 -0.246818 0 2.333418 -0.2723676 0 2.362523 -0.2907537 0 2.382437 -0.3043046 0 2.401154 -0.3071269 0 2.439977 -0.2924077 0 2.455521 -0.277121 0 2.47602 -0.2655346 0 2.507214 -0.2521656 0 2.54643 -0.2093848 0 2.564552 -0.1784876 0 2.55913 -0.1561317 0 2.522366 -0.1591768 0 2.464433 -0.1746255 0 2.432628 -0.1796731 0 2.416896 -0.1615584 0 2.410902 -0.1378793 0 2.396471 -0.1274511 0 2.367285 -0.1104543 0 2.36205 -0.06378901 0 2.370554 -0.03006875 0 2.164077 0.1435563 0 2.171519 0.1757441 0 2.18015 0.1979235 0 2.152921 0.2888647 0 2.137393 0.3105265 0 2.095449 0.3022016 0 2.07495 0.3182443 0 2.027713 0.283485 0 1.991171 0.2629859 0 1.977356 0.2425239 0 1.96594 0.2062048 0 1.954773 0.1876636 0 1.944951 0.1675729 0 1.93588 0.1367563 0 1.927012 0.0701819 0 1.928533 0.03822076 0 1.917321 0.003151774 0 1.920732 -0.1379485 0 1.925462 -0.1571849 0 1.930565 -0.2084935 0 1.947054 -0.2387966 0 1.966215 -0.2583787 0 1.996531 -0.2701877 0 2.05356 -0.2958376 0 2.125752 -0.2940551 0 2.157455 -0.2701367 0 2.175342 -0.2500821 0 2.19839 -0.2232482 0 2.227092 -0.1732947 0 2.246627 -0.1115465 0 2.248747 -0.06054347 0 2.241617 0.0366044 0 2.209531 0.05264723 0 2.181011 0.04729962 0 2.150708 0.0366044 0 2.079407 -0.01241517 0 2.033703 -0.0681861 0 2.05829 -0.08115738 0 2.083381 -0.09049779 0 2.133224 -0.07193189 0 2.150708 -0.1425399 0 2.147143 -0.203146 0 2.087844 -0.1912152 0 2.05042 -0.1814153 0 2.019692 -0.1755167 0 1.970672 -0.1443225 0 1.981368 -0.102433 0 1.980749 -0.07963556 0 1.997786 6.90788e-4 0 1.999705 0.03773546 0 2.014216 0.06584906 0 2.02905 0.1212747 0 2.05356 0.1756418 0 2.070494 0.186337 0 2.095449 0.2068362 0 2.101688 0.1783156 0 2.103471 0.156034 0 2.115949 0.09542793 0 2.139122 0.07760262 0 2.162294 0.1061231 0 1.880209 -0.2027003 0 1.846282 -0.1135482 0 1.841579 -0.09736388 0 1.841588 -0.06603962 0 1.830744 -0.01475471 0 1.805982 0.08174949 0 1.79052 0.119978 0 1.778668 0.1407487 0 1.778349 0.1669515 0 1.762957 0.2072302 0 1.741738 0.2382486 0 1.742734 0.2659088 0 1.724731 0.2956491 0 1.70288 0.2980238 0 1.676555 0.270116 0 1.665861 0.2441992 0 1.668533 0.2202051 0 1.643578 0.07582008 0 1.626644 0.0241267 0 1.621092 -0.01203268 0 1.609291 -0.02819484 0 1.60258 -0.06945616 0 1.574707 -0.1427155 0 1.542865 -0.176408 0 1.551162 -0.1990118 0 1.568071 -0.2177404 0 1.564033 -0.2442092 0 1.56069 -0.2833599 0 1.568712 -0.3092066 0 1.592776 -0.3277004 0 1.61555 -0.3129869 0 1.621361 -0.2834156 0 1.627036 -0.2599233 0 1.633209 -0.2345053 0 1.652685 -0.2069271 0 1.689426 -0.2015454 0 1.716613 -0.1846773 0 1.736483 -0.174391 0 1.760606 -0.1653352 0 1.77989 -0.2177889 0 1.797902 -0.2621459 0 1.832273 -0.294895 0 1.882501 -0.2518677 0 1.706796 -0.1011317 0 1.671783 -0.112729 0 1.696629 0.006019651 0 1.704912 0.03119564 0 1.718444 -0.01330643 0 1.73237 -0.08071571 0 1.526822 0.2576383 0 1.505701 0.276768 0 1.482155 0.2963872 0 1.450262 0.3055757 0 1.363294 0.3033585 0 1.333647 0.2935203 0 1.29477 0.2860328 0 1.26417 0.2786937 0 1.238943 0.2683334 0 1.18439 0.2297437 0 1.17299 0.2112925 0 1.172029 0.182812 0 1.163888 0.1597756 0 1.186994 0.145097 0 1.215724 0.157025 0 1.237055 0.1430279 0 1.213229 0.1044995 0 1.210423 0.07403761 0 1.184131 0.06779873 0 1.168053 0.05360966 0 1.17396 0.01920408 0 1.187716 0.001849174 0 1.20397 -0.0159052 0 1.20151 -0.03647929 0 1.19672 -0.1445035 0 1.199641 -0.1691741 0 1.198941 -0.2130876 0 1.203104 -0.2438659 0 1.202505 -0.2887064 0 1.208779 -0.3144208 0 1.238646 -0.3089548 0 1.262187 -0.2729474 0 1.276376 -0.2281014 0 1.274285 -0.2003773 0 1.277249 -0.1159915 0 1.281141 -0.07201385 0 1.297599 -0.09335231 0 1.32761 -0.1327088 0 1.337883 -0.1447825 0 1.374992 -0.1855623 0 1.396925 -0.2106926 0 1.422764 -0.2366201 0 1.457808 -0.232246 0 1.481749 -0.2376538 0 1.505838 -0.2305684 0 1.504459 -0.2070894 0 1.493336 -0.1631332 0 1.483991 -0.1391518 0 1.437441 -0.09660434 0 1.417196 -0.07391244 0 1.393218 -0.05416423 0 1.364437 -0.01810419 0 1.343221 0.005855739 0 1.373079 0.03749567 0 1.395887 0.05253684 0 1.410847 0.06035077 0 1.426012 0.07029235 0 1.447203 0.08524286 0 1.484933 0.1257309 0 1.500976 0.1391 0 1.513933 0.1603039 0 1.51759 0.1839913 0 1.524836 0.2046988 0 1.531279 0.2317916 0 1.354862 0.1043332 0 1.320134 0.09680408 0 1.299549 0.08562403 0 1.272811 0.07760262 0 1.276822 0.1088108 0 1.27842 0.1617839 0 1.321858 0.1980019 0 1.360633 0.2059074 0 1.38422 0.2086187 0 1.419566 0.2093014 0 1.443638 0.1997148 0 1.452704 0.1825167 0 1.458195 0.1613816 0 1.136002 -0.2027003 0 1.100713 -0.1103997 0 1.099106 -0.07111465 0 1.065197 0.07137459 0 1.046313 0.119978 0 1.034462 0.1407487 0 1.034142 0.1669515 0 1.01875 0.2072302 0 0.9975312 0.2382486 0 0.9985275 0.2659088 0 0.9805238 0.2956491 0 0.958673 0.2980238 0 0.9323478 0.270116 0 0.920732 0.2413135 0 0.9243267 0.2202051 0 0.8993712 0.07582008 0 0.882437 0.0241267 0 0.8798623 -0.003403484 0 0.8701725 -0.02132469 0 0.8583729 -0.06945616 0 0.8303633 -0.1427434 0 0.7986581 -0.176408 0 0.8069549 -0.1990118 0 0.8242097 -0.2156215 0 0.8198261 -0.2442092 0 0.8164835 -0.2833599 0 0.830298 -0.3163367 0 0.8652272 -0.3182491 0 0.8771534 -0.2834156 0 0.8831897 -0.257163 0 0.8890019 -0.2345053 0 0.8939879 -0.2057522 0 0.9153724 -0.2073309 0 0.9452195 -0.2015454 0 0.9724062 -0.1846773 0 1.000154 -0.1699312 0 1.020583 -0.1652672 0 1.035682 -0.2177889 0 1.055006 -0.2639501 0 1.089843 -0.2947627 0 1.138293 -0.2518677 0 0.9282742 -0.1125092 0 0.9494417 -0.002056956 0 0.9580534 0.02264595 0 0.9871042 -0.08650022 0 0.9628258 -0.1011252 0 0.6917064 0.1435563 0 0.7030196 0.1848532 0 0.7086649 0.2018847 0 0.6816907 0.286605 0 0.6608248 0.3122411 0 0.6230788 0.3022016 0 0.6025798 0.3182443 0 0.5553427 0.283485 0 0.5188007 0.2629859 0 0.5049853 0.2425239 0 0.4935682 0.2062048 0 0.4824023 0.1876636 0 0.47258 0.1675729 0 0.4635096 0.1367563 0 0.4546423 0.0701819 0 0.4561615 0.03822076 0 0.4449506 0.003151774 0 0.4495721 -0.145339 0 0.4564123 -0.1666041 0 0.4581947 -0.2084935 0 0.4679988 -0.233449 0 0.4876061 -0.2512614 0 0.5236735 -0.2699835 0 0.5811894 -0.2958376 0 0.6533818 -0.2940551 0 0.6850851 -0.2701367 0 0.7029712 -0.2500821 0 0.7260203 -0.2232482 0 0.7547219 -0.1732947 0 0.7742567 -0.1115465 0 0.7763765 -0.06054347 0 0.7692463 0.0366044 0 0.7371609 0.05264723 0 0.7086403 0.04729962 0 0.6783373 0.0366044 0 0.6070361 -0.01241517 0 0.5606904 -0.05876094 0 0.5706005 -0.07568621 0 0.6062915 -0.089365 0 0.6608532 -0.07193189 0 0.6783373 -0.1425399 0 0.6747723 -0.203146 0 0.6175883 -0.1914329 0 0.5780487 -0.1814153 0 0.5473213 -0.1755167 0 0.4983018 -0.1443225 0 0.508997 -0.102433 0 0.5083783 -0.07963556 0 0.5254152 6.90788e-4 0 0.5273342 0.03773546 0 0.541846 0.06584906 0 0.5566797 0.1212747 0 0.5811894 0.1756418 0 0.5981236 0.186337 0 0.6230788 0.2068362 0 0.6293178 0.1783156 0 0.6311002 0.156034 0 0.6435781 0.09542793 0 0.6667509 0.07760262 0 0.6899238 0.1061231 0 0.2405631 0.2689985 0 0.2187874 0.2822967 0 0.1982305 0.2997967 0 0.1678566 0.3062426 0 0.09634804 0.3046949 0 0.06969356 0.2979862 0 0.01936888 0.2860328 0 -0.01123142 0.2786937 0 -0.03645777 0.2683334 0 -0.08585047 0.2348259 0 -0.09929203 0.2179769 0 -0.103867 0.186812 0 -0.1115136 0.1597756 0 -0.0884068 0.145097 0 -0.05967736 0.157025 0 -0.03542757 0.1539359 0 -0.04479026 0.1259297 0 -0.06217241 0.1044995 0 -0.06497836 0.07403761 0 -0.1019892 0.05833935 0 -0.0968554 0.01341915 0 -0.07143139 -0.0159052 0 -0.07389092 -0.03647929 0 -0.07868146 -0.1445035 0 -0.07576012 -0.1691741 0 -0.07646012 -0.2130876 0 -0.07229709 -0.2438659 0 -0.07080507 -0.2972779 0 -0.03523445 -0.3076061 0 -0.01628041 -0.2770482 0 -0.002315998 -0.2614806 0 9.7537e-4 -0.2281014 0 -0.001116514 -0.2003773 0 0.002118587 -0.1192623 0 0.005739688 -0.07201385 0 0.02219772 -0.09335231 0 0.05538463 -0.1370326 0 0.1065483 -0.1920269 0 0.1234889 -0.2136541 0 0.1425418 -0.2336135 0 0.1677546 -0.2355108 0 0.2089271 -0.2356703 0 0.2321598 -0.2273494 0 0.2274174 -0.2014067 0 0.2179353 -0.1631332 0 0.2085895 -0.1391518 0 0.1653013 -0.09883683 0 0.1417953 -0.07391244 0 0.1161313 -0.05277144 0 0.08903574 -0.01810419 0 0.06782031 0.005855739 0 0.09767794 0.03749567 0 0.1204864 0.05253684 0 0.1408624 0.06327879 0 0.1549434 0.07437801 0 0.171802 0.08524286 0 0.2095315 0.1257309 0 0.2255742 0.1391 0 0.238532 0.1603039 0 0.2451813 0.192793 0 0.2554317 0.2255527 0 0.07946085 0.1043332 0 0.04473257 0.09680408 0 0.02414822 0.08562403 0 -0.002589702 0.07760262 0 0.001173973 0.113789 0 0.001160144 0.1519532 0 0.004149198 0.1692981 0 0.04645681 0.1980019 0 0.08523225 0.2059074 0 0.1088185 0.2086187 0 0.1396167 0.2100051 0 0.1604583 0.2041389 0 0.1761608 0.1867016 0 0.1827936 0.1613816 0 -0.139399 -0.2027003 0 -0.1733257 -0.1135482 0 -0.1780295 -0.09736388 0 -0.1765325 -0.07036882 0 -0.2102043 0.07137459 0 -0.2290883 0.119978 0 -0.2409393 0.1407487 0 -0.241259 0.1669515 0 -0.2566514 0.2072302 0 -0.2778702 0.2382486 0 -0.2768736 0.2659088 0 -0.2948775 0.2956491 0 -0.3167281 0.2980238 0 -0.3430534 0.270116 0 -0.3537464 0.2441992 0 -0.3510745 0.2202051 0 -0.37603 0.07582008 0 -0.3930764 0.02313721 0 -0.4035773 -0.01841217 0 -0.4170282 -0.06945616 0 -0.4450379 -0.1427434 0 -0.476743 -0.176408 0 -0.4684467 -0.1990118 0 -0.4511914 -0.2156215 0 -0.455575 -0.2442092 0 -0.4589176 -0.2833599 0 -0.4508963 -0.3092066 0 -0.4268322 -0.3277004 0 -0.4039247 -0.3128178 0 -0.3982477 -0.2834156 0 -0.3925719 -0.2599233 0 -0.3863993 -0.2345053 0 -0.3801108 -0.205784 0 -0.3591392 -0.2074764 0 -0.3301816 -0.2015454 0 -0.3029952 -0.1846773 0 -0.2831249 -0.174391 0 -0.2578135 -0.1678605 0 -0.2397186 -0.2177889 0 -0.2203948 -0.2639501 0 -0.1808423 -0.293213 0 -0.1364541 -0.250654 0 -0.3107958 -0.1004728 0 -0.347127 -0.1125092 0 -0.3230891 0.005260944 0 -0.3157091 0.02883225 0 -0.2859745 -0.08544391 0 -0.6865521 -0.02026367 0 -0.6223784 0.004224896 0 -0.5922747 0.01685422 0 -0.5651193 0.04693442 0 -0.5162249 0.07325464 0 -0.5082283 0.1106478 0 -0.5284364 0.1275135 0 -0.5489357 0.129296 0 -0.5997377 0.1132532 0 -0.6416273 0.1083513 0 -0.6915381 0.09587359 0 -0.6886931 0.1426095 0 -0.6594526 0.1631641 0 -0.6318233 0.1711855 0 -0.6010747 0.1867827 0 -0.5589085 0.2049116 0 -0.5382404 0.2121837 0 -0.5177412 0.2255527 0 -0.5197277 0.255006 0 -0.5560222 0.2880424 0 -0.5858135 0.2917657 0 -0.6137085 0.2848622 0 -0.637537 0.2770238 0 -0.6621263 0.2754636 0 -0.7002366 0.2604277 0 -0.7097926 0.2778072 0 -0.740334 0.2528664 0 -0.7567464 0.2293106 0 -0.7696225 0.2017094 0 -0.7776392 0.1646919 0 -0.7726965 0.1282897 0 -0.7727368 0.07261943 0 -0.7744258 0.04373455 0 -0.7949249 0.02056163 0 -0.7984899 -0.005285024 0 -0.7688806 -0.01706159 0 -0.7673838 -0.05239778 0 -0.772813 -0.09455597 0 -0.7693319 -0.2171122 0 -0.7655131 -0.246818 0 -0.7378838 -0.2723676 0 -0.708379 -0.291222 0 -0.6722866 -0.3062951 0 -0.6261268 -0.2881377 0 -0.5952814 -0.2655346 0 -0.5640872 -0.2521656 0 -0.5302191 -0.2174062 0 -0.5129876 -0.190074 0 -0.5016985 -0.1608108 0 -0.5217519 -0.1572458 0 -0.5489354 -0.1591768 0 -0.6068678 -0.1746255 0 -0.6371709 -0.1817556 0 -0.6495119 -0.1719039 0 -0.6628697 -0.1360524 0 -0.6817342 -0.1247146 0 -0.7040157 -0.1104543 0 -0.7073169 -0.08155322 0 -0.7100372 -0.05320239 0 -0.9072244 0.1435563 0 -0.899782 0.1757441 0 -0.8905695 0.2013235 0 -0.9172397 0.286605 0 -0.9381063 0.3122411 0 -0.9758519 0.3022016 0 -0.996351 0.3182443 0 -1.043588 0.283485 0 -1.08013 0.2629859 0 -1.093945 0.2425239 0 -1.105362 0.2062048 0 -1.116528 0.1876636 0 -1.126351 0.1675729 0 -1.135421 0.1367563 0 -1.144288 0.0701819 0 -1.142769 0.03822076 0 -1.15398 0.003151774 0 -1.148817 -0.1470134 0 -1.142518 -0.1666041 0 -1.140736 -0.2084935 0 -1.117741 -0.2454443 0 -1.073657 -0.2710539 0 -1.017741 -0.2958376 0 -0.9455488 -0.2940551 0 -0.9138458 -0.2701367 0 -0.8959599 -0.2500821 0 -0.8729107 -0.2232482 0 -0.8442091 -0.1732947 0 -0.824674 -0.1115465 0 -0.8225541 -0.06054347 0 -0.8296843 0.0366044 0 -0.8617699 0.05264723 0 -0.8902904 0.04729962 0 -0.9205934 0.0366044 0 -0.9918946 -0.01241517 0 -1.03905 -0.0674389 0 -1.024109 -0.07854378 0 -0.9900633 -0.08974552 0 -0.9380776 -0.07193189 0 -0.9205934 -0.1425399 0 -0.9241585 -0.203146 0 -0.9834578 -0.1912152 0 -1.020882 -0.1814153 0 -1.051609 -0.1755167 0 -1.100629 -0.1443225 0 -1.089934 -0.102433 0 -1.090553 -0.07963556 0 -1.073516 6.90788e-4 0 -1.071597 0.03773552 0 -1.057085 0.06584906 0 -1.042251 0.1212747 0 -1.017741 0.1756418 0 -1.000807 0.186337 0 -0.9758519 0.2068362 0 -0.969613 0.1783156 0 -0.9678304 0.156034 0 -0.9553528 0.09542793 0 -0.9321798 0.07760262 0 -0.909007 0.1061231 0 -1.192769 0.2208206 0 -1.204262 0.2542759 0 -1.241449 0.2772461 0 -1.328793 0.283485 0 -1.408116 0.2692247 0 -1.446268 0.2572101 0 -1.477628 0.2529112 0 -1.500747 0.2336066 0 -1.511265 0.2228593 0 -1.53824 0.2166401 0 -1.547747 0.1771273 0 -1.518022 0.1488426 0 -1.496351 0.1399912 0 -1.456206 0.1492441 0 -1.468302 0.1180941 0 -1.475233 0.08380025 0 -1.485368 0.05469655 0 -1.491003 0.02902865 0 -1.514881 0.018072 0 -1.523089 -0.002611219 0 -1.540023 -0.02578413 0 -1.525763 -0.0569784 0 -1.493941 -0.07327979 0 -1.482362 -0.1151479 0 -1.481191 -0.136389 0 -1.479747 -0.1806333 0 -1.483345 -0.248811 0 -1.471799 -0.2770653 0 -1.458966 -0.3019385 0 -1.430306 -0.2895717 0 -1.399832 -0.2430729 0 -1.38862 -0.2276728 0 -1.391266 -0.1892866 0 -1.392794 -0.1157973 0 -1.397154 -0.06623208 0 -1.328295 -0.01482605 0 -1.297054 0.01693058 0 -1.268802 0.05250912 0 -1.231729 0.08501195 0 -1.20781 0.1329209 0 -1.191985 0.1841723 0 -1.273535 0.1150358 0 -1.299491 0.09175318 0 -1.368009 0.04640835 0 -1.396084 0.03437626 0 -1.399032 0.1016297 0 -1.40306 0.1364741 0 -1.39341 0.1689574 0 -1.363552 0.1720768 0 -1.339507 0.1798475 0 -1.299381 0.1774244 0 -1.278397 0.1654343 0 -1.260165 0.1364262 0 -1.580561 0.05380165 0 -1.586789 0.0787183 0 -1.597546 0.09683495 0 -1.616671 0.1129773 0 -1.624652 0.1591869 0 -1.641637 0.172419 0 -1.671388 0.2105925 0 -1.69178 0.2264662 0 -1.727189 0.2442693 0 -1.750678 0.2552474 0 -1.789577 0.2415955 0 -1.790914 0.221542 0 -1.805751 0.1953924 0 -1.830195 0.178565 0 -1.842559 0.1682494 0 -1.85756 0.145614 0 -1.868751 0.1248036 0 -1.886725 0.07225507 0 -1.892002 0.05116605 0 -1.910789 -0.005285024 0 -1.910789 -0.05519586 0 -1.915213 -0.08993893 0 -1.910912 -0.1228387 0 -1.908936 -0.1442585 0 -1.903449 -0.1652919 0 -1.893855 -0.1906682 0 -1.872749 -0.2221866 0 -1.854847 -0.2364065 0 -1.80562 -0.2463724 0 -1.781556 -0.2405791 0 -1.761948 -0.2361228 0 -1.70498 -0.1913023 0 -1.692151 -0.1807351 0 -1.674404 -0.1622409 0 -1.641762 -0.1231734 0 -1.626313 -0.09134852 0 -1.610106 -0.06134837 0 -1.580742 0.02228313 0 -1.674293 -0.01116186 0 -1.691898 -0.04815101 0 -1.703125 -0.07034742 0 -1.717385 -0.09352028 0 -1.733232 -0.1043448 0 -1.76272 -0.1199241 0 -1.793142 -0.1313991 0 -1.826565 -0.1291709 0 -1.866226 -0.09084653 0 -1.860878 -0.06856489 0 -1.846618 -0.03558802 0 -1.837679 0.007840454 0 -1.827902 0.04016947 0 -1.799827 0.10746 0 -1.774029 0.1298229 0 -1.763731 0.1533602 0 -1.73521 0.1515777 0 -1.704111 0.1162346 0 -1.688864 0.098993 0 -1.675286 0.07563918 0 -1.663083 0.04608237 0 -1.954664 -0.1778535 0 -1.956616 -0.1597868 0 -1.993961 -0.1461411 0 -2.02315 -0.1358255 0 -2.075674 -0.1398661 0 -2.104759 -0.1540022 0 -2.132472 -0.1647832 0 -2.157224 -0.1808643 0 -2.16872 0.09591072 0 -2.164885 0.1433149 0 -2.161235 0.239813 0 -2.172535 0.2640601 0 -2.191783 0.2896639 0 -2.217385 0.2825937 0 -2.232896 0.2575373 0 -2.247001 0.2280986 0 -2.254586 0.09141337 0 -2.255709 -0.0141977 0 -2.241379 -0.06199693 0 -2.234319 -0.08728146 0 -2.230968 -0.1195145 0 -2.23085 -0.1583991 0 -2.245014 -0.198244 0 -2.245712 -0.2393382 0 -2.229862 -0.2775667 0 -2.193618 -0.2765269 0 -2.171633 -0.3062357 0 -2.140125 -0.3006364 0 -2.112982 -0.2881976 0 -2.087031 -0.268788 0 -2.055335 -0.2471339 0 -1.988329 -0.2058197 0 -2.365434 0.1650787 0 -2.364626 0.1914873 0 -2.361047 0.2178756 0 -2.372909 0.2657448 0 -2.380478 0.2828382 0 -2.391181 0.3093317 0 -2.412572 0.3244832 0 -2.445994 0.3182443 0 -2.484633 0.31242 0 -2.522488 0.2918804 0 -2.539561 0.2804073 0 -2.566654 0.251223 0 -2.581021 0.2139663 0 -2.588712 0.1875787 0 -2.602634 0.1295436 0 -2.606112 0.1003119 0 -2.604059 0.06553298 0 -2.608465 0.01066493 0 -2.604411 -0.01497757 0 -2.582505 -0.03909063 0 -2.560355 -0.05931037 0 -2.547153 -0.07658624 0 -2.5138 -0.09400373 0 -2.473861 -0.1002056 0 -2.443109 -0.09509098 0 -2.41116 -0.0864734 0 -2.380823 -0.0758776 0 -2.376546 -0.1097343 0 -2.387895 -0.1403117 0 -2.395786 -0.1529865 0 -2.423352 -0.17706 0 -2.476824 -0.1948275 0 -2.516134 -0.1959808 0 -2.545979 -0.1913614 0 -2.570326 -0.1648216 0 -2.58726 -0.1247146 0 -2.60152 -0.1073349 0 -2.623513 -0.1406109 0 -2.623499 -0.1717901 0 -2.616136 -0.1916524 0 -2.564115 -0.2779287 0 -2.545523 -0.2946346 0 -2.504154 -0.3104178 0 -2.445108 -0.3022562 0 -2.412378 -0.2948783 0 -2.386585 -0.2729212 0 -2.359874 -0.2550944 0 -2.337409 -0.2269585 0 -2.308558 -0.1561399 0 -2.304797 -0.1350921 0 -2.30385 -0.1001893 0 -2.294549 -0.0332067 0 -2.296121 -0.005656361 0 -2.309788 0.01917213 0 -2.346781 0.04188412 0 -2.375344 0.0488311 0 -2.40031 0.03900927 0 -2.447162 0.02235966 0 -2.483439 0.01795452 0 -2.511502 0.02234417 0 -2.542003 0.04046899 0 -2.53824 0.07492882 0 -2.533744 0.1052348 0 -2.51583 0.1395153 0 -2.502292 0.1689003 0 -2.477086 0.1925635 0 -2.458918 0.2041624 0 -2.434408 0.199706 0 -2.434208 0.1601801 0 -2.429439 0.1218816 0 -2.402478 0.1048426 0 -2.378737 0.1218948 0 2.390525 -0.01697188 -0.06251132 2.448923 0.004224896 -0.06251132 2.479026 0.01685422 -0.06251132 2.506182 0.04693442 -0.06251132 2.554177 0.07168769 -0.06251132 2.569708 0.1050236 -0.06251132 2.548712 0.1221513 -0.06251132 2.522366 0.129296 -0.06251132 2.471563 0.1132532 -0.06251132 2.429674 0.1083513 -0.06251132 2.379763 0.09587359 -0.06251132 2.380032 0.1395206 -0.06251132 2.411849 0.1631641 -0.06251132 2.439478 0.1711855 -0.06251132 2.470226 0.1867827 -0.06251132 2.508531 0.2027515 -0.06251132 2.533061 0.2121837 -0.06251132 2.55356 0.2255527 -0.06251132 2.551574 0.255006 -0.06251132 2.522977 0.285768 -0.06251132 2.493461 0.2918894 -0.06251132 2.456366 0.2842515 -0.06251132 2.433764 0.2770238 -0.06251132 2.409175 0.2754636 -0.06251132 2.367643 0.2678896 -0.06251132 2.334099 0.2571022 -0.06251132 2.320136 0.2343475 -0.06251132 2.302811 0.206733 -0.06251132 2.29576 0.1720323 -0.06251132 2.298605 0.1282897 -0.06251132 2.298564 0.07261943 -0.06251132 2.296875 0.04373455 -0.06251132 2.276376 0.02056163 -0.06251132 2.272811 -0.005285024 -0.06251132 2.302421 -0.01706159 -0.06251132 2.303917 -0.05239778 -0.06251132 2.298488 -0.09455597 -0.06251132 2.30197 -0.2171122 -0.06251132 2.305788 -0.246818 -0.06251132 2.333418 -0.2723676 -0.06251132 2.362523 -0.2907537 -0.06251132 2.382437 -0.3043046 -0.06251132 2.401154 -0.3071269 -0.06251132 2.439977 -0.2924077 -0.06251132 2.455521 -0.277121 -0.06251132 2.47602 -0.2655346 -0.06251132 2.507214 -0.2521656 -0.06251132 2.54643 -0.2093848 -0.06251132 2.564552 -0.1784876 -0.06251132 2.55913 -0.1561317 -0.06251132 2.522366 -0.1591768 -0.06251132 2.464433 -0.1746255 -0.06251132 2.432628 -0.1796731 -0.06251132 2.416896 -0.1615584 -0.06251132 2.410902 -0.1378793 -0.06251132 2.396471 -0.1274511 -0.06251132 2.367285 -0.1104543 -0.06251132 2.36205 -0.06378901 -0.06251132 2.370554 -0.03006875 -0.06251132 2.164077 0.1435563 -0.06251132 2.171519 0.1757441 -0.06251132 2.18015 0.1979235 -0.06251132 2.152921 0.2888647 -0.06251132 2.137393 0.3105265 -0.06251132 2.095449 0.3022016 -0.06251132 2.07495 0.3182443 -0.06251132 2.027713 0.283485 -0.06251132 1.991171 0.2629859 -0.06251132 1.977356 0.2425239 -0.06251132 1.96594 0.2062048 -0.06251132 1.954773 0.1876636 -0.06251132 1.944951 0.1675729 -0.06251132 1.93588 0.1367563 -0.06251132 1.927012 0.0701819 -0.06251132 1.928533 0.03822076 -0.06251132 1.917321 0.003151774 -0.06251132 1.920732 -0.1379485 -0.06251132 1.925462 -0.1571849 -0.06251132 1.930565 -0.2084935 -0.06251132 1.947054 -0.2387966 -0.06251132 1.966215 -0.2583787 -0.06251132 1.996531 -0.2701877 -0.06251132 2.05356 -0.2958376 -0.06251132 2.125752 -0.2940551 -0.06251132 2.157455 -0.2701367 -0.06251132 2.175342 -0.2500821 -0.06251132 2.19839 -0.2232482 -0.06251132 2.227092 -0.1732947 -0.06251132 2.246627 -0.1115465 -0.06251132 2.248747 -0.06054347 -0.06251132 2.241617 0.0366044 -0.06251132 2.209531 0.05264723 -0.06251132 2.181011 0.04729962 -0.06251132 2.150708 0.0366044 -0.06251132 2.079407 -0.01241517 -0.06251132 2.033703 -0.0681861 -0.06251132 2.05829 -0.08115738 -0.06251132 2.083381 -0.09049779 -0.06251132 2.133224 -0.07193189 -0.06251132 2.150708 -0.1425399 -0.06251132 2.147143 -0.203146 -0.06251132 2.087844 -0.1912152 -0.06251132 2.05042 -0.1814153 -0.06251132 2.019692 -0.1755167 -0.06251132 1.970672 -0.1443225 -0.06251132 1.981368 -0.102433 -0.06251132 1.980749 -0.07963556 -0.06251132 1.997786 6.90788e-4 -0.06251132 1.999705 0.03773546 -0.06251132 2.014216 0.06584906 -0.06251132 2.02905 0.1212747 -0.06251132 2.05356 0.1756418 -0.06251132 2.070494 0.186337 -0.06251132 2.095449 0.2068362 -0.06251132 2.101688 0.1783156 -0.06251132 2.103471 0.156034 -0.06251132 2.115949 0.09542793 -0.06251132 2.139122 0.07760262 -0.06251132 2.162294 0.1061231 -0.06251132 1.880209 -0.2027003 -0.06251132 1.846282 -0.1135482 -0.06251132 1.841579 -0.09736388 -0.06251132 1.841588 -0.06603962 -0.06251132 1.830744 -0.01475471 -0.06251132 1.805982 0.08174949 -0.06251132 1.79052 0.119978 -0.06251132 1.778668 0.1407487 -0.06251132 1.778349 0.1669515 -0.06251132 1.762957 0.2072302 -0.06251132 1.741738 0.2382486 -0.06251132 1.742734 0.2659088 -0.06251132 1.724731 0.2956491 -0.06251132 1.70288 0.2980238 -0.06251132 1.676555 0.270116 -0.06251132 1.665861 0.2441992 -0.06251132 1.668533 0.2202051 -0.06251132 1.643578 0.07582008 -0.06251132 1.626644 0.0241267 -0.06251132 1.621092 -0.01203268 -0.06251132 1.609291 -0.02819484 -0.06251132 1.60258 -0.06945616 -0.06251132 1.574707 -0.1427155 -0.06251132 1.542865 -0.176408 -0.06251132 1.551162 -0.1990118 -0.06251132 1.568071 -0.2177404 -0.06251132 1.564033 -0.2442092 -0.06251132 1.56069 -0.2833599 -0.06251132 1.568712 -0.3092066 -0.06251132 1.592776 -0.3277004 -0.06251132 1.61555 -0.3129869 -0.06251132 1.621361 -0.2834156 -0.06251132 1.627036 -0.2599233 -0.06251132 1.633209 -0.2345053 -0.06251132 1.652685 -0.2069271 -0.06251132 1.689426 -0.2015454 -0.06251132 1.716613 -0.1846773 -0.06251132 1.736483 -0.174391 -0.06251132 1.760606 -0.1653352 -0.06251132 1.77989 -0.2177889 -0.06251132 1.797902 -0.2621459 -0.06251132 1.832273 -0.294895 -0.06251132 1.882501 -0.2518677 -0.06251132 1.706796 -0.1011317 -0.06251132 1.671783 -0.112729 -0.06251132 1.696629 0.006019651 -0.06251132 1.704912 0.03119564 -0.06251132 1.718444 -0.01330643 -0.06251132 1.73237 -0.08071571 -0.06251132 1.526822 0.2576383 -0.06251132 1.505701 0.276768 -0.06251132 1.482155 0.2963872 -0.06251132 1.450262 0.3055757 -0.06251132 1.363294 0.3033585 -0.06251132 1.333647 0.2935203 -0.06251132 1.29477 0.2860328 -0.06251132 1.26417 0.2786937 -0.06251132 1.238943 0.2683334 -0.06251132 1.18439 0.2297437 -0.06251132 1.17299 0.2112925 -0.06251132 1.172029 0.182812 -0.06251132 1.163888 0.1597756 -0.06251132 1.186994 0.145097 -0.06251132 1.215724 0.157025 -0.06251132 1.237055 0.1430279 -0.06251132 1.213229 0.1044995 -0.06251132 1.210423 0.07403761 -0.06251132 1.184131 0.06779873 -0.06251132 1.168053 0.05360966 -0.06251132 1.17396 0.01920408 -0.06251132 1.187716 0.001849174 -0.06251132 1.20397 -0.0159052 -0.06251132 1.20151 -0.03647929 -0.06251132 1.19672 -0.1445035 -0.06251132 1.199641 -0.1691741 -0.06251132 1.198941 -0.2130876 -0.06251132 1.203104 -0.2438659 -0.06251132 1.202505 -0.2887064 -0.06251132 1.208779 -0.3144208 -0.06251132 1.238646 -0.3089548 -0.06251132 1.262187 -0.2729474 -0.06251132 1.276376 -0.2281014 -0.06251132 1.274285 -0.2003773 -0.06251132 1.277249 -0.1159915 -0.06251132 1.281141 -0.07201385 -0.06251132 1.297599 -0.09335231 -0.06251132 1.32761 -0.1327088 -0.06251132 1.337883 -0.1447825 -0.06251132 1.374992 -0.1855623 -0.06251132 1.396925 -0.2106926 -0.06251132 1.422764 -0.2366201 -0.06251132 1.457808 -0.232246 -0.06251132 1.481749 -0.2376538 -0.06251132 1.505838 -0.2305684 -0.06251132 1.504459 -0.2070894 -0.06251132 1.493336 -0.1631332 -0.06251132 1.483991 -0.1391518 -0.06251132 1.437441 -0.09660434 -0.06251132 1.417196 -0.07391244 -0.06251132 1.393218 -0.05416423 -0.06251132 1.364437 -0.01810419 -0.06251132 1.343221 0.005855739 -0.06251132 1.373079 0.03749567 -0.06251132 1.395887 0.05253684 -0.06251132 1.410847 0.06035077 -0.06251132 1.426012 0.07029235 -0.06251132 1.447203 0.08524286 -0.06251132 1.484933 0.1257309 -0.06251132 1.500976 0.1391 -0.06251132 1.513933 0.1603039 -0.06251132 1.51759 0.1839913 -0.06251132 1.524836 0.2046988 -0.06251132 1.531279 0.2317916 -0.06251132 1.354862 0.1043332 -0.06251132 1.320134 0.09680408 -0.06251132 1.299549 0.08562403 -0.06251132 1.272811 0.07760262 -0.06251132 1.276822 0.1088108 -0.06251132 1.27842 0.1617839 -0.06251132 1.321858 0.1980019 -0.06251132 1.360633 0.2059074 -0.06251132 1.38422 0.2086187 -0.06251132 1.419566 0.2093014 -0.06251132 1.443638 0.1997148 -0.06251132 1.452704 0.1825167 -0.06251132 1.458195 0.1613816 -0.06251132 1.136002 -0.2027003 -0.06251132 1.100713 -0.1103997 -0.06251132 1.099106 -0.07111465 -0.06251132 1.065197 0.07137459 -0.06251132 1.046313 0.119978 -0.06251132 1.034462 0.1407487 -0.06251132 1.034142 0.1669515 -0.06251132 1.01875 0.2072302 -0.06251132 0.9975312 0.2382486 -0.06251132 0.9985275 0.2659088 -0.06251132 0.9805238 0.2956491 -0.06251132 0.958673 0.2980238 -0.06251132 0.9323478 0.270116 -0.06251132 0.920732 0.2413135 -0.06251132 0.9243267 0.2202051 -0.06251132 0.8993712 0.07582008 -0.06251132 0.882437 0.0241267 -0.06251132 0.8798623 -0.003403484 -0.06251132 0.8701725 -0.02132469 -0.06251132 0.8583729 -0.06945616 -0.06251132 0.8303633 -0.1427434 -0.06251132 0.7986581 -0.176408 -0.06251132 0.8069549 -0.1990118 -0.06251132 0.8242097 -0.2156215 -0.06251132 0.8198261 -0.2442092 -0.06251132 0.8164835 -0.2833599 -0.06251132 0.830298 -0.3163367 -0.06251132 0.8652272 -0.3182491 -0.06251132 0.8771534 -0.2834156 -0.06251132 0.8831897 -0.257163 -0.06251132 0.8890019 -0.2345053 -0.06251132 0.8939879 -0.2057522 -0.06251132 0.9153724 -0.2073309 -0.06251132 0.9452195 -0.2015454 -0.06251132 0.9724062 -0.1846773 -0.06251132 1.000154 -0.1699312 -0.06251132 1.020583 -0.1652672 -0.06251132 1.035682 -0.2177889 -0.06251132 1.055006 -0.2639501 -0.06251132 1.089843 -0.2947627 -0.06251132 1.138293 -0.2518677 -0.06251132 0.9282742 -0.1125092 -0.06251132 0.9494417 -0.002056956 -0.06251132 0.9580534 0.02264595 -0.06251132 0.9871042 -0.08650022 -0.06251132 0.9628258 -0.1011252 -0.06251132 0.6917064 0.1435563 -0.06251132 0.7030196 0.1848532 -0.06251132 0.7086649 0.2018847 -0.06251132 0.6816907 0.286605 -0.06251132 0.6608248 0.3122411 -0.06251132 0.6230788 0.3022016 -0.06251132 0.6025798 0.3182443 -0.06251132 0.5553427 0.283485 -0.06251132 0.5188007 0.2629859 -0.06251132 0.5049853 0.2425239 -0.06251132 0.4935682 0.2062048 -0.06251132 0.4824023 0.1876636 -0.06251132 0.47258 0.1675729 -0.06251132 0.4635096 0.1367563 -0.06251132 0.4546423 0.0701819 -0.06251132 0.4561615 0.03822076 -0.06251132 0.4449506 0.003151774 -0.06251132 0.4495721 -0.145339 -0.06251132 0.4564123 -0.1666041 -0.06251132 0.4581947 -0.2084935 -0.06251132 0.4679988 -0.233449 -0.06251132 0.4876061 -0.2512614 -0.06251132 0.5236735 -0.2699835 -0.06251132 0.5811894 -0.2958376 -0.06251132 0.6533818 -0.2940551 -0.06251132 0.6850851 -0.2701367 -0.06251132 0.7029712 -0.2500821 -0.06251132 0.7260203 -0.2232482 -0.06251132 0.7547219 -0.1732947 -0.06251132 0.7742567 -0.1115465 -0.06251132 0.7763765 -0.06054347 -0.06251132 0.7692463 0.0366044 -0.06251132 0.7371609 0.05264723 -0.06251132 0.7086403 0.04729962 -0.06251132 0.6783373 0.0366044 -0.06251132 0.6070361 -0.01241517 -0.06251132 0.5606904 -0.05876094 -0.06251132 0.5706005 -0.07568621 -0.06251132 0.6062915 -0.089365 -0.06251132 0.6608532 -0.07193189 -0.06251132 0.6783373 -0.1425399 -0.06251132 0.6747723 -0.203146 -0.06251132 0.6175883 -0.1914329 -0.06251132 0.5780487 -0.1814153 -0.06251132 0.5473213 -0.1755167 -0.06251132 0.4983018 -0.1443225 -0.06251132 0.508997 -0.102433 -0.06251132 0.5083783 -0.07963556 -0.06251132 0.5254152 6.90788e-4 -0.06251132 0.5273342 0.03773546 -0.06251132 0.541846 0.06584906 -0.06251132 0.5566797 0.1212747 -0.06251132 0.5811894 0.1756418 -0.06251132 0.5981236 0.186337 -0.06251132 0.6230788 0.2068362 -0.06251132 0.6293178 0.1783156 -0.06251132 0.6311002 0.156034 -0.06251132 0.6435781 0.09542793 -0.06251132 0.6667509 0.07760262 -0.06251132 0.6899238 0.1061231 -0.06251132 0.2405631 0.2689985 -0.06251132 0.2187874 0.2822967 -0.06251132 0.1982305 0.2997967 -0.06251132 0.1678566 0.3062426 -0.06251132 0.09634804 0.3046949 -0.06251132 0.06969356 0.2979862 -0.06251132 0.01936888 0.2860328 -0.06251132 -0.01123142 0.2786937 -0.06251132 -0.03645777 0.2683334 -0.06251132 -0.08585047 0.2348259 -0.06251132 -0.09929203 0.2179769 -0.06251132 -0.103867 0.186812 -0.06251132 -0.1115136 0.1597756 -0.06251132 -0.0884068 0.145097 -0.06251132 -0.05967736 0.157025 -0.06251132 -0.03542757 0.1539359 -0.06251132 -0.04479026 0.1259297 -0.06251132 -0.06217241 0.1044995 -0.06251132 -0.06497836 0.07403761 -0.06251132 -0.1019892 0.05833935 -0.06251132 -0.0968554 0.01341915 -0.06251132 -0.07143139 -0.0159052 -0.06251132 -0.07389092 -0.03647929 -0.06251132 -0.07868146 -0.1445035 -0.06251132 -0.07576012 -0.1691741 -0.06251132 -0.07646012 -0.2130876 -0.06251132 -0.07229709 -0.2438659 -0.06251132 -0.07080507 -0.2972779 -0.06251132 -0.03523445 -0.3076061 -0.06251132 -0.01628041 -0.2770482 -0.06251132 -0.002315998 -0.2614806 -0.06251132 9.7537e-4 -0.2281014 -0.06251132 -0.001116514 -0.2003773 -0.06251132 0.002118587 -0.1192623 -0.06251132 0.005739688 -0.07201385 -0.06251132 0.02219772 -0.09335231 -0.06251132 0.05538463 -0.1370326 -0.06251132 0.1065483 -0.1920269 -0.06251132 0.1234889 -0.2136541 -0.06251132 0.1425418 -0.2336135 -0.06251132 0.1677546 -0.2355108 -0.06251132 0.2089271 -0.2356703 -0.06251132 0.2321598 -0.2273494 -0.06251132 0.2274174 -0.2014067 -0.06251132 0.2179353 -0.1631332 -0.06251132 0.2085895 -0.1391518 -0.06251132 0.1653013 -0.09883683 -0.06251132 0.1417953 -0.07391244 -0.06251132 0.1161313 -0.05277144 -0.06251132 0.08903574 -0.01810419 -0.06251132 0.06782031 0.005855739 -0.06251132 0.09767794 0.03749567 -0.06251132 0.1204864 0.05253684 -0.06251132 0.1408624 0.06327879 -0.06251132 0.1549434 0.07437801 -0.06251132 0.171802 0.08524286 -0.06251132 0.2095315 0.1257309 -0.06251132 0.2255742 0.1391 -0.06251132 0.238532 0.1603039 -0.06251132 0.2451813 0.192793 -0.06251132 0.2554317 0.2255527 -0.06251132 0.07946085 0.1043332 -0.06251132 0.04473257 0.09680408 -0.06251132 0.02414822 0.08562403 -0.06251132 -0.002589702 0.07760262 -0.06251132 0.001173973 0.113789 -0.06251132 0.001160144 0.1519532 -0.06251132 0.004149198 0.1692981 -0.06251132 0.04645681 0.1980019 -0.06251132 0.08523225 0.2059074 -0.06251132 0.1088185 0.2086187 -0.06251132 0.1396167 0.2100051 -0.06251132 0.1604583 0.2041389 -0.06251132 0.1761608 0.1867016 -0.06251132 0.1827936 0.1613816 -0.06251132 -0.139399 -0.2027003 -0.06251132 -0.1733257 -0.1135482 -0.06251132 -0.1780295 -0.09736388 -0.06251132 -0.1765325 -0.07036882 -0.06251132 -0.2102043 0.07137459 -0.06251132 -0.2290883 0.119978 -0.06251132 -0.2409393 0.1407487 -0.06251132 -0.241259 0.1669515 -0.06251132 -0.2566514 0.2072302 -0.06251132 -0.2778702 0.2382486 -0.06251132 -0.2768736 0.2659088 -0.06251132 -0.2948775 0.2956491 -0.06251132 -0.3167281 0.2980238 -0.06251132 -0.3430534 0.270116 -0.06251132 -0.3537464 0.2441992 -0.06251132 -0.3510745 0.2202051 -0.06251132 -0.37603 0.07582008 -0.06251132 -0.3930764 0.02313721 -0.06251132 -0.4035773 -0.01841217 -0.06251132 -0.4170282 -0.06945616 -0.06251132 -0.4450379 -0.1427434 -0.06251132 -0.476743 -0.176408 -0.06251132 -0.4684467 -0.1990118 -0.06251132 -0.4511914 -0.2156215 -0.06251132 -0.455575 -0.2442092 -0.06251132 -0.4589176 -0.2833599 -0.06251132 -0.4508963 -0.3092066 -0.06251132 -0.4268322 -0.3277004 -0.06251132 -0.4039247 -0.3128178 -0.06251132 -0.3982477 -0.2834156 -0.06251132 -0.3925719 -0.2599233 -0.06251132 -0.3863993 -0.2345053 -0.06251132 -0.3801108 -0.205784 -0.06251132 -0.3591392 -0.2074764 -0.06251132 -0.3301816 -0.2015454 -0.06251132 -0.3029952 -0.1846773 -0.06251132 -0.2831249 -0.174391 -0.06251132 -0.2578135 -0.1678605 -0.06251132 -0.2397186 -0.2177889 -0.06251132 -0.2203948 -0.2639501 -0.06251132 -0.1808423 -0.293213 -0.06251132 -0.1364541 -0.250654 -0.06251132 -0.3107958 -0.1004728 -0.06251132 -0.347127 -0.1125092 -0.06251132 -0.3230891 0.005260944 -0.06251132 -0.3157091 0.02883225 -0.06251132 -0.2859745 -0.08544391 -0.06251132 -0.6865521 -0.02026367 -0.06251132 -0.6223784 0.004224896 -0.06251132 -0.5922747 0.01685422 -0.06251132 -0.5651193 0.04693442 -0.06251132 -0.5162249 0.07325464 -0.06251132 -0.5082283 0.1106478 -0.06251132 -0.5284364 0.1275135 -0.06251132 -0.5489357 0.129296 -0.06251132 -0.5997377 0.1132532 -0.06251132 -0.6416273 0.1083513 -0.06251132 -0.6915381 0.09587359 -0.06251132 -0.6886931 0.1426095 -0.06251132 -0.6594526 0.1631641 -0.06251132 -0.6318233 0.1711855 -0.06251132 -0.6010747 0.1867827 -0.06251132 -0.5589085 0.2049116 -0.06251132 -0.5382404 0.2121837 -0.06251132 -0.5177412 0.2255527 -0.06251132 -0.5197277 0.255006 -0.06251132 -0.5560222 0.2880424 -0.06251132 -0.5858135 0.2917657 -0.06251132 -0.6137085 0.2848622 -0.06251132 -0.637537 0.2770238 -0.06251132 -0.6621263 0.2754636 -0.06251132 -0.7002366 0.2604277 -0.06251132 -0.7097926 0.2778072 -0.06251132 -0.740334 0.2528664 -0.06251132 -0.7567464 0.2293106 -0.06251132 -0.7696225 0.2017094 -0.06251132 -0.7776392 0.1646919 -0.06251132 -0.7726965 0.1282897 -0.06251132 -0.7727368 0.07261943 -0.06251132 -0.7744258 0.04373455 -0.06251132 -0.7949249 0.02056163 -0.06251132 -0.7984899 -0.005285024 -0.06251132 -0.7688806 -0.01706159 -0.06251132 -0.7673838 -0.05239778 -0.06251132 -0.772813 -0.09455597 -0.06251132 -0.7693319 -0.2171122 -0.06251132 -0.7655131 -0.246818 -0.06251132 -0.7378838 -0.2723676 -0.06251132 -0.708379 -0.291222 -0.06251132 -0.6722866 -0.3062951 -0.06251132 -0.6261268 -0.2881377 -0.06251132 -0.5952814 -0.2655346 -0.06251132 -0.5640872 -0.2521656 -0.06251132 -0.5302191 -0.2174062 -0.06251132 -0.5129876 -0.190074 -0.06251132 -0.5016985 -0.1608108 -0.06251132 -0.5217519 -0.1572458 -0.06251132 -0.5489354 -0.1591768 -0.06251132 -0.6068678 -0.1746255 -0.06251132 -0.6371709 -0.1817556 -0.06251132 -0.6495119 -0.1719039 -0.06251132 -0.6628697 -0.1360524 -0.06251132 -0.6817342 -0.1247146 -0.06251132 -0.7040157 -0.1104543 -0.06251132 -0.7073169 -0.08155322 -0.06251132 -0.7100372 -0.05320239 -0.06251132 -0.9072244 0.1435563 -0.06251132 -0.899782 0.1757441 -0.06251132 -0.8905695 0.2013235 -0.06251132 -0.9172397 0.286605 -0.06251132 -0.9381063 0.3122411 -0.06251132 -0.9758519 0.3022016 -0.06251132 -0.996351 0.3182443 -0.06251132 -1.043588 0.283485 -0.06251132 -1.08013 0.2629859 -0.06251132 -1.093945 0.2425239 -0.06251132 -1.105362 0.2062048 -0.06251132 -1.116528 0.1876636 -0.06251132 -1.126351 0.1675729 -0.06251132 -1.135421 0.1367563 -0.06251132 -1.144288 0.0701819 -0.06251132 -1.142769 0.03822076 -0.06251132 -1.15398 0.003151774 -0.06251132 -1.148817 -0.1470134 -0.06251132 -1.142518 -0.1666041 -0.06251132 -1.140736 -0.2084935 -0.06251132 -1.117741 -0.2454443 -0.06251132 -1.073657 -0.2710539 -0.06251132 -1.017741 -0.2958376 -0.06251132 -0.9455488 -0.2940551 -0.06251132 -0.9138458 -0.2701367 -0.06251132 -0.8959599 -0.2500821 -0.06251132 -0.8729107 -0.2232482 -0.06251132 -0.8442091 -0.1732947 -0.06251132 -0.824674 -0.1115465 -0.06251132 -0.8225541 -0.06054347 -0.06251132 -0.8296843 0.0366044 -0.06251132 -0.8617699 0.05264723 -0.06251132 -0.8902904 0.04729962 -0.06251132 -0.9205934 0.0366044 -0.06251132 -0.9918946 -0.01241517 -0.06251132 -1.03905 -0.0674389 -0.06251132 -1.024109 -0.07854378 -0.06251132 -0.9900633 -0.08974552 -0.06251132 -0.9380776 -0.07193189 -0.06251132 -0.9205934 -0.1425399 -0.06251132 -0.9241585 -0.203146 -0.06251132 -0.9834578 -0.1912152 -0.06251132 -1.020882 -0.1814153 -0.06251132 -1.051609 -0.1755167 -0.06251132 -1.100629 -0.1443225 -0.06251132 -1.089934 -0.102433 -0.06251132 -1.090553 -0.07963556 -0.06251132 -1.073516 6.90788e-4 -0.06251132 -1.071597 0.03773552 -0.06251132 -1.057085 0.06584906 -0.06251132 -1.042251 0.1212747 -0.06251132 -1.017741 0.1756418 -0.06251132 -1.000807 0.186337 -0.06251132 -0.9758519 0.2068362 -0.06251132 -0.969613 0.1783156 -0.06251132 -0.9678304 0.156034 -0.06251132 -0.9553528 0.09542793 -0.06251132 -0.9321798 0.07760262 -0.06251132 -0.909007 0.1061231 -0.06251132 -1.192769 0.2208206 -0.06251132 -1.204262 0.2542759 -0.06251132 -1.241449 0.2772461 -0.06251132 -1.328793 0.283485 -0.06251132 -1.408116 0.2692247 -0.06251132 -1.446268 0.2572101 -0.06251132 -1.477628 0.2529112 -0.06251132 -1.500747 0.2336066 -0.06251132 -1.511265 0.2228593 -0.06251132 -1.53824 0.2166401 -0.06251132 -1.547747 0.1771273 -0.06251132 -1.518022 0.1488426 -0.06251132 -1.496351 0.1399912 -0.06251132 -1.456206 0.1492441 -0.06251132 -1.468302 0.1180941 -0.06251132 -1.475233 0.08380025 -0.06251132 -1.485368 0.05469655 -0.06251132 -1.491003 0.02902865 -0.06251132 -1.514881 0.018072 -0.06251132 -1.523089 -0.002611219 -0.06251132 -1.540023 -0.02578413 -0.06251132 -1.525763 -0.0569784 -0.06251132 -1.493941 -0.07327979 -0.06251132 -1.482362 -0.1151479 -0.06251132 -1.481191 -0.136389 -0.06251132 -1.479747 -0.1806333 -0.06251132 -1.483345 -0.248811 -0.06251132 -1.471799 -0.2770653 -0.06251132 -1.458966 -0.3019385 -0.06251132 -1.430306 -0.2895717 -0.06251132 -1.399832 -0.2430729 -0.06251132 -1.38862 -0.2276728 -0.06251132 -1.391266 -0.1892866 -0.06251132 -1.392794 -0.1157973 -0.06251132 -1.397154 -0.06623208 -0.06251132 -1.328295 -0.01482605 -0.06251132 -1.297054 0.01693058 -0.06251132 -1.268802 0.05250912 -0.06251132 -1.231729 0.08501195 -0.06251132 -1.20781 0.1329209 -0.06251132 -1.191985 0.1841723 -0.06251132 -1.273535 0.1150358 -0.06251132 -1.299491 0.09175318 -0.06251132 -1.368009 0.04640835 -0.06251132 -1.396084 0.03437626 -0.06251132 -1.399032 0.1016297 -0.06251132 -1.40306 0.1364741 -0.06251132 -1.39341 0.1689574 -0.06251132 -1.363552 0.1720768 -0.06251132 -1.339507 0.1798475 -0.06251132 -1.299381 0.1774244 -0.06251132 -1.278397 0.1654343 -0.06251132 -1.260165 0.1364262 -0.06251132 -1.580561 0.05380165 -0.06251132 -1.586789 0.0787183 -0.06251132 -1.597546 0.09683495 -0.06251132 -1.616671 0.1129773 -0.06251132 -1.624652 0.1591869 -0.06251132 -1.641637 0.172419 -0.06251132 -1.671388 0.2105925 -0.06251132 -1.69178 0.2264662 -0.06251132 -1.727189 0.2442693 -0.06251132 -1.750678 0.2552474 -0.06251132 -1.789577 0.2415955 -0.06251132 -1.790914 0.221542 -0.06251132 -1.805751 0.1953924 -0.06251132 -1.830195 0.178565 -0.06251132 -1.842559 0.1682494 -0.06251132 -1.85756 0.145614 -0.06251132 -1.868751 0.1248036 -0.06251132 -1.886725 0.07225507 -0.06251132 -1.892002 0.05116605 -0.06251132 -1.910789 -0.005285024 -0.06251132 -1.910789 -0.05519586 -0.06251132 -1.915213 -0.08993893 -0.06251132 -1.910912 -0.1228387 -0.06251132 -1.908936 -0.1442585 -0.06251132 -1.903449 -0.1652919 -0.06251132 -1.893855 -0.1906682 -0.06251132 -1.872749 -0.2221866 -0.06251132 -1.854847 -0.2364065 -0.06251132 -1.80562 -0.2463724 -0.06251132 -1.781556 -0.2405791 -0.06251132 -1.761948 -0.2361228 -0.06251132 -1.70498 -0.1913023 -0.06251132 -1.692151 -0.1807351 -0.06251132 -1.674404 -0.1622409 -0.06251132 -1.641762 -0.1231734 -0.06251132 -1.626313 -0.09134852 -0.06251132 -1.610106 -0.06134837 -0.06251132 -1.580742 0.02228313 -0.06251132 -1.674293 -0.01116186 -0.06251132 -1.691898 -0.04815101 -0.06251132 -1.703125 -0.07034742 -0.06251132 -1.717385 -0.09352028 -0.06251132 -1.733232 -0.1043448 -0.06251132 -1.76272 -0.1199241 -0.06251132 -1.793142 -0.1313991 -0.06251132 -1.826565 -0.1291709 -0.06251132 -1.866226 -0.09084653 -0.06251132 -1.860878 -0.06856489 -0.06251132 -1.846618 -0.03558802 -0.06251132 -1.837679 0.007840454 -0.06251132 -1.827902 0.04016947 -0.06251132 -1.799827 0.10746 -0.06251132 -1.774029 0.1298229 -0.06251132 -1.763731 0.1533602 -0.06251132 -1.73521 0.1515777 -0.06251132 -1.704111 0.1162346 -0.06251132 -1.688864 0.098993 -0.06251132 -1.675286 0.07563918 -0.06251132 -1.663083 0.04608237 -0.06251132 -1.954664 -0.1778535 -0.06251132 -1.956616 -0.1597868 -0.06251132 -1.993961 -0.1461411 -0.06251132 -2.02315 -0.1358255 -0.06251132 -2.075674 -0.1398661 -0.06251132 -2.104759 -0.1540022 -0.06251132 -2.132472 -0.1647832 -0.06251132 -2.157224 -0.1808643 -0.06251132 -2.16872 0.09591072 -0.06251132 -2.164885 0.1433149 -0.06251132 -2.161235 0.239813 -0.06251132 -2.172535 0.2640601 -0.06251132 -2.191783 0.2896639 -0.06251132 -2.217385 0.2825937 -0.06251132 -2.232896 0.2575373 -0.06251132 -2.247001 0.2280986 -0.06251132 -2.254586 0.09141337 -0.06251132 -2.255709 -0.0141977 -0.06251132 -2.241379 -0.06199693 -0.06251132 -2.234319 -0.08728146 -0.06251132 -2.230968 -0.1195145 -0.06251132 -2.23085 -0.1583991 -0.06251132 -2.245014 -0.198244 -0.06251132 -2.245712 -0.2393382 -0.06251132 -2.229862 -0.2775667 -0.06251132 -2.193618 -0.2765269 -0.06251132 -2.171633 -0.3062357 -0.06251132 -2.140125 -0.3006364 -0.06251132 -2.112982 -0.2881976 -0.06251132 -2.087031 -0.268788 -0.06251132 -2.055335 -0.2471339 -0.06251132 -1.988329 -0.2058197 -0.06251132 -2.365434 0.1650787 -0.06251132 -2.364626 0.1914873 -0.06251132 -2.361047 0.2178756 -0.06251132 -2.372909 0.2657448 -0.06251132 -2.380478 0.2828382 -0.06251132 -2.391181 0.3093317 -0.06251132 -2.412572 0.3244832 -0.06251132 -2.445994 0.3182443 -0.06251132 -2.484633 0.31242 -0.06251132 -2.522488 0.2918804 -0.06251132 -2.539561 0.2804073 -0.06251132 -2.566654 0.251223 -0.06251132 -2.581021 0.2139663 -0.06251132 -2.588712 0.1875787 -0.06251132 -2.602634 0.1295436 -0.06251132 -2.606112 0.1003119 -0.06251132 -2.604059 0.06553298 -0.06251132 -2.608465 0.01066493 -0.06251132 -2.604411 -0.01497757 -0.06251132 -2.582505 -0.03909063 -0.06251132 -2.560355 -0.05931037 -0.06251132 -2.547153 -0.07658624 -0.06251132 -2.5138 -0.09400373 -0.06251132 -2.473861 -0.1002056 -0.06251132 -2.443109 -0.09509098 -0.06251132 -2.41116 -0.0864734 -0.06251132 -2.380823 -0.0758776 -0.06251132 -2.376546 -0.1097343 -0.06251132 -2.387895 -0.1403117 -0.06251132 -2.395786 -0.1529865 -0.06251132 -2.423352 -0.17706 -0.06251132 -2.476824 -0.1948275 -0.06251132 -2.516134 -0.1959808 -0.06251132 -2.545979 -0.1913614 -0.06251132 -2.570326 -0.1648216 -0.06251132 -2.58726 -0.1247146 -0.06251132 -2.60152 -0.1073349 -0.06251132 -2.623513 -0.1406109 -0.06251132 -2.623499 -0.1717901 -0.06251132 -2.616136 -0.1916524 -0.06251132 -2.564115 -0.2779287 -0.06251132 -2.545523 -0.2946346 -0.06251132 -2.504154 -0.3104178 -0.06251132 -2.445108 -0.3022562 -0.06251132 -2.412378 -0.2948783 -0.06251132 -2.386585 -0.2729212 -0.06251132 -2.359874 -0.2550944 -0.06251132 -2.337409 -0.2269585 -0.06251132 -2.308558 -0.1561399 -0.06251132 -2.304797 -0.1350921 -0.06251132 -2.30385 -0.1001893 -0.06251132 -2.294549 -0.0332067 -0.06251132 -2.296121 -0.005656361 -0.06251132 -2.309788 0.01917213 -0.06251132 -2.346781 0.04188412 -0.06251132 -2.375344 0.0488311 -0.06251132 -2.40031 0.03900927 -0.06251132 -2.447162 0.02235966 -0.06251132 -2.483439 0.01795452 -0.06251132 -2.511502 0.02234417 -0.06251132 -2.542003 0.04046899 -0.06251132 -2.53824 0.07492882 -0.06251132 -2.533744 0.1052348 -0.06251132 -2.51583 0.1395153 -0.06251132 -2.502292 0.1689003 -0.06251132 -2.477086 0.1925635 -0.06251132 -2.458918 0.2041624 -0.06251132 -2.434408 0.199706 -0.06251132 -2.434208 0.1601801 -0.06251132 -2.429439 0.1218816 -0.06251132 -2.402478 0.1048426 -0.06251132 -2.378737 0.1218948 -0.06251132</float_array>
          <technique_common>
            <accessor source="#s_slopgear_sign-mesh-positions-array" count="1614" stride="3">
              <param name="X" type="float"/>
              <param name="Y" type="float"/>
              <param name="Z" type="float"/>
            </accessor>
          </technique_common>
        </source>
        <source id="s_slopgear_sign-mesh-normals">
          <float_array id="s_slopgear_sign-mesh-normals-array" count="5469">0 0 1 -0.2525736 0.9675777 0 -0.2112264 0.9774373 0 -0.2525716 0.9675782 0 -0.9966686 0.08155846 0 -0.999324 -0.03676533 0 -0.9966688 0.08155733 0 -0.9921142 -0.1253377 0 -0.9934097 0.1146174 0 -0.9921154 -0.1253283 0 0.990596 0.13682 0 0.9547119 0.2975322 0 0.9905957 0.136822 0 -0.999324 -0.03676307 0 -0.9987019 -0.0509389 0 -0.1133103 -0.9935597 0 0.1785714 -0.9839271 0 -0.113322 -0.9935584 0 0.8164349 -0.5774375 0 0.9155363 -0.4022353 0 0.8164342 -0.5774387 0 -0.992968 0.1183834 0 -0.9941874 -0.1076636 0 -0.992968 0.1183836 0 0.4477994 -0.8941342 0 0.3641391 -0.9313446 0 0.4477996 -0.8941341 0 0.2171531 0.9761376 0 0.3692454 0.9293319 0 0.2171525 0.9761377 0 0.4328314 -0.9014749 0 0.3671972 -0.9301432 0 0.432828 -0.9014766 0 -0.476601 0.8791198 0 -0.3144317 0.9492801 0 -0.4765985 0.8791211 0 -0.5713356 -0.8207166 0 -0.435527 -0.9001757 0 -0.5713343 -0.8207176 0 0.381225 0.9244824 0 -0.1093569 0.9940026 0 0.3812094 0.9244888 0 -0.548623 -0.8360699 0 -0.548623 -0.83607 0 0.3881465 -0.9215977 0 0.1571315 -0.9875777 0 0.3881511 -0.9215958 0 -0.4535924 0.8912093 0 -0.6685565 0.7436614 0 -0.4535925 0.8912093 0 -0.8505129 0.5259543 0 -0.9483357 0.3172689 0 0.5614354 -0.8275206 0 0.9689185 -0.24738 0 0.9937992 -0.1111904 0 0.9689178 -0.2473832 0 0.7125153 0.7016566 0 0.7653785 0.6435804 0 0.7125158 0.7016561 0 0.8858437 0.4639837 0 0.9605091 0.2782485 0 0.885844 0.4639832 0 0.3072609 0.9516254 0 -0.05325704 0.9985809 0 0.3072655 0.9516239 0 0.8370001 -0.5472027 0 0.9035837 -0.4284119 0 0.8370017 -0.5472003 0 0.4938454 -0.8695498 0 0.3570321 -0.9340922 0 0.4938446 -0.8695502 0 -0.8479973 0.5300007 0 -0.7654033 0.643551 0 -0.8479973 0.5300007 0 -0.4170756 0.9088718 0 -0.3129293 0.9497765 0 -0.4170734 0.9088729 0 0.06070834 -0.9981556 0 0.3696947 -0.9291534 0 0.06071478 -0.9981552 0 -0.1834968 0.9830204 0 -0.1663025 0.9860748 0 -0.1834968 0.9830204 0 0.4414242 0.8972986 0 0.09359884 0.99561 0 0.4414153 0.8973029 0 -0.9315761 -0.3635464 0 -0.786836 -0.6171622 0 -0.9315766 -0.3635451 0 -0.1853612 0.9826706 0 -0.121576 0.9925822 0 -0.1853549 0.9826717 0 0.7799962 0.6257843 0 0.5865128 0.80994 0 0.7799941 0.6257869 0 0.9592511 -0.2825555 0 0.9997735 -0.02128863 0 0.9592504 -0.2825574 0 -0.4086002 -0.9127136 0 1.06332e-4 -1 0 -0.4085955 -0.9127157 0 -0.9990813 0.04285681 0 -0.9987582 0.04982 0 -0.9990811 0.04286122 0 -0.5278137 -0.8493602 0 -0.8801379 -0.474718 0 -0.527827 -0.849352 0 0.8164345 -0.5774381 0 0.9155353 -0.4022378 0 0.8164331 -0.5774402 0 -0.5926814 0.805437 0 -0.5419943 0.8403822 0 -0.9609887 0.2765879 0 -0.968265 0.2499258 0 -0.9609882 0.2765892 0 0.2210427 0.9752642 0 0.369244 0.9293326 0 0.2210422 0.9752643 0 0.5854989 -0.8106732 0 0.634746 -0.7727209 0 0.585505 -0.8106688 0 0.9482126 0.3176365 0 0.993541 0.1134742 0 0.9482126 0.3176366 0 0.2068292 -0.9783772 0 0.1257902 -0.9920569 0 0.2068347 -0.978376 0 0.4472095 0.8944293 0 0.1386948 0.9903352 0 0.447206 0.894431 0 0.9981523 -0.06076306 0 0.9981523 -0.06076258 0 0.9981524 -0.06076157 0 0.996845 0.07937449 0 0.9962317 -0.0867322 0 0.996845 0.07937377 0 0.9958678 -0.09081506 0 0.9915128 -0.1300092 0 0.9958682 -0.09081208 0 -0.6786693 0.7344441 0 -0.48938 0.8720707 0 -0.6786754 0.7344384 0 -0.9638181 -0.2665612 0 -0.9868366 -0.1617214 0 -0.9638198 -0.266555 0 0.949937 0.3124418 0 0.8998249 0.4362514 0 0.9499376 0.3124397 0 -0.7227146 -0.6911467 0 -0.4559291 -0.8900161 0 -0.7227087 -0.6911529 0 0.7630439 0.6463469 0 0.8676289 0.4972122 0 0.7630372 0.6463546 0 -0.9704134 0.2414497 0 -0.9726388 0.2323231 0 -0.9704135 0.2414495 0 0.9145151 -0.4045518 0 0.9852932 -0.1708725 0 0.9145148 -0.4045524 0 -0.9589896 0.2834416 0 -0.9601565 0.2794633 0 -0.9589887 0.2834445 0 -0.9385848 -0.3450489 0 -0.9326857 -0.3606901 0 -0.9385848 -0.3450489 0 0.4470601 -0.894504 0 0.602689 -0.7979763 0 0.4470657 -0.8945012 0 -0.4218692 -0.9066567 0 0.01824223 -0.9998337 0 -0.4218634 -0.9066595 0 -0.4817721 0.8762966 0 -0.7287539 0.6847758 0 -0.4817721 0.8762966 0 -0.6176679 0.7864391 0 -0.8497196 0.527235 0 -0.6176713 0.7864364 0 0.9209029 0.3897922 0 0.7843028 0.6203783 0 0.9209032 0.3897915 0 -0.3843517 0.9231868 0 -0.2873482 0.9578263 0 -0.3843497 0.9231876 0 -0.08254534 0.9965873 0 -0.1707798 0.9853093 0 0.8998247 0.4362517 0 0.9650034 0.2622374 0 -0.8266603 -0.5627015 0 -0.689815 -0.7239857 0 -0.8266653 -0.5626941 0 0.7653805 0.6435781 0 0.7486792 0.6629325 0 -0.9330362 0.3597827 0 -0.9545248 0.2981316 0 -0.9330357 0.359784 0 0.9788058 -0.2047904 0 0.9658606 -0.2590624 0 0.9788059 -0.2047904 0 0.7113523 0.7028357 0 0.6930043 0.7209336 0 0.7113524 0.7028356 0 -0.05466657 -0.9985047 0 -0.05466651 -0.9985047 0 -0.05466645 -0.9985047 0 -0.9226291 0.3856887 0 -0.9657696 0.2594016 0 -0.9226286 0.3856897 0 0.9997981 0.02009171 0 0.998098 -0.06164836 0 0.9997982 0.02009451 0 0.9571719 -0.2895205 0 0.9999826 -0.005901515 0 0.9571723 -0.2895192 0 0.3432559 -0.939242 0 0.493844 -0.8695505 0 0.3432592 -0.9392408 0 -0.9966686 0.08155924 0 -0.999324 -0.0367648 0 -0.9966686 0.08155846 0 0.9326868 -0.3606875 0 0.9419127 -0.3358582 0 0.9326861 -0.3606892 0 -0.938758 -0.3445776 0 -0.8561141 -0.5167869 0 -0.9993241 -0.03676265 0 -0.9987018 -0.05093944 0 0.2231895 0.9747751 0 0.2231888 0.9747753 0 -0.9572129 0.2893848 0 -0.9826195 0.1856318 0 -0.9572154 0.2893763 0 0.9822657 0.1874946 0 0.8858447 0.4639822 0 0.9822662 0.1874921 0 -0.9987018 -0.05093872 0 -0.9982452 -0.05921602 0 0.6830059 0.7304129 0 0.716117 0.6979803 0 0.6830049 0.7304139 0 0.9390806 -0.3436972 0 0.970164 -0.24245 0 0.9390854 -0.3436841 0 0.9547115 0.2975333 0 0.9028102 0.4300393 0 -0.7651464 -0.6438565 0 -0.7603763 -0.6494829 0 -0.7651479 -0.6438545 0 -0.9826207 0.1856248 0 -0.9428556 0.3332017 0 -0.9704129 0.241452 0 -0.9790785 0.2034827 0 -0.970413 0.2414513 0 0.108039 0.9941467 0 0.1080393 0.9941467 0 0.1080394 0.9941467 0 0.977737 -0.2098345 0 0.9852957 -0.1708577 0 0.9777376 -0.2098313 0 0.6920772 -0.7218235 0 0.9616239 -0.2743713 0 0.9716805 -0.2362989 0 0.9616243 -0.2743699 0 -0.9433551 -0.3317852 0 -0.81299 -0.5822778 0 -0.9433555 -0.3317837 0 0.8098634 0.5866186 0 0.7692424 0.6389571 0 0.8098673 0.5866133 0 0.9915128 -0.1300093 0 0.9653186 -0.2610746 0 0.9915126 -0.1300104 0 -0.8783532 0.4780125 0 -0.9321509 0.3620703 0 -0.8783543 0.4780105 0 0.932687 -0.3606871 0 0.9419115 -0.3358614 0 0.9326862 -0.3606893 0 0.9849061 -0.1730896 0 0.9998743 0.01586061 0 0.984905 -0.173096 0 -0.9321494 0.3620741 0 -0.9781702 0.2078058 0 0.2253744 0.9742723 0 0.2253741 0.9742723 0 0.9836992 0.1798221 0 0.9776474 0.2102515 0 0.983699 0.1798229 0 -0.9900146 -0.1409651 0 -0.8477525 -0.5303922 0 -0.9900143 -0.140967 0 -0.932191 0.361967 0 -0.9596883 0.2810668 0 -0.9321893 0.3619713 0 -0.9901864 0.1397532 0 -0.9995462 0.03012263 0 -0.990188 0.139742 0 0.9958683 -0.09081012 0 0.9958682 -0.09081119 0 0.998528 0.0542404 0 0.9961538 0.08762222 0 0.998528 0.05423957 0 0.9649997 0.2622512 0 0.9822649 0.1874982 0 0.965003 0.2622388 0 -0.6394987 0.7687922 0 -0.7071074 0.7071062 0 -0.6394959 0.7687947 0 0.9965821 -0.08260834 0 0.9985392 0.05403238 0 0.9965825 -0.08260422 0 0.9818656 -0.1895786 0 0.9772113 -0.212269 0 0.9998743 0.01586145 0 0.9973174 0.07319802 0 0.8113451 -0.5845676 0 0.6139166 -0.7893709 0 0.8113453 -0.5845673 0 0.4238909 -0.9057133 0 0.3636536 -0.9315342 0 0.4238916 -0.905713 0 0.5426756 -0.8399423 0 0.5426737 -0.8399437 0 0.5426726 -0.8399443 0 0.9937985 -0.1111963 0 0.9937988 -0.111194 0 0.2125 -0.9771611 0 0.2952706 -0.9554137 0 0.2124992 -0.9771612 0 0.5784622 -0.8157092 0 0.6171689 -0.7868308 0 0.5784637 -0.8157081 0 0.9155387 -0.4022299 0 0.9937649 0.1114967 0 0.9977122 -0.06760531 0 0.9937648 0.1114967 0 0.9915128 -0.1300095 0 0.9653196 -0.2610712 0 0.9915121 -0.1300148 0 -0.9957721 -0.0918585 0 -0.9982745 0.05872237 0 -0.9957715 -0.09186565 0 0.8273172 0.5617352 0 0.5451308 0.8383511 0 0.8273069 0.5617504 0 0.9849056 -0.1730927 0 0.9998743 0.01585996 0 0.9849045 -0.1730993 0 -0.4731696 0.8809714 0 -0.6792514 0.7339057 0 -0.4731692 0.8809717 0 0.9555858 -0.2947129 0 0.9991969 -0.04007011 0 0.9555844 -0.2947177 0 -0.7449166 0.6671577 0 -0.8580543 0.5135591 0 -0.7449253 0.6671479 0 -0.3843553 0.9231853 0 -0.2873481 0.9578263 0 -0.3843507 0.9231873 0 -0.9912163 -0.1322518 0 -0.9855645 -0.1693008 0 -0.9912162 -0.1322523 0 -0.9985795 -0.05328363 0 -0.9857104 0.1684488 0 -0.9985798 -0.0532779 0 -0.9261699 0.3771066 0 -0.9957845 0.09172505 0 -0.9261744 0.3770956 0 0.1972451 0.9803543 0 0.2253739 0.9742724 0 0.1972443 0.9803544 0 -0.4560751 0.8899413 0 -0.5447979 0.8385674 0 -0.4560804 0.8899387 0 0.6432111 -0.7656889 0 0.5090449 -0.86074 0 0.6432101 -0.7656898 0 -0.7274311 0.6861808 0 -0.8398566 0.5428083 0 -0.7274311 0.6861808 0 0.5106495 -0.859789 0 0.5816586 -0.8134331 0 0.510653 -0.8597871 0 0.9547711 0.2973423 0 0.9028103 0.4300391 0 0.954771 0.2973423 0 0.1449284 -0.9894422 0 0.1449284 -0.9894422 0 -0.9992654 -0.03832435 0 -0.9016876 -0.4323884 0 -0.9992656 -0.0383197 0 -0.9995465 0.03011566 0 -0.9708502 0.2396875 0 0.9103906 -0.4137501 0 0.8168371 -0.5768686 0 0.910387 -0.4137579 0 0.2952709 -0.9554136 0 0.3297362 -0.9440732 0 0.9960499 0.08879601 0 0.9960492 0.08880275 0 0.6505738 -0.7594431 0 0.6505738 -0.7594431 0 0.6505747 -0.7594424 0 -0.9987582 0.04982048 0 -0.9969498 -0.07804608 0 -0.9941879 -0.1076596 0 -0.8206555 -0.5714233 0 0.9812323 -0.1928298 0 0.9768632 -0.2138655 0 0.9812334 -0.1928243 0 0.1061655 -0.9943485 0 0.5393977 -0.8420513 0 0.106173 -0.9943477 0 -0.1894355 0.9818932 0 -0.2178207 0.9759888 0 -0.1894288 0.9818945 0 0.6403939 -0.7680466 0 0.4332295 -0.9012837 0 0.6403939 -0.7680466 0 -0.9990996 0.04242569 0 -0.9914383 0.1305762 0 -0.9990996 0.04242688 0 -0.1093564 0.9940027 0 -0.2096214 0.9777827 0 -0.6685884 -0.7436327 0 -0.932453 -0.3612916 0 -0.668601 -0.7436214 0 0.6775416 -0.7354846 0 0.7524787 -0.6586166 0 0.6775466 -0.7354799 0 -0.9995631 0.02955996 0 -0.9244012 0.3814218 0 -0.9995631 0.02955889 0 0.3834475 -0.9235627 0 0.3834475 -0.9235628 0 -0.8561193 -0.5167785 0 -0.7422409 -0.6701333 0 -0.9990813 0.04285764 0 -0.9987582 0.04982048 0 -0.9990811 0.04285949 0 0.9968822 -0.07890552 0 0.9995452 -0.03016078 0 0.996882 -0.07890719 0 -0.9885634 0.1508067 0 -0.9930132 0.1180031 0 -0.9885633 0.1508067 0 -0.2433774 0.9699317 0 -0.2290389 0.9734173 0 -0.2433775 0.9699317 0 -0.3513109 0.936259 0 -0.3480854 0.9374629 0 -0.3513089 0.9362597 0 0.9028098 0.4300402 0 0.9650033 0.2622377 0 0.5659974 -0.8244071 0 0.785396 -0.6189937 0 0.5659956 -0.8244083 0 0.5074079 -0.861706 0 0.5062341 -0.8623962 0 0.5074037 -0.8617085 0 0.9821273 -0.1882186 0 0.9657723 -0.2593919 0 -0.8629565 -0.5052785 0 -0.646914 -0.7625632 0 -0.8629564 -0.5052785 0 -0.8783491 0.4780199 0 -0.9321479 0.3620777 0 -0.8783502 0.4780178 0 0.8247997 0.5654253 0 0.8248005 0.565424 0 -0.8471232 0.5313968 0 -0.727975 0.6856037 0 -0.8471265 0.5313915 0 0.9822655 0.1874957 0 -0.9321463 0.3620821 0 -0.9781705 0.2078041 0 0.998098 -0.06164908 0 0.9961078 -0.08814328 0 0.3647756 -0.9310955 0 0.4985292 -0.8668729 0 0.3647813 -0.9310932 0 -0.9900141 -0.1409685 0 -0.8477529 -0.5303916 0 -0.9900142 -0.1409684 0 -0.731261 -0.6820977 0 -0.7083231 -0.7058885 0 -0.731261 -0.6820979 0 -0.9387595 -0.3445731 0 -0.8374908 -0.5464514 0 0.9958692 -0.09079998 0 0.9958683 -0.09080904 0 -0.04896914 -0.9988004 0 0.03195023 -0.9994895 0 -0.04897427 -0.9988 0 0.9999825 -0.005908071 0 0.8796322 0.4756544 0 -0.6685613 0.7436571 0 -0.7593095 0.6507298 0 0.9657724 -0.2593911 0 0.9442667 -0.3291815 0 -0.9781702 0.2078053 0 -0.9990987 0.0424478 0 0.9938 -0.1111829 0 -0.8374974 -0.5464414 0 -0.6935102 -0.7204468 0 -0.9914374 0.1305835 0 -0.9903343 0.1387013 0 -0.9914369 0.1305868 0 0.9155378 -0.4022319 0 0.9460853 -0.3239177 0 0.9460853 -0.3239177 0 -0.880132 -0.4747291 0 -0.9673594 -0.2534083 0 -0.9957722 -0.09185773 0 -0.9982745 0.05872231 0 -0.9957714 -0.09186655 0 -0.02835047 -0.999598 0 0.3043542 -0.9525589 0 -0.02835941 -0.9995978 0 0.7568581 -0.6535793 0 0.9304327 -0.3664627 0 0.7568635 -0.6535732 0 -0.4544401 -0.8907773 0 -0.1950106 -0.9808012 0 -0.454442 -0.8907763 0 -0.2375924 0.971365 0 -0.2321603 0.9726777 0 -0.2375924 0.971365 0 -0.7940494 -0.6078532 0 -0.7940494 -0.6078533 0 0.6407592 0.7677419 0 0.6407576 0.7677433 0 -0.05326098 0.9985806 0 -0.2391349 0.9709864 0 -0.2321603 0.9726776 0 -0.307478 0.9515552 0 0.9776476 0.2102504 0 0.9531749 0.3024197 0 0.9990408 0.04379194 0 0.9990407 0.04379194 0 -0.1144349 -0.9934308 0 -0.1144419 -0.99343 0 0.9605071 0.2782557 0 0.9678698 0.2514519 0 -0.8754483 0.4833118 0 -0.8073914 0.5900163 0 -0.8754485 0.4833115 0 -0.9484059 0.317059 0 -0.8765956 0.4812279 0 -0.9484059 0.3170592 0 0.9981197 0.06129693 0 0.9775114 0.210883 0 0.9981196 0.06129693 0 -0.9871265 0.1599413 0 -0.9979955 0.06328654 0 -0.9871252 0.1599501 0 -0.9155046 -0.4023076 0 -0.7555671 -0.6550713 0 -0.9155063 -0.4023036 0 -0.9977487 -0.06706321 0 -0.9977487 -0.06706309 0 -0.2661973 0.9639186 0 -0.5995875 0.8003093 0 -0.2662008 0.9639177 0 0.7048868 0.7093198 0 0.7048864 0.7093202 0 -0.9781709 0.2078022 0 -0.999099 0.04244202 0 0.9998077 -0.01960903 0 0.9982442 -0.059233 0 0.9998078 -0.01960599 0 0.9983083 -0.05814343 0 0.9970762 -0.07641547 0 0.9983083 -0.05814278 0 -0.9914383 0.1305761 0 -0.9905591 0.1370869 0 -0.9914379 0.1305794 0 -0.9994544 0.03302901 0 -0.9901706 -0.1398652 0 -0.9994544 0.03302878 0 0.9531752 0.3024187 0 0.8274297 0.5615693 0 -0.7253877 0.6883406 0 -0.7254033 0.6883241 0 0.5833569 -0.8122159 0 0.6389982 -0.7692083 0 0.5833557 -0.8122168 0 0.8498008 -0.527104 0 0.8001939 -0.5997415 0 0.8498009 -0.527104 0 0.8577142 0.5141268 0 0.7070331 0.7071805 0 0.8577115 0.5141313 0 -0.9839756 0.1783034 0 -0.9823759 -0.186916 0 -0.983974 0.1783121 0 -0.9682649 0.249926 0 -0.9519187 0.306351 0 -0.7507414 -0.6605963 0 -0.7499307 -0.6615165 0 -0.7507399 -0.660598 0 -0.9995586 0.02971333 0 -0.999944 0.01058751 0 -0.9995583 0.02972131 0 -0.9677755 -0.2518145 0 -0.9677756 -0.2518145 0 -0.9601578 0.2794584 0 0.999181 -0.0404635 0 0.9610276 0.2764527 0 0.9991806 -0.04047369 0 -0.51794 0.8554171 0 -0.4188489 0.908056 0 0.4305079 -0.9025868 0 0.6270907 -0.7789464 0 0.4305071 -0.9025872 0 0.6238787 0.7815213 0 0.6238818 0.7815188 0 0.4715181 0.8818564 0 0.841401 0.5404114 0 0.4715268 0.8818518 0 0.9775106 0.2108865 0 0.9982441 -0.05923545 0 0.9802337 0.197843 0 -0.1741707 0.9847156 0 0.06207519 0.9980716 0 -0.1741749 0.9847148 0 0.9772114 -0.2122689 0 0.9718948 -0.2354155 0 -0.6496438 0.7602387 0 -0.848233 0.5296235 0 -0.6496558 0.7602285 0 0.9596504 -0.2811958 0 0.9995083 -0.03135967 0 0.95965 -0.2811973 0 0.418137 0.9083841 0 -0.0591045 0.9982519 0 0.4181375 0.9083838 0 7.15081e-4 0.9999998 0 -0.253489 0.9673383 0 7.11102e-4 0.9999998 0 -0.4636544 -0.8860161 0 -0.3853699 -0.9227622 0 -0.4636539 -0.8860164 0 0.9945246 0.1045035 0 0.9659062 -0.2588925 0 0.9945246 0.1045031 0 -0.2534876 0.9673388 0 -0.6111143 -0.7915424 0 -0.6111136 -0.7915429 0 0.8762426 0.4818701 0 0.655861 0.7548817 0 0.8762368 0.4818807 0 0.7692483 0.63895 0 0.5271482 0.8497734 0 -0.8497204 0.5272337 0 -0.928521 0.3712801 0 0.006137669 -0.9999812 0 0.3241605 -0.9460022 0 0.006131708 -0.9999813 0 0.3718819 -0.9282801 0 0.4551109 -0.8904348 0 0.3718781 -0.9282816 0 0.9903483 -0.1386008 0 0.9845282 0.1752269 0 0.9903473 -0.1386084 0 0.610193 -0.7922528 0 0.7211617 -0.6927669 0 0.6101964 -0.7922503 0 -0.7287562 0.6847733 0 0.9281948 -0.3720946 0 0.9281938 -0.3720973 0 0.578462 -0.8157094 0 0.5784651 -0.8157072 0 -0.2856694 -0.9583283 0 -0.6921088 -0.7217933 0 -0.285674 -0.9583269 0 0.3641375 -0.9313452 0 0.996232 -0.08672851 0 0.9585891 -0.2847928 0 -0.999104 -0.04232203 0 -0.9991044 -0.04231297 0 0.7241066 -0.6896881 0 0.7918136 -0.6107628 0 0.7241104 -0.6896842 0 -0.1946814 0.9808666 0 0.9942147 0.1074116 0 0.9942138 0.10742 0 0.9942135 0.1074223 0 0.6574505 -0.7534978 0 0.7490506 -0.6625128 0 0.6574499 -0.7534984 0 0.9991968 -0.04007077 0 0.8976327 0.4407446 0 0.6434689 -0.7654722 0 0.8226624 -0.5685303 0 0.6434651 -0.7654756 0 -0.9007919 0.4342511 0 -0.9117304 0.4107891 0 -0.9007923 0.4342504 0 0.9977333 0.0672931 0 0.9005089 0.4348375 0 0.9977334 0.0672931 0 0.3961923 -0.9181676 0 0.3961904 -0.9181685 0 0.990575 -0.1369715 0 0.9905755 -0.136968 0 -0.8665663 0.4990622 0 -0.947689 0.3191953 0 -0.8665672 0.4990605 0 0.7069019 0.7073118 0 0.5342866 0.8453035 0 0.7069036 0.70731 0 -0.9781694 0.2078093 0 -0.9781687 0.2078127 0 0.9005089 0.4348376 0 0.1749706 -0.9845737 0 0.2981855 -0.954508 0 0.1749688 -0.984574 0 0.9928565 0.1193159 0 0.9247574 0.3805572 0 0.9928561 0.1193183 0 0.9326862 -0.360689 0 0.9419118 -0.3358603 0 0.9326882 -0.3606839 0 -0.9950966 -0.09890913 0 -0.9496137 0.3134227 0 -0.995096 -0.09891444 0 0.9915127 -0.1300102 0 0.9653197 -0.2610707 0 0.8575159 0.5144574 0 0.7993154 0.6009118 0 0.8575131 0.5144624 0 -0.9914385 0.130575 0 -0.989845 0.1421507 0 -0.5995687 0.8003233 0 -0.8773159 0.4799133 0 0.2210404 0.9752647 0 0.3692441 0.9293324 0 0.2210419 0.9752643 0 0.5816563 -0.8134347 0 0.5446212 -0.8386821 0 0.8164385 -0.5774326 0 0.9155347 -0.402239 0 0.8164362 -0.5774356 0 0.9802359 0.1978327 0 -0.5179118 0.8554341 0 -0.5179227 0.8554275 0 -0.3867043 -0.9222038 0 -0.1976839 -0.9802659 0 0.9460772 0.3239411 0 0.9460771 0.3239415 0 0.9678739 0.2514362 0 0.8554659 0.5178593 0 0.9678714 0.2514461 0 -0.9979222 -0.06443178 0 -0.9923354 -0.123574 0 -0.9979222 -0.06443172 0 0.9605071 0.2782557 0 0.9605084 0.2782512 0 -0.5342392 -0.8453333 0 -0.5342419 -0.8453317 0 -0.534244 -0.8453304 0 0.8858435 0.4639844 0 -0.0680626 0.9976812 0 -0.3505228 0.9365542 0 -0.06807124 0.9976805 0 -0.990186 0.1397563 0 -0.9995465 0.03011578 0 -0.9901875 0.1397452 0 0.7236741 0.6901419 0 0.3844404 0.9231499 0 0.723677 0.6901388 0 0.9649992 0.2622532 0 -0.737304 -0.6755611 0 -0.6440325 -0.7649981 0 -0.7373093 -0.6755554 0 -0.956743 -0.2909345 0 -0.9690456 -0.2468821 0 -0.956743 -0.2909346 0 -0.9842488 -0.1767889 0 -0.900969 -0.4338836 0 -0.984248 -0.1767935 0 0.4062991 -0.9137402 0 -0.7786756 -0.6274269 0 -0.7507188 -0.6606221 0 -0.7786786 -0.6274231 0 0.6026947 -0.7979719 0 0.6763183 -0.7366095 0 0.9989155 0.04656052 0 0.9790411 0.203663 0 0.9989156 0.04656052 0 0.5964562 -0.8026457 0 0.4446806 -0.8956893 0 0.5964562 -0.8026458 0 -0.932685 -0.3606919 0 0.6558616 0.7548812 0 0.4685033 0.8834618 0 -0.3074749 0.9515562 0 -0.3074783 0.9515552 0 0.1692013 -0.9855815 0 0.3371832 -0.941439 0 0.1692047 -0.9855809 0 -0.1788691 -0.983873 0 -0.178874 -0.9838721 0 -0.5965227 -0.8025962 0 -0.460456 -0.8876826 0 -0.5965227 -0.8025963 0 -0.6469212 -0.762557 0 0.6575299 -0.7534285 0 0.6872476 -0.7264233 0 0.6575298 -0.7534286 0 -0.4604609 -0.88768 0 -0.3480788 0.9374653 0 0.804354 -0.5941504 0 0.9893228 -0.1457415 0 0.8043527 -0.5941522 0 -0.8470617 0.5314947 0 -0.7267866 0.6868633 0 -0.8470656 0.5314886 0 0.562456 -0.8268274 0 0.5624542 -0.8268285 0 -0.8206626 -0.5714132 0 -0.6093577 -0.7928955 0 -0.9545242 0.2981338 0 -0.9855763 -0.1692319 0 -0.913031 -0.4078904 0 -0.9855755 -0.1692364 0 -0.2178172 0.9759896 0 -0.3670054 0.9302188 0 0.9658603 -0.2590634 0 0.9499084 -0.3125285 0 -0.7611214 -0.6486096 0 -0.7375974 -0.6752408 0 -0.7611198 -0.6486114 0 -0.9977856 0.06651449 0 -0.9578602 0.2872348 0 -0.9519179 0.3063533 0 -0.8471269 0.5313907 0 -0.9929301 0.118701 0 -0.9979954 0.06328731 0 -0.9999986 -0.001671016 0 -0.7507149 -0.6606263 0 -0.7465479 -0.6653318 0 -0.9473844 0.3200985 0 -0.966513 0.2566177 0 -0.9473854 0.3200954 0 0.1238551 -0.9923004 0 0.1238545 -0.9923005 0 -0.8398529 0.5428141 0 -0.9981681 -0.06050354 0 -0.993625 -0.1127361 0 -0.9981683 -0.06049901 0 0.9718971 -0.2354062 0 0.9718971 -0.2354062 0 0.9678722 0.2514431 0 0.8554612 0.5178669 0 0.9678696 0.2514528 0 -0.2570392 0.9664011 0 -0.257039 0.966401 0 -0.2570387 0.9664011 0 0.01824188 -0.9998337 0 0.2278409 -0.9736984 0 0.8858446 0.463982 0 0.9605091 0.2782486 0 0.885845 0.4639813 0 0.4825652 -0.87586 0 0.4957027 -0.8684923 0 0.482563 -0.8758613 0 -0.9942446 0.1071345 0 -0.9999992 0.001240074 0 -0.9942462 0.1071192 0 -0.2570413 0.9664005 0 -0.2570415 0.9664004 0 -0.2570418 0.9664004 0 0.965 0.2622501 0 0.9822651 0.187498 0 -0.9722555 0.2339217 0 -0.9722555 0.2339217 0 -0.9663558 -0.2572093 0 -0.9663558 -0.2572093 0 -0.9857113 0.1684439 0 0.4985301 -0.8668724 0 0.3489625 -0.9371367 0 -0.1707819 0.985309 0 -0.2074801 0.9782393 0 0.05884987 -0.9982669 0 0.05885577 -0.9982665 0 -0.9706831 -0.2403631 0 -0.9957715 -0.09186506 0 -0.9706824 -0.2403658 0 -0.9884474 0.1515645 0 -0.992968 0.1183833 0 -0.988447 0.1515675 0 0.2253741 0.9742724 0 0.662875 -0.7487301 0 0.6628749 -0.7487301 0 0.9716806 -0.2362982 0 -0.6772895 0.7357167 0 -0.9007869 0.4342616 0 -0.6772929 0.7357135 0 0.383448 -0.9235625 0 0.1330116 -0.9911145 0 0.3834481 -0.9235625 0 0.9653198 -0.2610708 0 -0.6325147 0.7745484 0 -0.7335472 0.6796386 0 -0.6325138 0.7745492 0 -0.9990987 0.04244661 0 0.7490491 -0.6625145 0 -0.9903336 0.1387059 0 -0.985387 -0.1703305 0 -0.9578639 0.2872229 0 -0.7371183 0.6757638 0 0.7524712 -0.6586253 0 0.7524721 -0.6586241 0 -0.8773084 0.4799272 0 -0.968633 0.2484957 0 0.6775392 -0.7354867 0 0.6775416 -0.7354845 0 -0.8038395 -0.5948464 0 -0.8038414 -0.5948436 0 -0.8038436 -0.5948408 0 0.3292551 -0.9442411 0 0.3292466 -0.944244 0 -0.8342558 0.5513778 0 -0.9577341 0.2876552 0 -0.8342592 0.5513725 0 -0.4355258 -0.9001764 0 -0.1975789 -0.9802871 0 0.9999123 0.01325112 0 0.9999123 0.01324874 0 0.09359782 0.9956102 0 -0.1337001 0.9910219 0 -0.1797543 0.9837116 0 -0.242536 0.9701425 0 -0.1797524 0.9837119 0 0.9304304 -0.3664687 0 0.9682761 -0.2498831 0 0.785396 -0.6189937 0 0.8936667 -0.4487314 0 -0.9778866 0.2091357 0 -0.962255 0.2721495 0 -0.9778862 0.2091382 0 -0.2391363 0.970986 0 -0.2188698 0.9757541 0 0.1330226 -0.991113 0 -0.1263654 -0.9919838 0 -0.4748187 0.8800837 0 -0.3939175 0.919146 0 -0.4748197 0.8800832 0 0.6415895 -0.7670482 0 0.6872509 -0.7264202 0 0.6415897 -0.767048 0 0.6763153 -0.7366123 0 0.8626413 -0.5058161 0 0.716117 0.6979802 0 0.7686514 0.6396679 0 -0.1215749 0.9925823 0 -0.2432943 0.9699526 0 -0.9929302 0.1186996 0 -0.9929303 0.1186996 0 -0.4833191 0.8754444 0 -0.4833194 0.8754442 0 0.8274291 0.5615702 0 -0.9853881 -0.1703245 0 -0.9844002 -0.175944 0 0.9152251 -0.4029432 0 0.999934 -0.01148718 0 0.9152299 -0.4029321 0 -0.985121 -0.1718626 0 -0.9844116 -0.1758801 0 -0.9851198 -0.1718694 0 0.1080406 0.9941465 0 -0.689338 -0.72444 0 -0.5431346 -0.8396456 0 -0.6893361 -0.7244417 0 0.9678721 0.2514431 0 0.8554584 0.5178714 0 0.9989965 0.04479044 0 0.9989965 0.0447883 0 0.856 0.5169759 0 0.7730827 0.6343052 0 0.8560023 0.5169722 0 0.9028103 0.4300389 0 0.9693207 -0.2458 0 0.9412517 -0.337706 0 0.9693204 -0.2458006 0 -0.418851 0.908055 0 -0.3144889 0.9492613 0 0.02867639 -0.9995887 0 0.3570369 -0.9340903 0 0.2498258 -0.9682909 0 0.1929615 -0.9812063 0 -0.1788862 -0.9838698 0 0.1929417 -0.9812102 0 0.3696888 -0.9291557 0 0.06207209 0.9980717 0 -0.9884471 0.151566 0 -0.9977056 0.06770354 0 -0.9994848 -0.03209805 0 -0.9977052 0.06770849 0 -0.786829 -0.6171712 0 -0.5947659 -0.803899 0 0.941909 -0.3358682 0 0.7547678 -0.6559921 0 -0.276551 0.9609993 0 -0.2765522 0.960999 0 -0.9690462 -0.2468794 0 -0.9793216 -0.20231 0 -0.9244054 0.3814115 0 -0.9086937 0.4174635 0 -0.9483355 0.3172696 0 -0.9957845 0.09172409 0 -0.3695738 -0.9292015 0 -0.3695738 -0.9292014 0 0.9788827 0.2044227 0 0.9794602 0.2016377 0 0.9788832 0.2044205 0 -0.999104 -0.04232197 0 -0.9991042 -0.04231971 0 -0.9982452 -0.05921596 0 -0.9967065 -0.08109468 0 -0.9982452 -0.05921608 0 -0.6772887 0.7357174 0 -0.9007892 0.4342567 0 -0.6772947 0.7357119 0 -0.8398586 0.5428053 0 -0.8398604 0.5428026 0 0.9653218 -0.2610633 0 -0.9622592 0.2721347 0 -0.9767387 0.2144333 0 -0.9622582 0.272138 0 -0.999099 0.0424425 0 -0.723737 0.690076 0 -0.5164095 0.8563418 0 -0.7237281 0.6900854 0 -0.9905584 0.1370917 0 0.7272961 -0.6863239 0 0.6432117 -0.7656884 0 0.7272961 -0.686324 0 -0.5431414 -0.8396413 0 -0.08051753 -0.9967532 0 0.7524744 -0.6586215 0 0.7524746 -0.6586214 0 -0.9130369 -0.4078773 0 0.6775439 -0.7354823 0 0.677545 -0.7354814 0 -0.970683 -0.2403634 0 -0.9706832 -0.2403628 0 0.3292565 -0.9442406 0 0.3292475 -0.9442437 0 -0.1337005 0.9910218 0 -0.2188708 0.9757539 0 -0.4040973 0.914716 0 -0.940162 -0.340728 0 -0.9401621 -0.3407277 0 -0.404087 0.9147206 0 -0.1650051 0.9862928 0 -0.1650047 0.9862928 0 -0.489386 0.8720673 0 -0.2246607 0.9744371 0 0.893665 -0.4487349 0 0.9329817 -0.3599239 0 0.7918184 -0.6107568 0 0.9997733 -0.02129232 0 0.8808501 0.4733952 0 -0.7654063 0.6435474 0 -0.611445 0.791287 0 -0.9706829 -0.2403635 0 -0.9706828 -0.2403643 0 0.5982255 -0.8013278 0 0.9412523 -0.3377045 0 0.8104196 -0.58585 0 -0.9868357 -0.1617262 0 -0.9990394 -0.04382234 0 -0.9999872 -0.005061507 0 -0.9999873 -0.005053758 0 -0.9990394 -0.04382252 0 -0.9999496 0.01004672 0 0.9940916 -0.1085449 0 0.9918149 -0.1276838 0 0.9940906 -0.1085541 0 -0.9999496 0.01004922 0 -0.9859881 -0.1668159 0 0.4188762 -0.9080433 0 0.4188769 -0.9080431 0 -0.331153 0.9435771 0 -0.3311526 0.9435772 0 -0.3311519 0.9435775 0 -0.1797543 0.9837116 0 -0.2425349 0.9701427 0 -0.1797524 0.9837119 0 -0.7371268 0.6757546 0 -0.6044772 0.7966225 0 -0.2112259 0.9774373 0 0.805355 -0.592793 0 0.9161471 -0.4008425 0 0.8053576 -0.5927893 0 -0.9982452 -0.05921667 0 0.8676271 0.4972157 0 -0.9610728 -0.2762952 0 -0.9610722 -0.2762974 0 -0.8580499 0.5135663 0 -0.9165313 0.3999629 0 -0.8231686 -0.567797 0 -0.8231629 -0.5678055 0 -0.8107559 -0.5853844 0 -0.8964551 -0.4431347 0 -0.8107571 -0.5853828 0 -0.9172908 0.3982179 0 -0.9172953 0.3982078 0 0.9536749 -0.3008395 0 0.9536751 -0.3008386 0 -0.4833189 0.8754444 0 -0.3513081 0.9362599 0 -0.4833189 0.8754444 0 -0.9496127 0.3134257 0 -0.8977137 0.4405794 0 0.7686515 0.6396679 0 0.748685 0.662926 0 0.8397478 -0.5429767 0 0.889925 -0.4561071 0 0.839749 -0.5429747 0 0.3636533 -0.9315344 0 0.4422596 -0.8968872 0 -0.5164104 0.8563413 0 -0.4108388 0.9117081 0 0.3671941 -0.9301444 0 -0.9999986 -0.001670956 0 -0.9938459 -0.1107718 0 -0.9992334 0.03914904 0 -0.9992334 0.03914916 0 0.7448995 -0.6671767 0 0.7449026 -0.6671733 0 -0.9859883 -0.1668148 0 -0.9080767 -0.4188041 0 -0.8889471 -0.4580098 0 -0.7352203 -0.6778283 0 -0.8889451 -0.4580138 0 0.4363525 0.8997758 0 0.4234033 0.9059414 0 0.4363528 0.8997757 0 -0.968629 0.2485115 0 0.9852936 -0.17087 0 -0.9901702 -0.1398686 0 -0.9605645 -0.2780573 0 0.4054056 0.914137 0 0.6948833 0.7191225 0 0.4054 0.9141395 0 -0.9823921 -0.1868306 0 -0.9823961 -0.1868097 0 0.9991385 0.04149931 0 0.9991385 0.04149931 0 0.9893209 -0.1457544 0 0.9718255 0.2357016 0 0.3432068 0.93926 0 0.3382136 0.9410694 0 0.3382127 0.9410698 0 0.1310826 0.9913715 0 -0.4001754 0.9164386 0 -0.4001741 0.9164392 0 0.8975414 -0.4409304 0 0.8975435 -0.440926 0 0.5446202 -0.8386828 0 0.9918164 -0.1276733 0 0.9509755 -0.3092664 0 -0.3177636 0.94817 0 -0.3177645 0.9481698 0 0.3388242 0.9408497 0 0.5108472 0.8596716 0 0.3388283 0.9408482 0 -0.8887596 -0.4583738 0 -0.6090449 -0.7931359 0 -0.8887524 -0.4583878 0 0.9985396 0.05402511 0 -0.9577305 0.2876671 0 -0.8482339 0.5296218 0 -0.9665104 0.2566273 0 -0.9843897 0.1760026 0 0.9509781 -0.3092585 0 -0.9843901 0.1760004 0 0.5833711 -0.8122058 0 0.8119155 -0.5837751 0 0.5833767 -0.8122017 0 0.3844402 0.92315 0 -0.999944 0.0105865 0 0.005376279 -0.9999856 0 0.005377233 -0.9999856 0 0.9605416 -0.2781366 0 0.9948053 -0.101797 0 0.9605441 -0.2781279 0 -0.7616794 0.6479542 0 -0.4963039 0.8681489 0 -0.7616809 0.6479524 0 -0.496295 0.8681539 0 -0.9009668 -0.4338883 0 -0.7708107 -0.6370642 0 -0.9657692 0.2594026 0 0.57508 -0.8180973 0 0.5750811 -0.8180965 0 0.9524184 0.3047937 0 0.9524187 0.3047928 0 -0.3695728 -0.9292019 0 -0.3695747 -0.929201 0 -0.3695763 -0.9292004 0 0.4685086 0.883459 0 0.1271618 0.991882 0 -0.5362094 -0.8440852 0 -0.5362112 -0.8440839 0 -0.5362122 -0.8440832 0 -0.2788398 -0.9603377 0 -0.2788398 -0.9603377 0 -0.2788398 -0.9603376 0 0.9982796 0.05863219 0 0.9882789 0.1526592 0 0.9982797 0.05863219 0 0.03193634 -0.99949 0 0.2821723 -0.9593638 0 -0.6792516 0.7339056 0 -0.7918424 -0.6107256 0 -0.7935145 -0.6085515 0 -0.7918393 -0.6107296 0 -0.4600211 0.887908 0 -0.6616858 0.7497813 0 -0.4600296 0.8879037 0 0.9610271 0.2764546 0 -0.7352278 -0.6778201 0 -0.7708135 -0.6370609 0 -0.5211902 -0.8534405 0 0.811914 -0.583777 0 0.9864656 -0.1639687 0 -0.9596891 0.281064 0 -0.9644941 0.2641047 0 0.8226606 -0.5685329 0 0.9609897 -0.2765845 0 -0.6044738 0.796625 0 -0.7079588 -0.7062538 0 -0.7079605 -0.7062521 0 -0.3123395 -0.9499707 0 -0.3123398 -0.9499705 0 -0.3649634 -0.9310219 0 -0.3649472 -0.9310283 0 -0.548409 -0.8362104 0 -0.548406 -0.8362122 0 -0.2432957 0.9699522 0 0.455112 -0.8904342 0 0.5462757 -0.8376054 0 -0.5419932 0.8403829 0 -0.6772916 0.7357148 0 0.9989161 0.04654806 0 0.9989159 0.04655086 0 -0.9768999 -0.2136978 0 -0.9891273 -0.1470621 0 -0.9768974 -0.2137091 0 0.1387053 0.9903337 0 -0.2593262 0.9657898 0 0.999508 -0.03136569 0 -0.8477503 -0.5303956 0 -0.6097113 -0.7926237 0 -0.908688 0.4174761 0 -0.9906212 0.1366371 0 0.5271467 0.8497744 0 0.5390553 0.8422704 0 -0.8477511 -0.5303943 0 -0.6097099 -0.7926247 0 -0.9094755 -0.4157576 0 -0.9094737 -0.4157615 0 -0.06237846 -0.9980527 0 -0.06237822 -0.9980527 0 -0.0623781 -0.9980527 0 0.9999812 -0.006153643 0 0.9999811 -0.006156086 0 0.9999811 -0.006160378 0 -0.9891278 -0.1470595 0 -0.9900143 -0.1409674 0 -0.259322 0.9657909 0 -0.4535922 0.8912094 0 0.984528 0.1752273 0 0.781217 0.6242597 0 0.3692447 0.9293323 0 0.5368734 0.8436629 0 -0.9855636 -0.1693056 0 -0.9557139 -0.2942974 0 -0.1976717 -0.9802683 0 0.3292484 -0.9442434 0 0.6872476 -0.7264232 0 0.7568717 -0.6535637 0 -0.9117347 0.4107797 0 -0.9117336 0.4107822 0 0.9419111 -0.3358623 0 0.7547662 -0.6559941 0 0.9341413 -0.3569034 0 0.9876244 -0.1568381 0 0.9341416 -0.3569025 0 0.776115 -0.6305915 0 0.776115 -0.6305915 0 0.7272942 -0.6863259 0 0.8796328 0.4756534 0 0.7755718 0.6312595 0 -0.9117329 0.4107835 0 -0.9117317 0.4107863 0 -0.9644958 0.2640984 0 0.9419103 -0.3358646 0 0.7547649 -0.6559956 0 0.9341415 -0.3569028 0 0.9905748 -0.1369732 0 0.9341422 -0.3569011 0 0.9935402 0.1134811 0 0.9723867 -0.2333756 0 0.9486523 -0.3163211 0 0.9723885 -0.233368 0 0.1310797 0.9913718 0 -0.2615039 0.9652025 0 -0.2290896 0.9734054 0 0.01716268 0.9998528 0 -0.2290918 0.9734048 0 -0.6440374 -0.7649941 0 0.8626391 -0.50582 0 0.444682 -0.8956885 0 0.3672 -0.9301421 0 0.4569385 0.8894983 0 -0.02053534 0.9997891 0 0.4569299 0.8895027 0 -0.4535907 0.8912103 0 -0.6767107 0.736249 0 0.9689159 -0.2473904 0 0.993798 -0.1112009 0 0.9689152 -0.2473936 0 -0.9557125 -0.2943021 0 -0.8042246 -0.5943256 0 -0.7499314 -0.6615156 0 -0.9930134 0.1180019 0 -0.9941874 -0.1076632 0 0.9778895 -0.2091221 0 0.1750348 0.9845623 0 0.05248332 0.9986219 0 0.1750341 0.9845624 0 0.9933287 -0.1153175 0 0.9933292 -0.1153134 0 -0.9790785 0.2034829 0 -0.9569578 0.2902272 0 -0.8887581 -0.4583766 0 -0.8887541 -0.4583844 0 0.6163105 0.7875033 0 0.6163105 0.7875033 0 0.7547646 -0.6559959 0 0.5855 -0.8106725 0 0.4957036 -0.8684918 0 0.6163082 0.787505 0 0.6163083 0.7875051 0 0.7547661 -0.6559942 0 0.5854994 -0.8106728 0 -0.609048 -0.7931334 0 0.1039121 -0.9945865 0 0.103912 -0.9945865 0 -0.9165295 0.399967 0 -0.9476887 0.3191961 0 -0.9849713 -0.1727183 0 -0.9528454 -0.3034564 0 -0.9849705 -0.1727229 0 -0.9823761 -0.1869152 0 -0.9237504 -0.3829954 0 -0.7335458 0.6796399 0 -0.9934104 0.1146119 0 -0.8977615 0.440482 0 0.3671939 -0.9301444 0 0.8808497 0.4733961 0 0.7755619 0.6312716 0 -0.02053666 0.9997892 0 -0.2096209 0.9777827 0 -0.87834 0.4780364 0 -0.9321485 0.3620765 0 -0.8783447 0.4780278 0 -0.990014 -0.1409694 0 -0.8477524 -0.5303924 0 -0.9941877 -0.1076611 0 -0.8206531 -0.5714268 0 -0.992968 0.1183834 0 -0.9878931 -0.1551362 0 -0.5926795 0.8054384 0 -0.5419939 0.8403825 0 -0.5926795 0.8054385 0 -0.9969504 -0.07803881 0 -0.900785 0.4342655 0 0.585497 -0.8106746 0 0.6347423 -0.7727239 0 0.8146328 -0.5799773 0 0.814625 -0.579988 0 0.4472153 0.8944265 0 0.1387001 0.9903345 0 0.4472153 0.8944264 0 0.9482144 0.3176312 0 0.9900391 0.1407935 0 0.9482145 0.317631 0 0.9977344 0.06727653 0 0.9178619 0.3969001 0 0.9977352 0.06726497 0 -0.3074753 0.9515562 0 0.1571322 -0.9875776 0 0.06683093 -0.9977644 0 0.1571315 -0.9875777 0 0.5810394 -0.8138754 0 0.5810382 -0.8138764 0 -0.8420189 0.539448 0 0.999843 0.01772254 0 0.9998431 0.0177223 0 0.9682764 -0.2498818 0 -0.5926809 0.8054375 0 -0.5419953 0.8403816 0 -0.5926824 0.8054364 0 0.9963775 -0.08504098 0 0.985474 -0.1698269 0 0.9963773 -0.08504307 0 -0.9007846 0.4342664 0 -0.3904787 0.920612 0 -0.3904787 0.920612 0 -0.9554551 -0.2951369 0 -0.6962844 -0.7177661 0 -0.955457 -0.2951307 0 -0.8129851 -0.5822846 0 -0.6625249 -0.74904 0 0.6347418 -0.7727243 0 -0.7603763 -0.649483 0 -0.7561921 -0.6543498 0 0.447213 0.8944275 0 0.1386987 0.9903347 0 0.447214 0.8944271 0 0.979799 -0.1999847 0 0.96832 -0.249713 0 0.9797991 -0.1999847 0 0.9486519 -0.3163222 0 0.8762739 0.4818134 0 0.8762723 0.4818162 0 0.8762718 0.4818171 0 0.8414047 0.5404055 0 0.611508 -0.7912383 0 0.3717417 -0.9283363 0 0.6115147 -0.7912331 0 -0.9086874 0.4174771 0 -0.9906226 0.136627 0 -0.9086971 0.4174562 0 0.6798127 -0.7333859 0 0.6798137 -0.7333849 0 0.5451267 0.8383537 0 0.5032458 0.8641434 0 -0.1663014 0.9860751 0 -0.6772912 0.735715 0 -0.3505275 0.9365525 0 0.9822654 0.1874955 0 -0.9321467 0.3620809 0 0.01716059 0.9998528 0 -0.8477496 -0.5303967 0 -0.6097099 -0.7926247 0 0.9948042 -0.1018082 0 0.9965946 -0.08245748 0 0.9937975 -0.1112056 0 0.7550301 0.6556902 0 0.8862971 0.4631173 0 0.7550301 0.6556901 0 -0.2096185 0.9777833 0 0.9155386 -0.4022303 0 0.9849032 -0.1731061 0 -0.4666198 -0.8844581 0 0.9849047 -0.1730979 0 0.9998744 0.01585358 0 -0.9957724 -0.09185564 0 -0.9982743 0.05872333 0 0.9701651 -0.2424451 0 -0.551244 -0.8343442 0 -0.5512395 -0.8343472 0 -0.8206605 -0.5714163 0 -0.6093513 -0.7929005 0 -0.9936246 -0.1127396 0 -0.9714982 -0.2370471 0 0.4332225 -0.901287 0 -0.9878934 -0.1551342 0 -0.9223395 -0.3863807 0 0.5449604 -0.8384619 0 0.5449646 -0.8384591 0 0.9946346 -0.1034501 0 0.9986671 -0.05161339 0 0.9946347 -0.1034501 0 -0.5419918 0.8403838 0 -0.03948158 -0.9992204 0 -0.03948092 -0.9992204 0 -0.847123 0.5313969 0 -0.7279754 0.6856033 0 -0.9768993 -0.2137002 0 -0.9891281 -0.1470563 0 -0.9768999 -0.2136973 0 -0.8374989 -0.546439 0 -0.6935 -0.7204567 0 -0.8374924 -0.5464492 0 -0.9387665 -0.3445541 0 -0.938766 -0.3445557 0 0.1387087 0.9903333 0 -0.259324 0.9657905 0 0.05248981 0.9986215 0 -0.08052653 -0.9967525 0 0.2245994 -0.9744513 0 0.6872512 -0.72642 0 0.3660564 -0.9305928 0 -0.9080784 -0.4188002 0 -0.8886877 -0.4585132 0 -0.9987018 -0.05094015 0 0.9609866 -0.2765951 0 0.2981847 -0.9545082 0 0.4422533 -0.8968902 0 0.546267 -0.8376111 0 -0.4108383 0.9117082 0 -0.1465278 0.9892066 0 -0.9994848 -0.0320968 0 -0.9995631 0.02956062 0 -0.541992 0.8403838 0 -0.8977609 0.4404834 0 -0.9726387 0.2323234 0 -0.9243307 0.3815924 0 -0.9768997 -0.2136985 0 -0.9891277 -0.1470597 0 -0.9768991 -0.2137013 0 -0.9285197 0.3712834 0 0.9945923 0.1038572 0 0.9737169 0.2277616 0 0.9945924 0.1038564 0 0.1387071 0.9903335 0 -0.2593242 0.9657903 0 0.6321117 0.7748773 0 0.6321117 0.7748774 0 -0.1720868 0.9850819 0 -0.1720864 0.9850819 0 -0.8765992 0.4812213 0 0.8104193 -0.5858503 0 0.9900382 0.1407988 0 0.06683248 -0.9977642 0 -0.872766 0.4881389 0 -0.872762 0.4881459 0 -0.6238892 0.7815129 0 -0.6238892 0.7815129 0 -0.8420165 0.5394517 0 -0.1465322 0.9892059 0 0.4063019 -0.913739 0 0.3514509 -0.9362064 0 0.9986671 -0.05161368 0 -0.9528436 -0.3034619 0 0.506237 -0.8623944 0 -0.9987583 0.04981994 0 -0.9969497 -0.07804739 0 0.9965949 -0.08245527 0 0.9882789 0.1526596 0 0.1257928 -0.9920566 0 0.6017998 -0.798647 0 0.4436528 -0.8961989 0 0.6017943 -0.7986512 0 -0.07362425 -0.9972861 0 -0.07362455 -0.997286 0 -0.6114444 0.7912874 0 -0.9117303 0.4107895 0 0.509047 -0.8607388 0 -0.9016894 -0.4323844 0 0.934141 -0.356904 0 0.934143 -0.3568991 0 -0.9935324 -0.1135494 0 -0.9935324 -0.1135495 0 0.1785713 -0.983927 0 0.7761155 -0.6305908 0 0.7761197 -0.6305856 0 -0.9967064 -0.08109438 0 -0.9996101 -0.02792328 0 0.9178613 0.3969016 0 0.4909483 0.8711888 0 -0.9995468 0.03010505 0 0.5448009 -0.8385655 0 0.5448014 -0.8385651 0 0.5448017 -0.838565 0 -0.9244073 0.3814069 0 -0.924404 0.3814147 0 -0.9891278 -0.1470587 0 0.6171646 -0.7868341 0 0.4739944 -0.8805279 0 -0.2074794 0.9782394 0 -0.1567426 0.9876396 0 -0.2593214 0.9657911 0 -0.4535922 0.8912095 0 0.3717421 -0.9283362 0 0.9653189 -0.2610735 0 0.369248 0.929331 0 0.5368756 0.8436614 0 0.965908 -0.2588858 0 -0.9898442 0.142157 0 -0.9843996 -0.1759471 0 -0.9783571 -0.206924 0 -0.8977153 0.4405763 0 0.7524753 -0.6586205 0 0.8001956 -0.5997393 0 -0.1975668 -0.9802895 0 0.6139191 -0.7893689 0 0.3292568 -0.9442404 0 -0.791837 -0.6107324 0 -0.7918371 -0.6107324 0 0.07963383 -0.9968242 0 0.07963234 -0.9968243 0 0.4909511 0.8711872 0 -0.9243342 0.3815841 0 0.999934 -0.01149004 0 0.7211675 -0.6927608 0 0.9064552 -0.4223019 0 -0.9324508 -0.3612971 0 -0.9678767 -0.2514253 0 -0.9708501 0.2396875 0 0.9977121 -0.0676068 0 0.756866 -0.6535701 0 0.9718944 -0.2354172 0 0.9743707 -0.2249488 0 0.8862947 0.4631216 0 0.6930049 0.720933 0 0.9935399 0.113484 0 0.9935399 0.113484 0 1.04464e-4 -1 0 0.3490563 -0.9371019 0 -0.793516 -0.6085494 0 -0.9891275 -0.1470615 0 -0.8042246 -0.5943256 0 0.9605069 0.2782562 0 0.9790403 0.2036665 0 0.9876245 -0.1568371 0 0.3692471 0.9293313 0 0.5368751 0.8436618 0 0.1271616 0.991882 0 0.200665 0.9796599 0 0.200665 0.9796599 0 -0.984411 -0.1758843 0 -0.7465462 -0.6653336 0 -0.1949989 -0.9808034 0 0.9035845 -0.4284099 0 -0.3480812 0.9374644 0 -0.3480856 0.9374628 0 -0.9938465 -0.1107662 0 0.1800199 -0.983663 0 0.1800199 -0.983663 0 -0.7561933 -0.6543483 0 -0.4276223 -0.9039576 0 0.2278431 -0.9736979 0 -0.9569612 0.2902158 0 0.9743704 -0.2249501 0 0.9768593 -0.2138829 0 -0.9605609 -0.2780699 0 0.9794604 0.201637 0 0.990575 -0.136972 0 0.7843108 0.6203681 0 0.5780184 0.8160238 0 -0.5159999 0.8565887 0 0.1972439 0.9803544 0 0.1972439 0.9803545 0 -0.999563 0.0295608 0 0.3489686 -0.9371345 0 0.2225743 -0.9749158 0 0.781218 0.6242583 0 -0.5362063 -0.8440871 0 -0.5362061 -0.8440871 0 -0.5362061 -0.8440871 0 0.5784902 -0.8156893 0 0.5784888 -0.8156903 0 0.1571325 -0.9875776 0 -0.6921024 -0.7217993 0 -0.846669 -0.5321199 0 0.4436529 -0.8961987 0 -0.3513107 0.936259 0 -0.4170592 0.9088793 0 -0.4170567 0.9088805 0 0.5865097 0.8099422 0 0.6163061 0.7875068 0 0.6163128 0.7875016 0 0.5342872 0.8453031 0 -0.4276385 -0.90395 0 0.7547628 -0.6559979 0 0.9683202 -0.2497118 0 0.9543189 -0.29879 0 0.7070316 0.7071819 0 0.9998744 0.01585417 0 0.9973176 0.07319617 0 -0.08044034 -0.9967594 0 0.9247617 0.3805468 0 0.9737168 0.2277621 0 -0.05909758 0.9982522 0 -0.2615083 0.9652013 0 0.8976343 0.4407412 0 0.8127462 0.5826179 0 0.9918432 -0.127465 0 0.9918431 -0.127465 0 -0.9969499 -0.07804453 0 -0.5211913 -0.8534399 0 -0.23088 0.9729822 0 -0.23088 0.9729823 0 -0.6962791 -0.7177712 0 -0.2096187 0.9777832 0 0.6432128 -0.7656876 0 0.539393 -0.8420541 0 -0.9999992 0.001233756 0 -0.8964563 -0.4431322 0 -0.6767148 0.7362453 0 -0.7734647 0.6338394 0 -0.4535922 0.8912094 0 0.8899242 -0.4561086 0 0.1080386 0.9941468 0 0.108038 0.9941468 0 0.1080377 0.9941468 0 0.9689177 -0.2473832 0 0.6270936 -0.7789439 0 0.9768627 -0.2138673 0 -0.9783577 -0.206921 0 0.9864659 -0.163967 0 -0.3144317 0.9492802 0 -0.3129286 0.9497767 0 0.634746 -0.7727209 0 0.9981522 -0.06076407 0 -0.4559308 -0.8900153 0 -0.2873465 0.9578268 0 0.7486818 0.6629297 0 -0.05466663 -0.9985047 0 -0.9428557 0.3332017 0 0.1080389 0.9941468 0 0.9852952 -0.1708607 0 0.996154 0.08761948 0 -0.707107 0.7071067 0 0.9973175 0.07319802 0 0.5426766 -0.8399418 0 -0.9982745 0.05872136 0 -0.2873481 0.9578263 0 -0.9957845 0.09172505 0 -0.5447978 0.8385674 0 0.8168393 -0.5768653 0 0.3297362 -0.9440732 0 0.6505729 -0.7594439 0 -0.7422408 -0.6701333 0 0.9995452 -0.03015828 0 -0.2290389 0.9734173 0 -0.7279757 0.685603 0 -0.7083252 -0.7058863 0 -0.7593113 0.6507275 0 0.9442656 -0.3291845 0 -0.6935102 -0.7204468 0 -0.9673595 -0.2534083 0 -0.8073886 0.5900202 0 0.9970761 -0.07641547 0 0.6389982 -0.7692083 0 -0.3853699 -0.9227622 0 0.3241605 -0.9460021 0 0.9942149 0.1074093 0 0.7993104 0.6009184 0 0.8554639 0.5178627 0 -0.9923364 -0.1235661 0 -0.5342372 -0.8453347 0 -0.609357 -0.7928961 0 -0.3670048 0.9302191 0 0.9499065 -0.3125346 0 -0.7375937 -0.6752449 0 0.8554623 0.5178652 0 -0.2570395 0.966401 0 -0.257041 0.9664006 0 -0.8038374 -0.5948492 0 -0.2425361 0.9701424 0 -0.9622551 0.2721495 0 -0.1263655 -0.9919838 0 -0.3939154 0.9191467 0 0.8554585 0.5178715 0 0.7730665 0.634325 0 -0.3144891 0.9492611 0 0.2498258 -0.9682908 0 -0.1788862 -0.9838699 0 -0.5947659 -0.8038991 0 -0.9793219 -0.2023084 0 -0.9957845 0.09172409 0 -0.9767401 0.2144268 0 -0.2246607 0.9744371 0 0.9329817 -0.3599239 0 -0.3311538 0.9435768 0 0.9161471 -0.4008424 0 0.4234007 0.9059426 0 0.6948845 0.7191215 0 0.9718255 0.2357016 0 0.5108471 0.8596716 0 -0.3695712 -0.9292024 0 -0.5362083 -0.8440858 0 -0.2788398 -0.9603376 0 -0.6616902 0.7497774 0 0.5462826 -0.8376011 0 -0.6097099 -0.7926248 0 -0.9906207 0.1366404 0 0.5390553 0.8422705 0 -0.06237858 -0.9980526 0 0.9999812 -0.006149411 0 0.5368723 0.8436635 0 0.775573 0.631258 0 -0.9237529 -0.3829892 0 0.7755607 0.6312732 0 0.9854739 -0.1698269 0 -0.6625249 -0.74904 0 0.6347405 -0.7727253 0 0.8762744 0.4818125 0 -0.6093513 -0.7929004 0 -0.9714966 -0.2370534 0 -0.727975 0.6856036 0 -0.693499 -0.7204576 0 0.2246002 -0.974451 0 0.3514509 -0.9362064 0 0.5448006 -0.8385656 0 0.473994 -0.8805281 0 -0.1567425 0.9876396 0 0.536876 0.8436611 0 0.9064553 -0.422302 0 -0.9678767 -0.2514253 0 0.3490563 -0.9371018 0 0.9768594 -0.2138829 0 0.5780184 0.8160238 0 0.2225763 -0.9749153 0 -0.5362063 -0.844087 0 -0.8466691 -0.53212 0 0.6163039 0.7875085 0 0.9543184 -0.2987916 0 0.9973177 0.07319438 0 0.8127463 0.5826179 0 -0.7734648 0.6338394 0</float_array>
          <technique_common>
            <accessor source="#s_slopgear_sign-mesh-normals-array" count="1823" stride="3">
              <param name="X" type="float"/>
              <param name="Y" type="float"/>
              <param name="Z" type="float"/>
            </accessor>
          </technique_common>
        </source>
        <source id="s_slopgear_sign-mesh-map-0">
          <float_array id="s_slopgear_sign-mesh-map-0-array" count="14442">-0.3852006 -0.271654 -0.3211715 -0.2727982 -0.3109504 -0.3646403 0.7850988 -0.4407458 0.7874209 -0.3870778 0.8979742 -0.4371802 0.7874209 -0.3870778 0.9006938 -0.366694 0.8979742 -0.4371802 -0.01072633 -0.2047289 -0.01535433 -0.1872958 0.02644014 -0.1993786 -0.6560648 -0.1241478 -0.6525396 -0.09750175 -0.6316797 -0.07706451 -0.6483786 -0.1516318 -0.6560648 -0.1241478 -0.5650321 -0.1534735 -0.6560648 -0.1241478 -0.6316797 -0.07706451 -0.5650321 -0.1534735 -0.6083574 -0.05602854 -0.5650321 -0.1534735 -0.6316797 -0.07706451 -0.5650321 -0.1534735 -0.6083574 -0.05602854 -0.5760679 -0.04533833 -0.5760679 -0.04533833 -0.5407678 -0.1426899 -0.5650321 -0.1534735 -0.4802843 -0.1437979 -0.5045456 -0.1419692 -0.4869232 -0.04411506 -0.5045456 -0.1419692 -0.5407678 -0.1426899 -0.4869232 -0.04411506 -0.5407678 -0.1426899 -0.5760679 -0.04533833 -0.4869232 -0.04411506 -0.4402608 -0.1503354 -0.4802843 -0.1437979 -0.4561698 -0.05299842 -0.4869232 -0.04411506 -0.4561698 -0.05299842 -0.4802843 -0.1437979 -0.394326 -0.1856777 -0.4402608 -0.1503354 -0.3844297 -0.06538981 -0.4402608 -0.1503354 -0.4561698 -0.05299842 -0.4160592 -0.05910384 -0.4160592 -0.05910384 -0.3844297 -0.06538981 -0.4402608 -0.1503354 -0.3844297 -0.06538981 -0.3581818 -0.07498526 -0.394326 -0.1856777 -0.3581818 -0.07498526 -0.3007686 -0.1123096 -0.3512139 -0.2032221 -0.3007686 -0.1123096 -0.3299335 -0.1880322 -0.3512139 -0.2032221 -0.2883538 -0.1307457 -0.2862258 -0.1598709 -0.3299335 -0.1880322 -0.3007686 -0.1123096 -0.2883538 -0.1307457 -0.3299335 -0.1880322 -0.394326 -0.1856777 -0.3581818 -0.07498526 -0.3512139 -0.2032221 -0.2862258 -0.1598709 -0.276964 -0.1831331 -0.3000354 -0.1990923 -0.3000354 -0.1990923 -0.3299335 -0.1880322 -0.2862258 -0.1598709 0.7775917 0.6502547 0.8053445 0.6800867 0.7842135 0.6328495 0.7842135 0.6328495 0.8053445 0.6800867 0.8279631 0.6229728 0.9083663 0.616417 0.8279631 0.6229728 0.8271992 0.7030839 0.9473811 0.6113878 0.9083663 0.616417 0.9404943 0.7274951 0.9801066 0.6057361 0.9473811 0.6113878 0.970577 0.7243252 1.010678 0.6070041 0.9801066 0.6057361 1.048308 0.6539023 1.078578 0.7120933 1.081888 0.6698129 1.048308 0.6539023 1.078578 0.7120933 1.048308 0.6539023 1.058825 0.7492926 1.027357 0.7790876 1.058825 0.7492926 0.970577 0.7243252 1.058825 0.7492926 1.048308 0.6539023 0.970577 0.7243252 1.048308 0.6539023 1.042053 0.6165478 1.010678 0.6070041 1.009377 0.8146492 1.027357 0.7790876 0.970577 0.7243252 1.048308 0.6539023 0.9801066 0.6057361 0.970577 0.7243252 0.9974421 0.8456405 1.009377 0.8146492 0.970577 0.7243252 0.8279631 0.6229728 0.8053445 0.6800867 0.8271992 0.7030839 0.9083663 0.616417 0.8271992 0.7030839 0.8770398 0.7238269 0.9083663 0.616417 0.9101744 0.7244486 0.9404943 0.7274951 0.9083663 0.616417 0.8770398 0.7238269 0.9101744 0.7244486 0.9328253 1.01824 0.9829779 0.9223256 0.8523265 0.9824038 0.9829779 0.9223256 0.9921271 0.8720125 0.8523265 0.9824038 0.835743 1.159842 0.8623172 1.139522 0.7785524 1.110323 0.8623172 1.139522 0.9328253 1.01824 0.8267733 1.023906 0.9921271 0.8720125 0.9974421 0.8456405 0.8523265 0.9824038 0.9328253 1.01824 0.8523265 0.9824038 0.8267733 1.023906 0.8523265 0.9824038 0.9974421 0.8456405 0.970577 0.7243252 0.970577 0.7243252 0.9473811 0.6113878 0.9404943 0.7274951 0.8623172 1.139522 0.8267733 1.023906 0.7785524 1.110323 0.8099241 1.175507 0.835743 1.159842 0.7832579 1.170054 0.835743 1.159842 0.7785524 1.110323 0.7775917 1.13772 0.7775917 1.13772 0.7832579 1.170054 0.835743 1.159842 -0.5927404 -0.5020937 -0.5467826 -0.4566552 -0.5007118 -0.5718538 -0.5007118 -0.5718538 -0.5467826 -0.4566552 -0.4792614 -0.5452392 -0.5467826 -0.4566552 -0.5269638 -0.4326054 -0.4429004 -0.5019901 -0.5269638 -0.4326054 -0.5032035 -0.41142 -0.4429004 -0.5019901 -0.4792614 -0.5452392 -0.5467826 -0.4566552 -0.4429004 -0.5019901 -0.6013469 -0.5270259 -0.5927404 -0.5020937 -0.5007118 -0.5718538 -0.6109712 -0.5724838 -0.6013469 -0.5270259 -0.5621902 -0.5963701 -0.5864875 -0.6028694 -0.6114402 -0.5965817 -0.6109712 -0.5724838 -0.5864875 -0.6028694 -0.6109712 -0.5724838 -0.5621902 -0.5963701 -0.5032035 -0.41142 -0.4751804 -0.3733384 -0.4037151 -0.4477073 -0.4751804 -0.3733384 -0.4544181 -0.3479511 -0.3877195 -0.4251956 -0.4429004 -0.5019901 -0.5032035 -0.41142 -0.4328657 -0.489214 -0.4862632 -0.3167514 -0.5102233 -0.3022654 -0.4702941 -0.2475779 -0.5102233 -0.3022654 -0.525856 -0.294865 -0.4702941 -0.2475779 -0.6013469 -0.5270259 -0.5007118 -0.5718538 -0.5621902 -0.5963701 -0.5261288 -0.5994414 -0.5621902 -0.5963701 -0.5007118 -0.5718538 -0.4328657 -0.489214 -0.5032035 -0.41142 -0.4037151 -0.4477073 -0.4037151 -0.4477073 -0.4751804 -0.3733384 -0.3877195 -0.4251956 -0.3602385 -0.6301898 -0.3765706 -0.5848377 -0.3009064 -0.598037 -0.3765706 -0.5848377 -0.3755422 -0.5563641 -0.2978799 -0.5663529 -0.3755422 -0.5563641 -0.381968 -0.4700723 -0.3003607 -0.5214136 -0.3003607 -0.5214136 -0.381968 -0.4700723 -0.2983604 -0.4960334 -0.2978799 -0.5663529 -0.3755422 -0.5563641 -0.3003607 -0.5214136 -0.3765706 -0.5848377 -0.2978799 -0.5663529 -0.3009064 -0.598037 -0.381968 -0.4700723 -0.3877195 -0.4251956 -0.3076054 -0.3856095 -0.3346865 -0.6661158 -0.3602385 -0.6301898 -0.2984912 -0.6439296 -0.2984912 -0.6439296 -0.3038833 -0.670513 -0.3346865 -0.6661158 -0.3009064 -0.598037 -0.2984912 -0.6439296 -0.3602385 -0.6301898 -0.3076054 -0.3856095 -0.2983604 -0.4960334 -0.381968 -0.4700723 -0.3109504 -0.3646403 -0.3076054 -0.3856095 -0.3877195 -0.4251956 -0.3877195 -0.4251956 -0.4544181 -0.3479511 -0.3109504 -0.3646403 -0.4544181 -0.3479511 -0.4862632 -0.3167514 -0.4344301 -0.2538927 -0.3109504 -0.3646403 -0.4544181 -0.3479511 -0.3852006 -0.271654 -0.4862632 -0.3167514 -0.4702941 -0.2475779 -0.4344301 -0.2538927 -0.2816314 -0.3274829 -0.2950202 -0.345807 -0.3211715 -0.2727982 -0.2950202 -0.345807 -0.3109504 -0.3646403 -0.3211715 -0.2727982 -0.4129024 -0.2645142 -0.4544181 -0.3479511 -0.4344301 -0.2538927 -0.525856 -0.294865 -0.5417842 -0.2852939 -0.4702941 -0.2475779 -0.4544181 -0.3479511 -0.4129024 -0.2645142 -0.3852006 -0.271654 -0.276964 -0.2920143 -0.2816314 -0.3274829 -0.2939978 -0.2781306 -0.5417842 -0.2852939 -0.5640839 -0.270836 -0.4702941 -0.2475779 -0.3252685 -0.2417179 -0.3211715 -0.2727982 -0.3852006 -0.271654 -0.3512139 -0.2032221 -0.3252685 -0.2417179 -0.3852006 -0.271654 -0.3211715 -0.2727982 -0.2939978 -0.2781306 -0.2816314 -0.3274829 -0.604346 -0.2308918 -0.6213108 -0.2178465 -0.5783984 -0.1933115 -0.6213108 -0.2178465 -0.6354307 -0.1966542 -0.5783984 -0.1933115 -0.5640839 -0.270836 -0.604346 -0.2308918 -0.5783984 -0.1933115 -0.4702941 -0.2475779 -0.5640839 -0.270836 -0.5783984 -0.1933115 -0.3512139 -0.2032221 -0.3852006 -0.271654 -0.3905612 -0.2398579 -0.6483786 -0.1516318 -0.5650321 -0.1534735 -0.6401268 -0.1725452 -0.5650321 -0.1534735 -0.5736253 -0.1714486 -0.6401268 -0.1725452 -0.5736253 -0.1714486 -0.5783984 -0.1933115 -0.6401268 -0.1725452 -0.6401268 -0.1725452 -0.5783984 -0.1933115 -0.6354307 -0.1966542 -0.394326 -0.1856777 -0.3512139 -0.2032221 -0.3905612 -0.2398579 0.6182325 0.6065078 0.5672509 0.6135839 0.627292 0.7197974 0.5459498 0.627355 0.5285034 0.6383207 0.5942189 0.7289897 0.5285034 0.6383207 0.4886365 0.7009987 0.5942189 0.7289897 0.5672509 0.6135839 0.5459498 0.627355 0.627292 0.7197974 0.627292 0.7197974 0.5459498 0.627355 0.5942189 0.7289897 0.6182325 0.6065078 0.627292 0.7197974 0.6403698 0.6141797 0.6893698 0.6587696 0.6714785 0.6374897 0.627292 0.7197974 0.6714785 0.6374897 0.6403698 0.6141797 0.627292 0.7197974 0.7109987 0.6972846 0.7018163 0.6772443 0.6786523 0.7433891 0.7018163 0.6772443 0.6893698 0.6587696 0.627292 0.7197974 0.7263271 0.7276358 0.7109987 0.6972846 0.6786523 0.7433891 0.7517881 0.8719528 0.7507888 0.8109911 0.6845535 0.8485028 0.7507888 0.8109911 0.7338444 0.7627314 0.678453 0.8034764 0.7338444 0.7627314 0.7263271 0.7276358 0.6810461 0.7667492 0.6845535 0.8485028 0.6860749 0.8830819 0.7517881 0.8719528 0.6845535 0.8485028 0.7507888 0.8109911 0.678453 0.8034764 0.7018163 0.6772443 0.627292 0.7197974 0.6786523 0.7433891 0.4886365 0.7009987 0.4798191 0.7155718 0.5686985 0.7504134 0.5942189 0.7289897 0.4886365 0.7009987 0.5686985 0.7504134 0.678453 0.8034764 0.7338444 0.7627314 0.6810461 0.7667492 0.6810461 0.7667492 0.7263271 0.7276358 0.6786523 0.7433891 0.4689377 0.7394793 0.5454757 0.7754881 0.4798191 0.7155718 0.4689377 0.7394793 0.4506388 0.7883362 0.5338271 0.7913346 0.5686985 0.7504134 0.4798191 0.7155718 0.5454757 0.7754881 0.4506388 0.7883362 0.4465057 0.8243529 0.5279058 0.8185822 0.5338271 0.7913346 0.4506388 0.7883362 0.5279058 0.8185822 0.5454757 0.7754881 0.4689377 0.7394793 0.5338271 0.7913346 0.5279058 0.8185822 0.4465057 0.8243529 0.5245861 0.8438556 0.4410196 0.8588629 0.4410196 0.9496966 0.5201213 0.8855979 0.4465057 0.8243529 0.4410196 0.8588629 0.5245861 0.8438556 0.5245861 0.8438556 0.4410196 0.8588629 0.5201213 0.8855979 0.5201213 0.8855979 0.4410196 0.9496966 0.5287164 0.944754 0.4410196 0.9496966 0.4515445 0.9802339 0.5287164 0.944754 0.1917891 -0.1472032 0.1900789 -0.1199669 0.263722 -0.1439543 0.1900789 -0.1199669 0.2057378 -0.07191443 0.263722 -0.1439543 0.2057378 -0.07191443 0.2147365 -0.05500167 0.263722 -0.1439543 0.2010747 -0.2193771 0.1906654 -0.1742557 0.2605994 -0.18434 0.1906654 -0.1742557 0.1917891 -0.1472032 0.2605994 -0.18434 0.2605994 -0.18434 0.1917891 -0.1472032 0.263722 -0.1439543 0.2276323 -0.02871221 0.2506145 -0.0148046 0.2843158 -0.02364891 0.2843158 -0.02364891 0.323379 -0.0324546 0.2891029 -0.1412089 0.2147365 -0.05500167 0.2276323 -0.02871221 0.2843158 -0.02364891 0.2605994 -0.18434 0.2528975 -0.2231336 0.2010747 -0.2193771 0.2528975 -0.2231336 0.224082 -0.2385592 0.2010747 -0.2193771 0.2147365 -0.05500167 0.2843158 -0.02364891 0.263722 -0.1439543 0.323379 -0.0324546 0.3605558 -0.0562433 0.2891029 -0.1412089 0.3771589 -0.06923061 0.3068167 -0.1544056 0.3605558 -0.0562433 0.3068167 -0.1544056 0.402697 -0.1010607 0.4146315 -0.1402023 0.3771589 -0.06923061 0.402697 -0.1010607 0.3068167 -0.1544056 0.4146315 -0.1402023 0.4205447 -0.1677414 0.3308338 -0.1804532 0.4205447 -0.1677414 0.4304902 -0.2280883 0.3425018 -0.2114877 0.4304902 -0.2280883 0.4318864 -0.2582235 0.3582814 -0.2478491 0.4318864 -0.2582235 0.4272207 -0.2936203 0.3606399 -0.2791575 0.4272207 -0.2936203 0.4276735 -0.3500276 0.3619418 -0.3146575 0.3619418 -0.3146575 0.4276735 -0.3500276 0.3974662 -0.3989675 0.4276735 -0.3500276 0.4216367 -0.3759381 0.3974662 -0.3989675 0.4304902 -0.2280883 0.3582814 -0.2478491 0.3425018 -0.2114877 0.4146315 -0.1402023 0.3308338 -0.1804532 0.3068167 -0.1544056 0.2891029 -0.1412089 0.263722 -0.1439543 0.2843158 -0.02364891 0.3308338 -0.1804532 0.4205447 -0.1677414 0.3425018 -0.2114877 0.3068167 -0.1544056 0.2891029 -0.1412089 0.3605558 -0.0562433 0.3619418 -0.3146575 0.3974662 -0.3989675 0.3733336 -0.4179993 0.3619418 -0.3146575 0.3733336 -0.4179993 0.3294281 -0.3309316 0.3733336 -0.4179993 0.358564 -0.4346827 0.3231869 -0.4500232 0.281907 -0.4534137 0.2508525 -0.4459158 0.3004204 -0.3333466 0.3231869 -0.4500232 0.281907 -0.4534137 0.3004204 -0.3333466 0.3733336 -0.4179993 0.3231869 -0.4500232 0.3004204 -0.3333466 0.2508525 -0.4459158 0.2188324 -0.4347489 0.2636657 -0.3261659 0.3582814 -0.2478491 0.4318864 -0.2582235 0.3606399 -0.2791575 0.2188324 -0.4347489 0.1886064 -0.421679 0.2636657 -0.3261659 0.3619418 -0.3146575 0.3606399 -0.2791575 0.4272207 -0.2936203 0.3294281 -0.3309316 0.3733336 -0.4179993 0.3004204 -0.3333466 0.3004204 -0.3333466 0.2508525 -0.4459158 0.2636657 -0.3261659 0.2636657 -0.3261659 0.1886064 -0.421679 0.2170062 -0.305689 0.2170062 -0.305689 0.1886064 -0.421679 0.1625047 -0.2987987 0.1922134 -0.2938068 0.2170062 -0.305689 0.1625047 -0.2987987 0.1230172 -0.3192822 0.1625047 -0.2987987 0.1886064 -0.421679 0.1230172 -0.3192822 0.1886064 -0.421679 0.1072151 -0.3436511 0.1886064 -0.421679 0.181735 -0.455969 0.1081354 -0.440846 0.1035737 -0.3716949 0.1886064 -0.421679 0.1081354 -0.440846 0.1886064 -0.421679 0.1035737 -0.3716949 0.1072151 -0.3436511 0.181735 -0.455969 0.1910779 -0.4880607 0.1065266 -0.4765908 0.1081354 -0.440846 0.181735 -0.455969 0.1065266 -0.4765908 0.1065266 -0.4765908 0.1910779 -0.4880607 0.1088173 -0.498382 0.1910779 -0.4880607 0.1982079 -0.5015984 0.1088173 -0.498382 0.1539633 -0.6033141 0.1330779 -0.5728972 0.2246063 -0.5282396 0.1330779 -0.5728972 0.1088173 -0.498382 0.1982079 -0.5015984 0.1330779 -0.5728972 0.1982079 -0.5015984 0.2246063 -0.5282396 0.1799494 -0.6235073 0.1539633 -0.6033141 0.2246063 -0.5282396 0.1799494 -0.6235073 0.2246063 -0.5282396 0.2779502 -0.5503478 0.1799494 -0.6235073 0.2779502 -0.5503478 0.2376009 -0.6578118 0.1799494 -0.6235073 0.2376009 -0.6578118 0.2046918 -0.6478542 0.2779502 -0.5503478 0.3180444 -0.5544287 0.297351 -0.670513 0.3180444 -0.5544287 0.3488907 -0.5519104 0.3610368 -0.6417317 0.3757355 -0.5265808 0.3960052 -0.4868367 0.4318864 -0.505761 0.3960052 -0.4868367 0.4118638 -0.4701253 0.4318864 -0.505761 0.3488907 -0.5519104 0.3757355 -0.5265808 0.4205779 -0.5573871 0.4318864 -0.505761 0.4295702 -0.537629 0.3757355 -0.5265808 0.4295702 -0.537629 0.4205779 -0.5573871 0.3757355 -0.5265808 0.4205779 -0.5573871 0.3610368 -0.6417317 0.3488907 -0.5519104 0.2376009 -0.6578118 0.2779502 -0.5503478 0.297351 -0.670513 0.297351 -0.670513 0.3180444 -0.5544287 0.3408004 -0.6574347 0.3180444 -0.5544287 0.3610368 -0.6417317 0.3408004 -0.6574347 0.8914204 0.1248747 0.8815411 0.07135641 0.7775917 0.06970733 0.8815411 0.07135641 0.8697847 0.02143913 0.7775917 0.06970733 0.7775917 0.06970733 0.8697847 0.02143913 0.7826938 0.02073758 0.8697847 0.02143913 0.8347335 -0.0148046 0.7826938 0.02073758 0.9181065 0.1225376 0.8914204 0.1248747 0.9336241 0.2019193 0.8914204 0.1248747 0.7775917 0.06970733 0.7968664 0.1655418 0.7968664 0.1655418 0.9336241 0.2019193 0.8914204 0.1248747 0.9336241 0.2019193 0.9723771 0.1958731 0.9399253 0.1154875 0.9181065 0.1225376 0.9336241 0.2019193 0.9399253 0.1154875 0.9723771 0.1958731 0.9282373 0.3108706 1.013586 0.3005009 0.9282373 0.3108706 0.9168062 0.3334541 0.9959717 0.3407317 0.9959717 0.3407317 1.013586 0.3005009 0.9282373 0.3108706 0.9399253 0.1154875 0.9723771 0.1958731 0.9702482 0.1030167 0.9702482 0.1030167 0.9723771 0.1958731 1.000519 0.1018999 0.9723771 0.1958731 1.013586 0.3005009 1.035783 0.2511696 0.9723771 0.1958731 1.035783 0.2511696 1.076443 0.1818066 1.021433 0.1071439 1.000519 0.1018999 0.9723771 0.1958731 0.9723771 0.1958731 1.076443 0.1818066 1.021433 0.1071439 1.021433 0.1071439 1.076443 0.1818066 1.094942 0.109175 1.04315 0.05451703 1.032628 0.07917064 1.094942 0.109175 1.032628 0.07917064 1.021433 0.1071439 1.094942 0.109175 1.076443 0.1818066 1.114164 0.1531184 1.109586 0.1288719 1.109586 0.1288719 1.094942 0.109175 1.076443 0.1818066 1.094942 0.109175 1.104189 0.08101588 1.04315 0.05451703 1.04315 0.05451703 1.104189 0.08101588 1.052845 0.03172624 1.104189 0.08101588 1.114164 0.04200387 1.052845 0.03172624 1.063538 0.002961695 1.052845 0.03172624 1.114164 0.04200387 1.114164 0.04200387 1.11041 0.01452553 1.063538 0.002961695 1.11041 0.01452553 1.089201 -0.008222937 1.063538 0.002961695 -0.09638112 0.369786 -0.09029191 0.4039744 -0.04183346 0.3570578 -0.09029191 0.4039744 -0.1162061 0.4205537 -0.03074067 0.4890559 -0.1162061 0.4205537 -0.1346595 0.4387222 -0.03074067 0.4890559 -0.001316308 0.4605167 -0.09029191 0.4039744 -0.03074067 0.4890559 -0.04183346 0.3570578 -0.001316308 0.4605167 0.03773564 0.4138594 -0.009315133 0.3301326 -0.04183346 0.3570578 0.01460254 0.3282802 -0.04183346 0.3570578 -0.09029191 0.4039744 -0.001316308 0.4605167 -0.04183346 0.3570578 0.04243052 0.3991814 0.01460254 0.3282802 0.04243052 0.3991814 -0.04183346 0.3570578 0.03773564 0.4138594 0.06428027 0.3810875 0.05482846 0.3405265 0.04243052 0.3991814 0.04243052 0.3991814 0.05482846 0.3405265 0.01460254 0.3282802 -0.1346595 0.4387222 -0.1725261 0.4549439 -0.09684264 0.5385731 0.02543228 0.4421664 0.03773564 0.4138594 -0.001316308 0.4605167 -0.1725261 0.4549439 -0.1972575 0.4536057 -0.1797128 0.5730006 -0.03074067 0.4890559 -0.1346595 0.4387222 -0.09684264 0.5385731 -0.1725261 0.4549439 -0.1797128 0.5730006 -0.09684264 0.5385731 -0.2243314 0.5690518 -0.1797128 0.5730006 -0.1972575 0.4536057 -0.2677945 0.5104822 -0.2502336 0.54369 -0.1972575 0.4536057 -0.2243314 0.5690518 -0.1972575 0.4536057 -0.2502336 0.54369 -0.2768542 0.4562655 -0.2677945 0.5104822 -0.1972575 0.4536057 -0.2768542 0.4562655 -0.1972575 0.4536057 -0.2272881 0.4354144 -0.276964 0.4013905 -0.2768542 0.4562655 -0.2272881 0.4354144 -0.2579446 0.3545812 -0.276964 0.4013905 -0.2248734 0.4096776 -0.2248734 0.4096776 -0.276964 0.4013905 -0.2272881 0.4354144 -0.2248734 0.4096776 -0.2117989 0.3764228 -0.2579446 0.3545812 -0.2484184 0.3090088 -0.2579446 0.3545812 -0.2117989 0.3764228 -0.2484184 0.3090088 -0.2117989 0.3764228 -0.1698797 0.3033993 -0.1698797 0.3033993 -0.1496942 0.2794757 -0.2343975 0.2655631 -0.2484184 0.3090088 -0.1698797 0.3033993 -0.2343975 0.2655631 -0.1496942 0.2794757 -0.1160853 0.3397217 -0.05448275 0.2883699 -0.1160853 0.3397217 -0.09638112 0.369786 -0.04507058 0.3229669 -0.04507058 0.3229669 -0.09638112 0.369786 -0.04183346 0.3570578 -0.1949515 0.1868311 -0.2343975 0.2655631 -0.1496942 0.2794757 -0.1949515 0.1868311 -0.1496942 0.2794757 -0.06520998 0.2309538 -0.2568991 0.0768252 -0.2217243 0.1434354 -0.1502209 0.08394867 -0.2217243 0.1434354 -0.1949515 0.1868311 -0.1393868 0.1028665 -0.1160853 0.3397217 -0.04507058 0.3229669 -0.05448275 0.2883699 -0.1496942 0.2794757 -0.05448275 0.2883699 -0.05857485 0.2570542 -0.06520998 0.2309538 -0.1496942 0.2794757 -0.05857485 0.2570542 -0.276964 0.04288119 -0.2568991 0.0768252 -0.2737719 0.02362257 -0.1718777 0.04408675 -0.2737719 0.02362257 -0.2568991 0.0768252 -0.1949515 0.1868311 -0.06520998 0.2309538 -0.1095387 0.135894 -0.2737719 0.02362257 -0.1718777 0.04408675 -0.1999155 -0.02001434 -0.2672298 -0.03297322 -0.2737719 0.02362257 -0.1999155 -0.02001434 -0.2234762 -0.0405876 -0.2672298 -0.03297322 -0.1999155 -0.02001434 -0.1949515 0.1868311 -0.1095387 0.135894 -0.1393868 0.1028665 -0.0503624 0.1872271 -0.04550153 0.1582192 -0.07289963 0.1362006 -0.04837495 0.2099443 -0.0503624 0.1872271 -0.06520998 0.2309538 -0.2672298 -0.03297322 -0.2234762 -0.0405876 -0.2466621 -0.0574724 -0.0503624 0.1872271 -0.07289963 0.1362006 -0.1095387 0.135894 -0.06520998 0.2309538 -0.0503624 0.1872271 -0.1095387 0.135894 -0.1393868 0.1028665 -0.1502209 0.08394867 -0.2217243 0.1434354 -0.1502209 0.08394867 -0.1718777 0.04408675 -0.2568991 0.0768252 0.6844238 1.117261 0.7174014 1.090855 0.7118859 1.071011 0.6579844 1.114621 0.6844238 1.117261 0.7118859 1.071011 0.6177036 1.109428 0.6579844 1.114621 0.6342721 1.022273 0.6579844 1.114621 0.7118859 1.071011 0.6342721 1.022273 0.7118859 1.071011 0.7173544 1.04069 0.6624544 1.014314 0.6342721 1.022273 0.7118859 1.071011 0.6624544 1.014314 0.5925972 1.101002 0.6177036 1.109428 0.6342721 1.022273 0.7173544 1.04069 0.7352768 1.01612 0.6624544 1.014314 0.5508707 1.074192 0.5925972 1.101002 0.5922029 0.9986569 0.6624544 1.014314 0.7352768 1.01612 0.6644211 0.9880588 0.7437301 1.001948 0.7505503 0.9749691 0.6817735 0.9576776 0.7437301 1.001948 0.6817735 0.9576776 0.7352768 1.01612 0.5925972 1.101002 0.6342721 1.022273 0.5922029 0.9986569 0.7352768 1.01612 0.6817735 0.9576776 0.6644211 0.9880588 0.7505503 0.9749691 0.754306 0.9510478 0.6817735 0.9576776 0.754306 0.9510478 0.7538452 0.8941357 0.6817735 0.9576776 0.7538452 0.8941357 0.7517881 0.8719528 0.6860749 0.8830819 0.6817735 0.9576776 0.7538452 0.8941357 0.6860749 0.8830819 0.5065502 1.025193 0.5299547 1.067164 0.5716074 0.9871619 0.5299547 1.067164 0.5508707 1.074192 0.5716074 0.9871619 0.4825778 1.016077 0.5065502 1.025193 0.5287164 0.944754 0.4660263 1.002212 0.4825778 1.016077 0.5287164 0.944754 0.4515445 0.9802339 0.4660263 1.002212 0.5287164 0.944754 0.5505498 0.9691904 0.5287164 0.944754 0.5065502 1.025193 0.5716074 0.9871619 0.5505498 0.9691904 0.5065502 1.025193 0.5922029 0.9986569 0.5716074 0.9871619 0.5508707 1.074192 -0.1878735 0.6170116 -0.2195866 0.6312909 -0.1743078 0.7099427 -0.2195866 0.6312909 -0.2589704 0.6758555 -0.1743078 0.7099427 -0.2589704 0.6758555 -0.2769635 0.7078509 -0.2333784 0.726851 -0.2709914 0.730656 -0.2333784 0.726851 -0.2769635 0.7078509 -0.2333784 0.726851 -0.1743078 0.7099427 -0.2589704 0.6758555 -0.1878735 0.6170116 -0.1743078 0.7099427 -0.1418133 0.7041782 -0.1670855 0.604758 -0.1878735 0.6170116 -0.1418133 0.7041782 -0.1670855 0.604758 -0.1418133 0.7041782 -0.1514438 0.5888054 -0.1418133 0.7041782 -0.1253572 0.7224457 -0.07205271 0.5890569 -0.1514438 0.5888054 -0.1418133 0.7041782 -0.07205271 0.5890569 -0.1119393 0.5730005 -0.1514438 0.5888054 -0.09270906 0.5755434 -0.1514438 0.5888054 -0.07205271 0.5890569 -0.09270906 0.5755434 -0.1253572 0.7224457 -0.1187747 0.746596 -0.1037936 0.757012 -0.07357275 0.7738835 -0.0673387 0.8215999 -0.002785861 0.7888913 -0.1037936 0.757012 -0.07357275 0.7738835 -0.008636474 0.6633829 -0.1037936 0.757012 -0.008636474 0.6633829 -0.1253572 0.7224457 -0.07205271 0.5890569 -0.1253572 0.7224457 -0.04188847 0.6073534 -0.04188847 0.6073534 -0.1253572 0.7224457 -0.008636474 0.6633829 -0.008636474 0.6633829 -0.01310241 0.6330171 -0.04188847 0.6073534 -0.008636474 0.6633829 -0.07357275 0.7738835 -0.002785861 0.7888913 -0.007563292 0.8321885 -0.002785861 0.7888913 -0.0673387 0.8215999 -0.007563292 0.8321885 -0.0673387 0.8215999 -0.005371272 0.8683666 -0.005371272 0.8683666 -0.0673387 0.8215999 -0.07542419 0.8563088 0.02201527 0.9064308 0.02518624 0.8798814 -0.005371272 0.8683666 0.001443207 0.9305561 0.02201527 0.9064308 -0.005371272 0.8683666 2.51353e-4 0.9601835 0.001443207 0.9305561 -0.08251345 0.985523 -0.005371272 0.8683666 -0.07542419 0.8563088 0.001443207 0.9305561 -0.07542419 0.8563088 -0.09564316 0.8701 0.001443207 0.9305561 0.004976451 1.061991 0.001246571 1.017225 -0.08197528 1.030249 0.001246571 1.017225 2.51353e-4 0.9601835 -0.08251345 0.985523 -0.08251345 0.985523 0.001443207 0.9305561 -0.09564316 0.8701 -0.001601576 1.097677 0.004976451 1.061991 -0.08197528 1.030249 -0.08197528 1.030249 0.001246571 1.017225 -0.08251345 0.985523 -0.09564316 0.8701 -0.155083 0.8929067 -0.08251345 0.985523 -0.001601576 1.097677 -0.08197528 1.030249 -0.01883846 1.126295 -0.03272092 1.14987 -0.01883846 1.126295 -0.06689029 1.161548 -0.1856924 0.906408 -0.2129558 0.9377345 -0.1334206 0.9992378 -0.1856924 0.906408 -0.1334206 0.9992378 -0.155083 0.8929067 -0.1334206 0.9992378 -0.2129558 0.9377345 -0.1762496 1.005041 -0.2129558 0.9377345 -0.2616717 0.9639915 -0.2280035 1.022425 -0.2129558 0.9377345 -0.2280035 1.022425 -0.1762496 1.005041 -0.2616717 0.9639915 -0.2769635 0.9984374 -0.2551314 1.015596 -0.1344683 1.172139 -0.109303 1.170082 -0.1735095 1.080356 -0.109303 1.170082 -0.06689029 1.161548 -0.1422949 1.063802 -0.1735095 1.080356 -0.109303 1.170082 -0.1422949 1.063802 -0.1574916 1.179965 -0.1344683 1.172139 -0.1735095 1.080356 -0.2124593 1.097431 -0.1574916 1.179965 -0.1735095 1.080356 -0.2280035 1.022425 -0.2616717 0.9639915 -0.2551314 1.015596 -0.1953575 1.188482 -0.1574916 1.179965 -0.2124593 1.097431 -0.2257144 1.18276 -0.1953575 1.188482 -0.2124593 1.097431 -0.2555885 1.151774 -0.2257144 1.18276 -0.2124593 1.097431 -0.155083 0.8929067 -0.1334206 0.9992378 -0.08251345 0.985523 -0.01883846 1.126295 -0.08197528 1.030249 -0.06689029 1.161548 -0.2555885 1.151774 -0.2124593 1.097431 -0.2374179 1.107553 -0.2374179 1.107553 -0.2581722 1.121633 -0.2555885 1.151774 -0.1141348 1.055068 -0.1422949 1.063802 -0.06689029 1.161548 -0.1141348 1.055068 -0.06689029 1.161548 -0.08197528 1.030249 0.4611415 0.169726 0.5989609 0.2023314 0.5513835 0.1277635 0.5989609 0.2023314 0.635805 0.1966452 0.603353 0.1162595 0.5513835 0.1277635 0.5989609 0.2023314 0.5728201 0.1264906 0.635805 0.1966452 0.5957996 0.3047289 0.6791745 0.298607 0.6791745 0.298607 0.5957996 0.3047289 0.6663603 0.31509 0.5728201 0.1264906 0.5989609 0.2023314 0.603353 0.1162595 0.4410197 0.07047927 0.4611415 0.169726 0.5513835 0.1277635 0.446987 0.02039289 0.4410197 0.07047927 0.5332127 0.02221119 0.5031898 -0.01480454 0.446987 0.02039289 0.5332127 0.02221119 0.5449691 0.07212835 0.5332127 0.02221119 0.4410197 0.07047927 0.5513835 0.1277635 0.5449691 0.07212835 0.4410197 0.07047927 0.5957996 0.3047289 0.5829328 0.3282487 0.6591196 0.342485 0.5829328 0.3282487 0.5719553 0.2130247 0.4561471 0.2097077 0.4561471 0.2097077 0.5719553 0.2130247 0.4611415 0.169726 0.5719553 0.2130247 0.5989609 0.2023314 0.4611415 0.169726 0.4561471 0.2097077 0.4664182 0.3594549 0.5829328 0.3282487 0.4664182 0.3594549 0.4773184 0.4117667 0.5829328 0.3282487 0.5829328 0.3282487 0.4773184 0.4117667 0.4857986 0.4347593 0.5829328 0.3282487 0.4857986 0.4347593 0.6332928 0.3918859 0.4817073 0.4613 0.4904806 0.5046086 0.5837415 0.5336322 0.4904806 0.5046086 0.5067034 0.5395381 0.5837415 0.5336322 0.4857986 0.4347593 0.4817073 0.4613 0.5837415 0.5336322 0.6332928 0.3918859 0.4857986 0.4347593 0.5837415 0.5336322 0.5829328 0.3282487 0.6332928 0.3918859 0.6591196 0.342485 0.5067034 0.5395381 0.5010362 0.5673304 0.5672248 0.5827327 0.5067034 0.5395381 0.5672248 0.5827327 0.5837415 0.5336322 0.5359123 0.6065081 0.5672248 0.5827327 0.5010362 0.5673304 0.5672248 0.5827327 0.5838189 0.5555749 0.5837415 0.5336322 0.5010362 0.5673304 0.5142247 0.6004263 0.5359123 0.6065081 0.6591196 0.342485 0.6663603 0.31509 0.5957996 0.3047289 0.635805 0.1966452 0.6791745 0.298607 0.6992109 0.2519416 0.635805 0.1966452 0.6992109 0.2519416 0.7398712 0.1825786 0.603353 0.1162595 0.635805 0.1966452 0.6336763 0.1037887 0.635805 0.1966452 0.7398712 0.1825786 0.6861721 0.1081675 0.6336763 0.1037887 0.635805 0.1966452 0.6648218 0.1029689 0.6648218 0.1029689 0.635805 0.1966452 0.6861721 0.1081675 0.6861721 0.1081675 0.7398712 0.1825786 0.7583697 0.109947 0.7730132 0.1296437 0.7583697 0.109947 0.7398712 0.1825786 0.7398712 0.1825786 0.7775917 0.1538905 0.7730132 0.1296437 0.7057488 0.0580185 0.6960564 0.07994258 0.7583697 0.109947 0.6960564 0.07994258 0.6861721 0.1081675 0.7583697 0.109947 0.7583697 0.109947 0.7676171 0.08178794 0.7057488 0.0580185 0.7676171 0.08178794 0.7775917 0.04277586 0.7162734 0.03249824 0.7162734 0.03249824 0.7057488 0.0580185 0.7676171 0.08178794 0.7341974 -7.03633e-4 0.7162734 0.03249824 0.7775917 0.04277586 0.7775917 0.04277586 0.7691832 0.007114112 0.7341974 -7.03633e-4 -0.007270753 -0.243686 -0.01072633 -0.2047289 0.02644014 -0.1993786 -1.39117e-4 -0.280281 -0.007270753 -0.243686 0.03854322 -0.2271146 -0.05018877 -0.2649835 -0.02816098 -0.2745241 -0.0654869 -0.3599176 -0.007270753 -0.243686 0.02644014 -0.1993786 0.03854322 -0.2271146 -0.086322 -0.2604554 -0.05018877 -0.2649835 -0.09884047 -0.3303357 -0.05018877 -0.2649835 -0.0654869 -0.3599176 -0.09884047 -0.3303357 -0.0654869 -0.3599176 -0.02816098 -0.2745241 -1.39117e-4 -0.280281 -1.39117e-4 -0.280281 0.03854322 -0.2271146 0.05823433 -0.2474091 -1.39117e-4 -0.280281 0.05823433 -0.2474091 0.06386792 -0.2782478 -1.39117e-4 -0.280281 0.06386792 -0.2782478 0.07863193 -0.3694699 0.06386792 -0.2782478 0.1030738 -0.2909069 0.1019174 -0.3372258 0.07863193 -0.3694699 0.06386792 -0.2782478 0.1019174 -0.3372258 -1.39117e-4 -0.280281 0.07863193 -0.3694699 -0.0654869 -0.3599176 -0.0654869 -0.3599176 0.07863193 -0.3694699 0.004961073 -0.4337586 -0.086322 -0.2604554 -0.1234896 -0.3170562 -0.1452649 -0.3079439 0.07863193 -0.3694699 0.08301305 -0.3902472 0.004961073 -0.4337586 0.08301305 -0.3902472 0.09772396 -0.5000769 0.01295292 -0.481658 -0.086322 -0.2604554 -0.09884047 -0.3303357 -0.1234896 -0.3170562 -0.1925166 -0.1851697 -0.196985 -0.211618 -0.2635228 -0.185227 -0.196985 -0.211618 -0.086322 -0.2604554 -0.1788433 -0.2883371 0.09772396 -0.5000769 0.09698498 -0.525525 0.01295292 -0.481658 0.09698498 -0.525525 0.1016919 -0.5702858 0.02362972 -0.5641617 0.1016919 -0.5702858 0.1002407 -0.6020811 0.02401494 -0.592651 -0.2447186 -0.09146696 -0.1780737 -0.1659431 -0.2769641 -0.1527196 0.04607868 -0.6410444 0.1035736 -0.6567366 0.0682041 -0.670513 0.1002407 -0.6020811 0.1035736 -0.6567366 0.04607868 -0.6410444 0.1002407 -0.6020811 0.04607868 -0.6410444 0.03040927 -0.6264235 0.02362972 -0.5641617 0.1016919 -0.5702858 0.02401494 -0.592651 0.09698498 -0.525525 0.02362972 -0.5641617 0.01295292 -0.481658 0.1002407 -0.6020811 0.03040927 -0.6264235 0.02401494 -0.592651 0.08301305 -0.3902472 0.01295292 -0.481658 0.004961073 -0.4337586 0.004961073 -0.4337586 -0.009898364 -0.457036 -0.08496415 -0.3863034 -0.08496415 -0.3863034 -0.009898364 -0.457036 -0.10947 -0.4241533 -0.03980255 -0.5046398 -0.08702778 -0.5654264 -0.155472 -0.4756446 -0.195993 -0.5207315 -0.1023536 -0.5890423 -0.2033524 -0.54606 -0.1023536 -0.5890423 -0.195993 -0.5207315 -0.08702778 -0.5654264 -0.009898364 -0.457036 -0.03980255 -0.5046398 -0.10947 -0.4241533 -0.1014478 -0.1572988 -0.1257698 -0.1566756 -0.1217755 -0.05747252 -0.1257698 -0.1566756 -0.157333 -0.1580604 -0.1217755 -0.05747252 -0.06114923 -0.161843 -0.1014478 -0.1572988 -0.09395807 -0.06189703 -0.06114923 -0.161843 -0.09395807 -0.06189703 -0.04150271 -0.06952315 0.05091214 -0.1940207 0.02644014 -0.1993786 0.07055497 -0.1122264 0.02644014 -0.1993786 -0.01535433 -0.1872958 0.01709121 -0.08251422 -0.01535433 -0.1872958 -0.06114923 -0.161843 -0.009600341 -0.07423251 0.08132201 -0.2035843 0.05091214 -0.1940207 0.09331047 -0.1595983 0.09331047 -0.1595983 0.1035736 -0.1865004 0.08132201 -0.2035843 0.05091214 -0.1940207 0.07055497 -0.1122264 0.0858072 -0.1282028 0.07055497 -0.1122264 0.02644014 -0.1993786 0.01709121 -0.08251422 0.01709121 -0.08251422 -0.01535433 -0.1872958 -0.009600341 -0.07423251 0.0858072 -0.1282028 0.09331047 -0.1595983 0.05091214 -0.1940207 -0.04150271 -0.06952315 -0.009600341 -0.07423251 -0.06114923 -0.161843 -0.157333 -0.1580604 -0.1780737 -0.1659431 -0.1949083 -0.06239396 -0.1217755 -0.05747252 -0.157333 -0.1580604 -0.1949083 -0.06239396 -0.09395807 -0.06189703 -0.1014478 -0.1572988 -0.1217755 -0.05747252 -0.1949083 -0.06239396 -0.1780737 -0.1659431 -0.2253261 -0.07173496 -0.2253261 -0.07173496 -0.1780737 -0.1659431 -0.2447186 -0.09146696 -0.1780737 -0.1659431 -0.1925166 -0.1851697 -0.2635228 -0.185227 -0.1023536 -0.5890423 -0.1199872 -0.611148 -0.1455506 -0.615377 -0.2033524 -0.54606 -0.1023536 -0.5890423 -0.1455506 -0.615377 0.004961073 -0.4337586 -0.08496415 -0.3863034 -0.0654869 -0.3599176 -0.2769641 -0.1527196 -0.1780737 -0.1659431 -0.2635228 -0.185227 -0.2033524 -0.54606 -0.1455506 -0.615377 -0.2095516 -0.5859896 -0.1455506 -0.615377 -0.1875627 -0.6192831 -0.2095516 -0.5859896 -0.2769641 -0.1527196 -0.265737 -0.1070207 -0.2447186 -0.09146696 -0.2120339 -0.6129016 -0.2095516 -0.5859896 -0.1875627 -0.6192831 -0.2635228 -0.185227 -0.196985 -0.211618 -0.2537818 -0.2177855 -0.03980255 -0.5046398 -0.155472 -0.4756446 -0.1337445 -0.4480661 -0.03980255 -0.5046398 -0.1337445 -0.4480661 -0.10947 -0.4241533 -0.2537818 -0.2177855 -0.196985 -0.211618 -0.2386274 -0.2382513 -0.08702778 -0.5654264 -0.195993 -0.5207315 -0.155472 -0.4756446 -0.196985 -0.211618 -0.2210364 -0.2504392 -0.2386274 -0.2382513 -0.2210364 -0.2504392 -0.196985 -0.211618 -0.1788433 -0.2883371 -0.1606472 -0.2978946 -0.1788433 -0.2883371 -0.086322 -0.2604554 -0.1606472 -0.2978946 -0.086322 -0.2604554 -0.1452649 -0.3079439 -0.5079966 0.5675308 -0.4873927 0.584474 -0.4381383 0.5500333 -0.5511733 0.5750209 -0.5079966 0.5675308 -0.5665453 0.5524441 -0.5079966 0.5675308 -0.4381383 0.5500333 -0.5056348 0.4698301 -0.4381383 0.5500333 -0.4001938 0.5299373 -0.4795607 0.4494471 -0.4619474 0.4389094 -0.4001938 0.5299373 -0.3855335 0.5093165 -0.5921882 0.4586017 -0.5665453 0.5524441 -0.5056348 0.4698301 -0.5056348 0.4698301 -0.5665453 0.5524441 -0.5079966 0.5675308 -0.5827974 0.4360929 -0.5921882 0.4586017 -0.5056348 0.4698301 -0.5743755 0.4033012 -0.5827974 0.4360929 -0.5125945 0.4175854 -0.4001938 0.5299373 -0.4619474 0.4389094 -0.4795607 0.4494471 -0.3855335 0.5093165 -0.3729385 0.4723907 -0.4619474 0.4389094 -0.3729385 0.4723907 -0.3610388 0.4536719 -0.4619474 0.4389094 -0.3610388 0.4536719 -0.3504784 0.4333326 -0.4354909 0.3838179 -0.4619474 0.4389094 -0.3610388 0.4536719 -0.4354909 0.3838179 -0.3504784 0.4333326 -0.3404222 0.401986 -0.4354909 0.3838179 -0.3404222 0.401986 -0.3296891 0.334001 -0.4189211 0.3274025 -0.3296891 0.334001 -0.3304555 0.3012196 -0.403358 0.2989598 -0.5827974 0.4360929 -0.5056348 0.4698301 -0.5113202 0.4404568 -0.5471758 0.3363506 -0.5716224 0.3649956 -0.523877 0.3551862 -0.5716224 0.3649956 -0.5743755 0.4033012 -0.523877 0.3551862 -0.5827974 0.4360929 -0.5113202 0.4404568 -0.5125945 0.4175854 -0.4189211 0.3274025 -0.3296891 0.334001 -0.403358 0.2989598 -0.5125945 0.4175854 -0.523877 0.3551862 -0.5743755 0.4033012 -0.4354909 0.3838179 -0.3404222 0.401986 -0.4189211 0.3274025 -0.4795607 0.4494471 -0.5056348 0.4698301 -0.4381383 0.5500333 -0.3304555 0.3012196 -0.3181006 0.2655695 -0.4004743 0.2610555 -0.3181006 0.2655695 -0.3181006 0.1209297 -0.3810314 0.1791841 -0.3181006 0.1209297 -0.3224702 0.101105 -0.3691058 0.1131628 -0.3224702 0.101105 -0.3264276 0.04841363 -0.3691058 0.1131628 -0.3264276 0.04841363 -0.3425695 0.0169602 -0.4185533 0.07999068 -0.3691058 0.1131628 -0.3264276 0.04841363 -0.4185533 0.07999068 -0.361715 -0.003575921 -0.3924813 -0.01642483 -0.3425695 0.0169602 -0.403358 0.2989598 -0.3304555 0.3012196 -0.4004743 0.2610555 -0.3810314 0.1791841 -0.4004743 0.2610555 -0.3181006 0.2655695 -0.3425695 0.0169602 -0.3924813 -0.01642483 -0.4185533 0.07999068 -0.3691058 0.1131628 -0.3811004 0.1558132 -0.3181006 0.1209297 -0.3811004 0.1558132 -0.3810314 0.1791841 -0.3181006 0.1209297 -0.4498876 0.07318669 -0.4185533 0.07999068 -0.3924813 -0.01642483 -0.3924813 -0.01642483 -0.4502713 -0.04411512 -0.4498876 0.07318669 -0.4502713 -0.04411512 -0.5242753 -0.0440768 -0.4879854 0.06222009 -0.5242753 -0.0440768 -0.5573469 -0.0203579 -0.4879854 0.06222009 -0.5573469 -0.0203579 -0.5761678 -2.55167e-4 -0.5484409 0.04852861 -0.5573469 -0.0203579 -0.5484409 0.04852861 -0.4879854 0.06222009 -0.4502713 -0.04411512 -0.4879854 0.06222009 -0.4498876 0.07318669 -0.5761678 -2.55167e-4 -0.600445 0.02666503 -0.5484409 0.04852861 -0.600445 0.02666503 -0.6310867 0.07713085 -0.5484409 0.04852861 -0.6310867 0.07713085 -0.6526294 0.1399073 -0.5535944 0.1105304 -0.5535944 0.1105304 -0.6526294 0.1399073 -0.5374308 0.1833004 -0.6526294 0.1399073 -0.6560649 0.1921067 -0.5374308 0.1833004 -0.6560649 0.1921067 -0.6511661 0.2918101 -0.5893408 0.3042681 -0.6511661 0.2918101 -0.6186917 0.3090404 -0.5893408 0.3042681 -0.5893408 0.3042681 -0.5580309 0.2940615 -0.5374308 0.1833004 -0.5580309 0.2940615 -0.4837695 0.2456073 -0.5374308 0.1833004 -0.4837695 0.2456073 -0.4355658 0.1896025 -0.4604333 0.1757047 -0.6560649 0.1921067 -0.5893408 0.3042681 -0.5374308 0.1833004 -0.5535944 0.1105304 -0.5484409 0.04852861 -0.6310867 0.07713085 -0.4859071 0.1655142 -0.5374308 0.1833004 -0.4604333 0.1757047 -0.5374308 0.1833004 -0.4837695 0.2456073 -0.4604333 0.1757047 0.964611 -0.4593332 0.9194902 -0.3434829 1.013539 -0.363354 0.9272654 -0.453509 0.964611 -0.4593332 0.9314173 -0.5396143 0.7850988 -0.4407458 0.8979742 -0.4371802 0.790386 -0.4724082 0.8979742 -0.4371802 0.9272654 -0.453509 0.8836881 -0.5274744 0.8979742 -0.4371802 0.788358 -0.4895604 0.790386 -0.4724082 0.788358 -0.4895604 0.8979742 -0.4371802 0.8836881 -0.5274744 0.9272654 -0.453509 0.9095985 -0.5325643 0.8836881 -0.5274744 0.7690838 -0.5853949 0.788358 -0.4895604 0.8836881 -0.5274744 0.7750508 -0.6354814 0.7690838 -0.5853949 0.8622987 -0.6316182 0.873033 -0.5837456 0.7690838 -0.5853949 0.8836881 -0.5274744 0.7690838 -0.5853949 0.873033 -0.5837456 0.8622987 -0.6316182 0.8330721 -0.670513 0.7750508 -0.6354814 0.8622987 -0.6316182 0.9194902 -0.3434829 0.9068756 -0.3194295 0.9871829 -0.3133888 0.9068756 -0.3194295 0.9006938 -0.366694 0.7961923 -0.2853555 0.9006938 -0.366694 0.7874209 -0.3870778 0.7961923 -0.2853555 0.7961923 -0.2853555 0.8053817 -0.2441073 0.9068756 -0.3194295 0.8053817 -0.2441073 0.8138621 -0.2211147 0.9068756 -0.3194295 0.9068756 -0.3194295 0.8138621 -0.2211147 0.9613562 -0.2639878 0.8097705 -0.1945741 0.8185437 -0.1512653 0.9118048 -0.1222417 0.8185437 -0.1512653 0.8347668 -0.1163358 0.9118048 -0.1222417 0.8138621 -0.2211147 0.8097705 -0.1945741 0.9118048 -0.1222417 0.9613562 -0.2639878 0.8138621 -0.2211147 0.9118048 -0.1222417 0.9068756 -0.3194295 0.9613562 -0.2639878 0.9871829 -0.3133888 0.8347668 -0.1163358 0.8290992 -0.08854359 0.8952878 -0.07314109 0.9118048 -0.1222417 0.8347668 -0.1163358 0.8952878 -0.07314109 0.9095985 -0.5325643 0.9272654 -0.453509 0.9314173 -0.5396143 0.8639753 -0.04936593 0.8952878 -0.07314109 0.8290992 -0.08854359 0.8952878 -0.07314109 0.9104635 -0.09753733 0.9118048 -0.1222417 0.8422874 -0.05544775 0.8639753 -0.04936593 0.8290992 -0.08854359 0.9871829 -0.3133888 0.9988873 -0.3490048 0.9194902 -0.3434829 0.9314173 -0.5396143 0.964611 -0.4593332 0.9617402 -0.5520851 0.9194902 -0.3434829 0.9988873 -0.3490048 1.013539 -0.363354 0.9617402 -0.5520851 0.964611 -0.4593332 0.9997866 -0.5513351 0.964611 -0.4593332 1.013539 -0.363354 1.027275 -0.4039319 0.964611 -0.4593332 1.027275 -0.4039319 1.067792 -0.4732897 0.964611 -0.4593332 1.067792 -0.4732897 0.9997866 -0.5513351 1.101077 -0.5262296 1.08714 -0.5480101 1.067792 -0.4732897 0.9997866 -0.5513351 1.067792 -0.4732897 1.08714 -0.5480101 1.067792 -0.4732897 1.105656 -0.5019829 1.101077 -0.5262296 1.034643 -0.6005845 1.02412 -0.5759311 1.08714 -0.5480101 1.02412 -0.5759311 0.9997866 -0.5513351 1.08714 -0.5480101 1.044337 -0.6233754 1.034643 -0.6005845 1.095681 -0.5740856 1.034643 -0.6005845 1.08714 -0.5480101 1.095681 -0.5740856 1.095681 -0.5740856 1.105656 -0.6130976 1.044337 -0.6233754 1.055193 -0.6522883 1.044337 -0.6233754 1.105656 -0.6130976 1.105656 -0.6130976 1.101902 -0.640576 1.055193 -0.6522883 1.055193 -0.6522883 1.101902 -0.640576 1.080692 -0.6633245 0.2490311 0.5969012 0.2695167 0.6139871 0.3190093 0.5798895 0.2100483 0.6059813 0.2490311 0.5969012 0.1894928 0.5790573 0.1645642 0.4914193 0.1894928 0.5790573 0.2520713 0.4992194 0.2520713 0.4992194 0.1708896 0.474154 0.1645642 0.4914193 0.2520713 0.4992194 0.1894928 0.5790573 0.2490311 0.5969012 0.2490311 0.5969012 0.3190093 0.5798895 0.2520713 0.4992194 0.3190093 0.5798895 0.3570924 0.5600572 0.2782862 0.4790179 0.2959727 0.4686027 0.3718956 0.5395388 0.3847479 0.5027014 0.3570924 0.5600572 0.3718956 0.5395388 0.2959727 0.4686027 0.3847479 0.5027014 0.3967761 0.4840657 0.2959727 0.4686027 0.3967761 0.4840657 0.4074775 0.4638003 0.3228109 0.4136963 0.2959727 0.4686027 0.3967761 0.4840657 0.3228109 0.4136963 0.3570924 0.5600572 0.2959727 0.4686027 0.2782862 0.4790179 0.183794 0.4322146 0.1708896 0.474154 0.2454746 0.4469275 0.2520713 0.4992194 0.3190093 0.5798895 0.2782862 0.4790179 0.4074775 0.4638003 0.4177506 0.4325242 0.3228109 0.4136963 0.4177506 0.4325242 0.4289557 0.3646154 0.3397719 0.3573973 0.4177506 0.4325242 0.3397719 0.3573973 0.3228109 0.4136963 0.4289557 0.3646154 0.4284185 0.3318295 0.3555324 0.3290635 0.3397719 0.3573973 0.4289557 0.3646154 0.3555324 0.3290635 0.1708896 0.474154 0.24659 0.4698072 0.2454746 0.4469275 0.1708896 0.474154 0.2520713 0.4992194 0.24659 0.4698072 0.2114583 0.3654545 0.1868133 0.3939291 0.2346258 0.3844516 0.1868133 0.3939291 0.183794 0.4322146 0.2346258 0.3844516 0.2454746 0.4469275 0.2346258 0.3844516 0.183794 0.4322146 0.4284185 0.3318295 0.4410196 0.2962661 0.358679 0.2911801 0.4410196 0.2962661 0.4410196 0.144021 0.3786904 0.2094457 0.3555324 0.3290635 0.4284185 0.3318295 0.358679 0.2911801 0.4346911 0.1220213 0.4342009 0.07905751 0.391074 0.1435088 0.4342009 0.07905751 0.4249542 0.05318337 0.4054386 0.03431326 0.4410196 0.144021 0.4346911 0.1220213 0.391074 0.1435088 0.4342009 0.07905751 0.4054386 0.03431326 0.3418581 0.1099941 0.4342009 0.07905751 0.3418581 0.1099941 0.391074 0.1435088 0.4054386 0.03431326 0.3690918 0.01398664 0.3418581 0.1099941 0.3786904 0.2094457 0.358679 0.2911801 0.4410196 0.2962661 0.3786904 0.2094457 0.4410196 0.144021 0.3787835 0.1860748 0.3418581 0.1099941 0.3690918 0.01398664 0.3105724 0.1029726 0.3690918 0.01398664 0.3110031 -0.01432901 0.3105724 0.1029726 0.3110031 -0.01432901 0.2370002 -0.0148046 0.2703917 0.09145128 0.2370002 -0.0148046 0.2037644 0.008684039 0.2703917 0.09145128 0.2037644 0.008684039 0.1848044 0.02865558 0.2121921 0.07763069 0.3787835 0.1860748 0.4410196 0.144021 0.391074 0.1435088 0.2703917 0.09145128 0.2037644 0.008684039 0.2121921 0.07763069 0.3105724 0.1029726 0.3110031 -0.01432901 0.2703917 0.09145128 0.1848044 0.02865558 0.16034 0.05540651 0.2121921 0.07763069 0.16034 0.05540651 0.1293488 0.1056582 0.2121921 0.07763069 0.1293488 0.1056582 0.107371 0.1682836 0.2066084 0.1395952 0.2066084 0.1395952 0.107371 0.1682836 0.2222663 0.2124757 0.107371 0.1682836 0.1035738 0.2204579 0.2222663 0.2124757 0.1035738 0.2204579 0.1077802 0.3201929 0.1695174 0.33308 0.1077802 0.3201929 0.1401336 0.3376483 0.1695174 0.33308 0.1695174 0.33308 0.2008974 0.3230911 0.2222663 0.2124757 0.2008974 0.3230911 0.2754933 0.2751538 0.2222663 0.2124757 0.2754933 0.2751538 0.3244422 0.2291597 0.314831 0.2115073 0.1035738 0.2204579 0.1695174 0.33308 0.2222663 0.2124757 0.2066084 0.1395952 0.2121921 0.07763069 0.1293488 0.1056582 0.2754933 0.2751538 0.314831 0.2115073 0.2787091 0.1963585 0.2222663 0.2124757 0.2754933 0.2751538 0.2787091 0.1963585 0.8182794 0.460528 0.8270526 0.5038367 0.9203135 0.5328601 0.8270526 0.5038367 0.8432756 0.5387662 0.9203135 0.5328601 0.8182794 0.460528 0.9203135 0.5328601 0.8223707 0.4339873 0.8223707 0.4339873 0.9203135 0.5328601 0.9698647 0.3911139 0.8029901 0.3586829 0.8138904 0.4109948 0.9168062 0.3334541 0.8138904 0.4109948 0.8223707 0.4339873 0.9168062 0.3334541 0.7928334 0.2097297 0.8029901 0.3586829 0.9168062 0.3334541 0.8223707 0.4339873 0.9698647 0.3911139 0.9168062 0.3334541 0.7968664 0.1655418 0.7988947 0.1826941 0.9060018 0.2129293 0.7988947 0.1826941 0.7928334 0.2097297 0.9060018 0.2129293 0.9336241 0.2019193 0.7968664 0.1655418 0.9060018 0.2129293 0.9168062 0.3334541 0.9060018 0.2129293 0.7928334 0.2097297 0.8432756 0.5387662 0.8376082 0.5665584 0.9037967 0.5819608 0.8724843 0.6057361 0.9037967 0.5819608 0.8376082 0.5665584 0.9037967 0.5819608 0.9189721 0.5575644 0.9203135 0.5328601 0.8507969 0.5996543 0.8724843 0.6057361 0.8376082 0.5665584 0.9698647 0.3911139 0.9959717 0.3407317 0.9168062 0.3334541 0.9037967 0.5819608 0.9203135 0.5328601 0.8432756 0.5387662 -0.6357772 1.025361 -0.61482 1.027693 -0.6560648 1.007585 -0.61482 1.027693 -0.5623784 1.012509 -0.5962104 0.9437128 -0.6560648 1.007585 -0.61482 1.027693 -0.6469507 0.9694727 -0.5623784 1.012509 -0.5193422 1.008519 -0.5962104 0.9437128 -0.4679016 0.996966 -0.471968 1.044776 -0.3855544 1.032176 -0.3841412 0.9751433 -0.4679016 0.996966 -0.3855544 1.032176 -0.5193422 1.008519 -0.4679016 0.996966 -0.5364965 0.9013685 -0.61482 1.027693 -0.5962104 0.9437128 -0.6469507 0.9694727 -0.5962104 0.9437128 -0.5193422 1.008519 -0.5676485 0.9135653 -0.5676485 0.9135653 -0.5193422 1.008519 -0.5364965 0.9013685 -0.4701477 0.8778617 -0.5364965 0.9013685 -0.4679016 0.996966 -0.4701477 0.8778617 -0.4679016 0.996966 -0.3816992 0.9455928 -0.3816992 0.9455928 -0.4679016 0.996966 -0.3841412 0.9751433 -0.4452756 0.844695 -0.4701477 0.8778617 -0.3858818 0.883171 -0.4473639 0.8155829 -0.4452756 0.844695 -0.3799434 0.8038757 -0.4500337 0.7858926 -0.4473639 0.8155829 -0.3799434 0.8038757 -0.4452756 0.844695 -0.3858818 0.883171 -0.3865444 0.8469325 -0.5043579 0.721595 -0.4915565 0.7586536 -0.4725095 0.7707341 -0.5043579 0.721595 -0.4725095 0.7707341 -0.3804894 0.6782324 -0.4725095 0.7707341 -0.4500337 0.7858926 -0.3804894 0.6782324 -0.5043579 0.721595 -0.4411088 0.6008055 -0.5167585 0.7111979 -0.6077111 0.7321552 -0.5479794 0.7177559 -0.6254509 0.6720385 -0.5479794 0.7177559 -0.5167585 0.7111979 -0.5576092 0.6243349 -0.5576092 0.6243349 -0.5167585 0.7111979 -0.5254513 0.6019383 -0.6356081 0.7334635 -0.6077111 0.7321552 -0.643778 0.6996154 -0.643778 0.6996154 -0.6560648 0.729317 -0.6356081 0.7334635 -0.6254509 0.6720385 -0.643778 0.6996154 -0.6077111 0.7321552 -0.5576092 0.6243349 -0.5898968 0.6372625 -0.5479794 0.7177559 -0.5898968 0.6372625 -0.6254509 0.6720385 -0.5479794 0.7177559 -0.4777136 0.5844739 -0.5254513 0.6019383 -0.4411088 0.6008055 -0.5254513 0.6019383 -0.5167585 0.7111979 -0.4411088 0.6008055 -0.4411088 0.6008055 -0.5043579 0.721595 -0.411346 0.6208487 -0.411346 0.6208487 -0.5043579 0.721595 -0.3804894 0.6782324 -0.3804894 0.6782324 -0.3836697 0.6477049 -0.411346 0.6208487 -0.3804894 0.6782324 -0.4500337 0.7858926 -0.3799434 0.8038757 -0.3865444 0.8469325 -0.3799434 0.8038757 -0.4452756 0.844695 -0.3858818 0.883171 -0.4701477 0.8778617 -0.3816992 0.9455928 -0.3601269 0.9223575 -0.3558376 0.8959657 -0.3858818 0.883171 -0.3816992 0.9455928 -0.3601269 0.9223575 -0.3858818 0.883171 -0.3855544 1.032176 -0.471968 1.044776 -0.3813878 1.069591 -0.5024312 1.065114 -0.5309347 1.072651 -0.4630453 1.165764 -0.5309347 1.072651 -0.5628207 1.087872 -0.5024594 1.180229 -0.5024312 1.065114 -0.4630453 1.165764 -0.471968 1.044776 -0.471968 1.044776 -0.3905131 1.107318 -0.3813878 1.069591 -0.5628207 1.087872 -0.6064663 1.105406 -0.5522945 1.188665 -0.3905131 1.107318 -0.471968 1.044776 -0.4217795 1.159006 -0.6064663 1.105406 -0.6278197 1.112347 -0.6478412 1.155761 -0.6278197 1.112347 -0.6491505 1.125538 -0.6478412 1.155761 -0.4630453 1.165764 -0.5309347 1.072651 -0.5024594 1.180229 -0.4043847 1.135278 -0.3905131 1.107318 -0.4217795 1.159006 -0.5276893 1.181222 -0.5628207 1.087872 -0.5522945 1.188665 -0.5628207 1.087872 -0.5276893 1.181222 -0.5024594 1.180229 -0.471968 1.044776 -0.4630453 1.165764 -0.4217795 1.159006 -0.6478412 1.155761 -0.6114719 1.190501 -0.6064663 1.105406 -0.6114719 1.190501 -0.5810428 1.19505 -0.6064663 1.105406 -0.5810428 1.19505 -0.5522945 1.188665 -0.6064663 1.105406 -0.4630453 1.165764 -0.4536835 1.183805 -0.4217795 1.159006 0.5761196 -0.05877131 0.5965496 -0.04161888 0.6461527 -0.07555556 0.5371078 -0.04981797 0.5761196 -0.05877131 0.5166393 -0.07680869 0.5761196 -0.05877131 0.6461527 -0.07555556 0.5794773 -0.1564427 0.6461527 -0.07555556 0.6842998 -0.09526383 0.6057579 -0.1765589 0.623478 -0.1869165 0.6842998 -0.09526383 0.6991698 -0.1157341 0.4923267 -0.1650913 0.5166393 -0.07680869 0.5794773 -0.1564427 0.5794773 -0.1564427 0.5166393 -0.07680869 0.5761196 -0.05877131 0.5026627 -0.1909649 0.4923267 -0.1650913 0.5794773 -0.1564427 0.5114183 -0.223669 0.5026627 -0.1909649 0.5730506 -0.2087557 0.6842998 -0.09526383 0.623478 -0.1869165 0.6057579 -0.1765589 0.6991698 -0.1157341 0.7121416 -0.1525295 0.623478 -0.1869165 0.7121416 -0.1525295 0.7242305 -0.1711259 0.623478 -0.1869165 0.7242305 -0.1711259 0.734998 -0.1913565 0.6504946 -0.2417354 0.623478 -0.1869165 0.7242305 -0.1711259 0.6504946 -0.2417354 0.734998 -0.1913565 0.7453729 -0.222599 0.6504946 -0.2417354 0.7453729 -0.222599 0.7567982 -0.2904711 0.6676387 -0.2979791 0.7567982 -0.2904711 0.7563673 -0.3232586 0.683491 -0.3262614 0.5026627 -0.1909649 0.5794773 -0.1564427 0.5740916 -0.1858725 0.5392993 -0.2903389 0.5145619 -0.2619446 0.5624049 -0.2712667 0.5145619 -0.2619446 0.5114183 -0.223669 0.5624049 -0.2712667 0.5026627 -0.1909649 0.5740916 -0.1858725 0.5730506 -0.2087557 0.6676387 -0.2979791 0.7567982 -0.2904711 0.683491 -0.3262614 0.5730506 -0.2087557 0.5624049 -0.2712667 0.5114183 -0.223669 0.6504946 -0.2417354 0.7453729 -0.222599 0.6676387 -0.2979791 0.6057579 -0.1765589 0.5794773 -0.1564427 0.6461527 -0.07555556 0.7563673 -0.3232586 0.7690837 -0.3587809 0.6867606 -0.3641344 0.7690837 -0.3587809 0.7690837 -0.5127591 0.7070382 -0.4458033 0.7690837 -0.5127591 0.7633222 -0.5330452 0.7196353 -0.5116997 0.7633222 -0.5330452 0.7629715 -0.5760104 0.7196353 -0.5116997 0.7629715 -0.5760104 0.7407216 -0.6146643 0.6705287 -0.545374 0.7196353 -0.5116997 0.7629715 -0.5760104 0.6705287 -0.545374 0.683491 -0.3262614 0.7563673 -0.3232586 0.6867606 -0.3641344 0.7070382 -0.4458033 0.6867606 -0.3641344 0.7690837 -0.3587809 0.7407216 -0.6146643 0.6964734 -0.6424452 0.6705287 -0.545374 0.7196353 -0.5116997 0.7072067 -0.4691738 0.7690837 -0.5127591 0.7072067 -0.4691738 0.7070382 -0.4458033 0.7690837 -0.5127591 0.6392656 -0.5524973 0.6705287 -0.545374 0.6964734 -0.6424452 0.6964734 -0.6424452 0.640078 -0.6697968 0.6392656 -0.5524973 0.640078 -0.6697968 0.5660769 -0.670513 0.6012819 -0.5638516 0.5660769 -0.670513 0.5327652 -0.6471325 0.6012819 -0.5638516 0.5327652 -0.6471325 0.5137407 -0.6272227 0.5409687 -0.5781589 0.5327652 -0.6471325 0.5409687 -0.5781589 0.6012819 -0.5638516 0.640078 -0.6697968 0.6012819 -0.5638516 0.6392656 -0.5524973 0.5137407 -0.6272227 0.4891895 -0.6005514 0.5409687 -0.5781589 0.4891895 -0.6005514 0.458035 -0.5504006 0.5409687 -0.5781589 0.458035 -0.5504006 0.4358535 -0.4878471 0.5351836 -0.5162127 0.5351836 -0.5162127 0.4358535 -0.4878471 0.5506045 -0.4432817 0.4358535 -0.4878471 0.4318866 -0.4356853 0.5506045 -0.4432817 0.4318866 -0.4356853 0.4357687 -0.3359372 0.4974638 -0.3228496 0.4357687 -0.3359372 0.4680654 -0.3183768 0.4974638 -0.3228496 0.4974638 -0.3228496 0.5288762 -0.3327365 0.5506045 -0.4432817 0.5288762 -0.3327365 0.6036274 -0.380431 0.5506045 -0.4432817 0.6036274 -0.380431 0.6538605 -0.435125 0.6389489 -0.4470245 0.4318866 -0.4356853 0.4974638 -0.3228496 0.5506045 -0.4432817 0.5351836 -0.5162127 0.5409687 -0.5781589 0.458035 -0.5504006 0.6036274 -0.380431 0.6389489 -0.4470245 0.6044745 -0.4596958 0.5506045 -0.4432817 0.6036274 -0.380431 0.6044745 -0.4596958 1.297838 -0.5143684 1.233777 -0.5545535 1.233777 -0.5143684 1.27407 0.8723172 1.210009 0.7615214 1.210009 0.8723172 -0.2129033 1.576247 -0.2769641 1.54188 -0.2769641 1.576247 -0.2917769 0.9564921 -0.3558376 0.8115856 -0.3558376 0.9564921 1.27407 0.7615214 1.210009 0.7364668 1.210009 0.7615214 0.1676344 1.299022 0.1035737 1.238206 0.1035737 1.299022 1.361899 -0.07352381 1.297838 -0.1255792 1.297838 -0.07352381 1.554081 -0.2383812 1.49002 -0.278636 1.49002 -0.2383812 1.498528 0.5841126 1.434468 0.5233808 1.434468 0.5841126 1.434468 0.4197745 1.370407 0.3886419 1.370407 0.4197745 1.42596 -0.1567134 1.361899 -0.1853579 1.361899 -0.1567134 1.525788 0.6054927 1.562237 0.541432 1.525788 0.541432 0.08924657 1.348109 0.02518588 1.312016 0.02518588 1.348109 -0.4638825 1.363653 -0.5279431 1.342769 -0.5279431 1.363653 -0.2917769 1.520212 -0.3558376 1.498996 -0.3558376 1.520212 1.338131 1.414862 1.27407 1.374812 1.27407 1.414862 1.466253 1.19466 1.402192 1.119081 1.402192 1.19466 0.2957559 1.571636 0.2316952 1.530747 0.2316952 1.571636 1.338131 1.459455 1.27407 1.414862 1.27407 1.459455 1.27407 1.297873 1.21001 1.254634 1.21001 1.297873 1.562589 0.07846188 1.498528 0.04241448 1.498528 0.07846188 1.178225 0.07458299 1.114164 0.04346615 1.114164 0.07458299 1.402192 1.235253 1.338131 1.146197 1.338131 1.235253 1.242285 0.6031463 1.178225 0.5655355 1.178225 0.6031463 1.033835 1.427695 0.9697739 1.406894 0.9697739 1.427695 1.558855 0.7998539 1.581565 0.7357932 1.558855 0.7357932 -0.6304398 1.565634 -0.5944736 1.501574 -0.6304398 1.501574 1.033835 1.486191 0.9697739 1.45628 0.9697739 1.486191 1.49002 -0.1722705 1.42596 -0.2068072 1.42596 -0.1722705 1.306346 0.2793825 1.242285 0.2486409 1.242285 0.2793825 1.554081 -0.3709648 1.49002 -0.4169845 1.49002 -0.3709648 -0.08478188 1.291541 -0.1488425 1.266293 -0.1488425 1.291541 1.306346 0.3210668 1.242285 0.2994892 1.242285 0.3210668 0.569141 1.255893 0.5050804 1.229407 0.5050804 1.255893 1.530313 1.298855 1.466253 1.273583 1.466253 1.298855 0.4238775 1.323703 0.3598168 1.280242 0.3598167 1.323703 -0.398728 1.451293 -0.3818655 1.387232 -0.398728 1.387232 1.370407 0.2527038 1.306346 0.2006483 1.306346 0.2527038 1.498528 0.2513461 1.434468 0.2011535 1.434468 0.2513461 0.295756 0.845901 0.2316953 0.8027483 0.2316953 0.845901 1.434468 0.2423049 1.370407 0.211172 1.370407 0.2423049 -0.002249896 1.508786 0.024212 1.444725 -0.002249896 1.444725 1.178225 0.4005871 1.114164 0.3841546 1.114164 0.4005871 0.8416524 1.46882 0.7775917 1.443856 0.7775917 1.46882 1.27407 1.466488 1.21001 1.434505 1.21001 1.466488 1.033835 1.239568 1.081795 1.175507 1.033835 1.175507 0.1676344 1.428104 0.1035737 1.392536 0.1035737 1.428104 1.338131 0.8694725 1.27407 0.786666 1.27407 0.8694725 -0.2886101 0.6370611 -0.2769641 0.5730005 -0.2886101 0.5730005 0.3598167 1.363548 0.2957561 1.321439 0.2957561 1.363548 1.145949 0.822326 1.081888 0.7836456 1.081888 0.822326 0.06838434 0.4550133 0.1002385 0.3909526 0.06838434 0.3909526 1.061772 1.559871 1.080485 1.49581 1.061772 1.49581 1.169717 -0.272022 1.105656 -0.32595 1.105656 -0.272022 1.297838 -0.1561633 1.233777 -0.2427365 1.233777 -0.1561633 1.233777 -0.3701938 1.169717 -0.3920933 1.169717 -0.3701938 1.554081 -0.4169844 1.49002 -0.4694433 1.49002 -0.4169844 0.1676344 1.204368 0.1035737 1.176983 0.1035737 1.204368 -0.3998218 1.364099 -0.4638825 1.314143 -0.4638825 1.364099 1.297838 -0.6126287 1.233777 -0.6705129 1.233777 -0.6126287 1.370407 0.5741978 1.306346 0.5500556 1.306346 0.5741978 -0.5279431 1.221857 -0.592004 1.19505 -0.592004 1.221857 -0.592004 1.222841 -0.6560648 1.19505 -0.6560648 1.222841 -0.2917769 1.498996 -0.3558376 1.461209 -0.3558376 1.498996 1.145949 0.7836456 1.081888 0.7627362 1.081888 0.7836456 1.434468 0.6046767 1.370407 0.5709443 1.370407 0.6046767 1.562589 0.04241448 1.498528 0.01852762 1.498528 0.04241448 0.3598167 0.7996665 0.295756 0.7497005 0.295756 0.7996665 0.7613233 1.502226 0.6972627 1.379822 0.6972625 1.502226 0.7543061 0.8627508 0.776924 0.7986901 0.7543061 0.7986901 -0.3159677 0.3402493 -0.2802916 0.2761886 -0.3159677 0.2761886 1.169717 -0.3805468 1.105656 -0.4231696 1.105656 -0.3805468 1.242285 0.4908265 1.178225 0.4042969 1.178225 0.4908265 0.6332017 1.246443 0.569141 1.228823 0.569141 1.246443 -0.592004 1.463718 -0.6560648 1.435133 -0.6560648 1.463718 1.242285 0.2690526 1.178225 0.1582567 1.178225 0.2690526 1.338131 1.081244 1.27407 1.024012 1.27407 1.081244 1.169717 -0.536276 1.105656 -0.558883 1.105656 -0.536276 1.242285 0.1582567 1.178225 0.1332021 1.178225 0.1582567 1.434468 0.4597063 1.370407 0.4197745 1.370407 0.4597063 1.145949 1.552316 1.081888 1.523123 1.081888 1.552316 1.145949 0.735906 1.081888 0.6951236 1.081888 0.735906 1.242285 0.1332021 1.178225 0.08823937 1.178225 0.1332021 1.554081 -0.5136988 1.579221 -0.5777596 1.554081 -0.5777596 0.9697739 1.481593 0.9057131 1.457216 0.9057131 1.481593 -0.2917769 0.8115856 -0.3558376 0.7623839 -0.3558376 0.8115856 1.49002 -0.5771271 1.42596 -0.6302068 1.42596 -0.5771271 1.145949 1.523123 1.081888 1.499054 1.081888 1.523123 0.3598167 0.900848 0.295756 0.8469199 0.295756 0.900848 0.754306 0.9908723 0.7765418 0.9268115 0.754306 0.9268115 -0.02072119 1.41227 -0.08478188 1.382663 -0.08478188 1.41227 1.27407 1.513828 1.210009 1.466488 1.210009 1.513828 -0.02072119 1.462736 -0.08478188 1.435658 -0.08478188 1.462736 1.530313 1.469444 1.466253 1.423424 1.466253 1.469444 -0.3159677 0.2761886 -0.2796573 0.2121278 -0.3159677 0.2121278 1.338131 1.148495 1.27407 1.11049 1.27407 1.148494 0.4238775 1.04564 0.3598168 1.024479 0.3598168 1.04564 1.27407 1.081244 1.21001 1.024012 1.21001 1.081244 1.361899 -0.189433 1.297838 -0.241742 1.297838 -0.189433 0.4238775 1.024479 0.3598168 0.9923942 0.3598168 1.024479 1.434468 0.2800831 1.370407 0.2423049 1.370407 0.2800831 1.338131 1.54907 1.27407 1.522643 1.27407 1.54907 -0.4638825 1.444656 -0.5279433 1.383436 -0.5279433 1.444656 0.9057132 1.506621 0.8416525 1.474007 0.8416525 1.506621 0.295756 1.074467 0.2316952 1.050089 0.2316952 1.074467 1.338131 1.231301 1.27407 1.148494 1.27407 1.231301 0.2316952 1.187033 0.1676345 1.136397 0.1676345 1.187033 1.178225 0.1421955 1.114164 0.1153655 1.114164 0.1421955 -0.3998218 1.568081 -0.4638825 1.517798 -0.4638825 1.568081 -0.5279431 1.314939 -0.592004 1.287799 -0.592004 1.314939 1.530313 0.716109 1.466252 0.6858163 1.466252 0.716109 1.361899 -0.241742 1.297838 -0.3410322 1.297838 -0.241742 0.8416524 1.570399 0.7775917 1.543539 0.7775917 1.570399 1.42596 -0.2175331 1.361899 -0.2615106 1.361899 -0.2175331 1.057649 1.367689 1.08162 1.303628 1.057649 1.303628 1.338131 1.254634 1.27407 1.231301 1.27407 1.254634 1.466253 1.013383 1.402192 0.9802892 1.402192 1.013383 0.06838417 0.5190741 0.1000354 0.4550133 0.06838417 0.4550133 1.361899 -0.1255792 1.297838 -0.189433 1.297838 -0.1255792 -0.1488426 1.578572 -0.2129033 1.530934 -0.2129033 1.578572 1.27407 1.148495 1.21001 1.11049 1.21001 1.148495 0.3598168 1.425763 0.2957561 1.363548 0.2957561 1.425763 -0.3990162 1.259111 -0.3848021 1.19505 -0.3990162 1.19505 1.370407 0.1367945 1.306346 0.08448553 1.306346 0.1367945 1.306346 0.03752726 1.242285 -0.0148046 1.242285 0.03752726 0.6972625 1.254267 0.6332017 1.231281 0.6332017 1.254267 1.233777 -0.2692605 1.169717 -0.293345 1.169717 -0.2692605 -0.02072113 1.216273 -0.08478188 1.188483 -0.08478188 1.216273 0.1676344 0.7343543 0.1035737 0.7149707 0.1035737 0.7343543 0.08924663 0.7346044 0.02518588 0.6948365 0.02518588 0.7346044 -0.4638825 1.527458 -0.5279431 1.496124 -0.5279431 1.527458 1.434468 0.1626654 1.370407 0.1026138 1.370407 0.1626654 0.8416525 1.201695 0.7775918 1.175507 0.7775918 1.201695 0.3598168 1.574918 0.2957561 1.550897 0.2957561 1.574918 1.169717 -0.0410493 1.105656 -0.07122957 1.105656 -0.0410493 -0.2917769 1.307429 -0.3558376 1.279996 -0.3558376 1.307429 1.178225 0.2123069 1.114164 0.1631051 1.114164 0.2123069 -0.592004 1.501574 -0.6560648 1.463718 -0.6560648 1.501574 1.361899 -0.6212282 1.297838 -0.6472067 1.297838 -0.6212282 0.295756 1.050089 0.2316953 0.9008483 0.2316952 1.050089 1.530313 0.8678219 1.466253 0.8389709 1.466253 0.8678219 1.466253 0.9802892 1.402192 0.9487579 1.402192 0.9802892 1.178225 0.3564566 1.114164 0.2123069 1.114164 0.3564566 1.434468 0.5709443 1.370407 0.5176051 1.370407 0.5709443 0.4238775 1.280242 0.3598168 1.155095 0.3598168 1.280242 1.554081 -0.278636 1.49002 -0.3045772 1.49002 -0.278636 1.530313 0.948758 1.466252 0.9182879 1.466252 0.948758 0.9057132 1.28654 0.8416525 1.246137 0.8416525 1.28654 1.42596 -0.6054628 1.361899 -0.6307105 1.361899 -0.6054628 1.466253 0.9487577 1.402192 0.9026735 1.402192 0.9487577 0.1676344 0.947642 0.1035737 0.915043 0.1035737 0.947642 -0.4638825 1.342769 -0.5279431 1.289924 -0.5279431 1.342769 0.06428027 0.1987704 0.08130985 0.1347097 0.06428027 0.1347097 1.402192 0.9225386 1.338131 0.9014433 1.338131 0.9225386 1.21001 1.167926 1.145949 1.138274 1.145949 1.167926 -0.2917769 1.550157 -0.3558376 1.520212 -0.3558376 1.550157 1.169717 -0.558883 1.105656 -0.5769914 1.105656 -0.558883 0.2957561 1.330579 0.2316953 1.287118 0.2316953 1.330579 0.5050802 1.547517 0.4410195 1.493206 0.4410195 1.547517 1.169717 -0.5769914 1.105656 -0.604317 1.105656 -0.5769914 1.498528 0.3836326 1.434468 0.3522408 1.434468 0.3836326 -0.592004 1.280444 -0.6560648 1.244502 -0.6560648 1.280443 -0.2917769 0.7623839 -0.3558376 0.7414743 -0.3558376 0.7623839 1.554081 -0.05568099 1.49002 -0.09233272 1.49002 -0.05568104 -0.08478188 1.552349 -0.1488425 1.536686 -0.1488425 1.552349 0.6332018 1.496786 0.5691412 1.382993 0.5691412 1.496786 -0.3998218 1.517798 -0.4638825 1.5011 -0.4638825 1.517798 0.2316952 1.057091 0.1676345 1.035931 0.1676345 1.057091 -0.02072125 1.252543 0.02465355 1.188483 -0.02072125 1.188483 0.3598167 0.6729968 0.2957561 0.6365939 0.2957561 0.6729968 1.178225 0.1153655 1.114164 0.07458299 1.114164 0.1153655 0.2316952 1.035931 0.1676345 1.003846 0.1676345 1.035931 1.242285 0.4042969 1.178225 0.3591294 1.178225 0.4042969 0.08924663 1.446164 0.02518588 1.417579 0.02518588 1.446164 -0.2129033 1.444975 -0.2769641 1.383755 -0.2769641 1.444975 1.42596 -0.01523911 1.361899 -0.04053884 1.361899 -0.01523911 0.3598167 0.6365939 0.2957561 0.6139871 0.2957561 0.6365939 1.27407 1.231301 1.21001 1.148495 1.21001 1.231301 1.42596 -0.07661294 1.361899 -0.1008825 1.361899 -0.07661294 0.6332017 1.228823 0.569141 1.142876 0.569141 1.228823 0.5050804 1.567234 0.56429 1.503173 0.5050804 1.503173 0.6332018 1.382993 0.5691412 1.357423 0.5691412 1.382993 0.4238775 0.9923942 0.3598168 0.9237447 0.3598168 0.9923942 1.27407 1.254634 1.21001 1.231301 1.21001 1.254634 0.4239996 0.8702301 0.4409262 0.8061695 0.4239996 0.8061695 0.4238776 0.8911457 0.3598168 0.8545779 0.3598168 0.8911457 1.370407 0.2006483 1.306346 0.1367945 1.306346 0.2006483 -0.02072119 1.498785 -0.08478188 1.462736 -0.08478188 1.498785 -0.3818655 1.451293 -0.356377 1.387232 -0.3818655 1.387232 0.2316953 1.428409 0.1676345 1.366193 0.1676345 1.428409 1.562589 0.3209876 1.498528 0.2643505 1.498528 0.3209876 0.4238776 1.493277 0.3598168 1.471157 0.3598168 1.493277 1.145949 1.32535 1.081888 1.269206 1.081888 1.32535 1.306346 0.1477411 1.242285 0.09560245 1.242285 0.1477411 1.49002 -0.5345051 1.42596 -0.5771271 1.42596 -0.5345051 -0.4638825 1.383436 -0.5279431 1.363653 -0.5279433 1.383436 1.402192 1.146197 1.338131 1.064259 1.338131 1.146197 1.306346 0.09560245 1.242285 0.0638954 1.242285 0.09560245 1.338131 1.522643 1.27407 1.483731 1.27407 1.522643 0.1676344 1.496901 0.1035737 1.428104 0.1035737 1.496901 1.338131 1.318949 1.27407 1.297872 1.27407 1.318949 1.178225 0.04346615 1.114164 0.01510238 1.114164 0.04346615 0.08924663 1.554582 0.02518588 1.529827 0.02518588 1.554582 -0.4638825 1.579686 -0.5279431 1.550458 -0.5279433 1.579686 1.178225 0.5398875 1.114164 0.4908586 1.114164 0.5398875 1.233777 -0.451003 1.169717 -0.5020572 1.169717 -0.451003 1.27407 0.921934 1.210009 0.8935152 1.210009 0.921934 1.21001 1.224874 1.145949 1.167926 1.145949 1.224874 1.554082 -0.4496381 1.580658 -0.5136988 1.554082 -0.5136988 1.554082 -0.2405164 1.578886 -0.3045771 1.554082 -0.3045771 0.2316952 1.003846 0.1676345 0.9351964 0.1676345 1.003846 1.21001 0.8034883 1.145949 0.7548127 1.145949 0.8034883 0.5050804 1.165771 0.4410196 1.117261 0.4410196 1.165771 0.2316952 0.9025973 0.1676345 0.8660295 0.1676345 0.9025973 0.08924663 0.9488987 0.02518588 0.8407989 0.02518588 0.9488987 1.338131 1.483731 1.27407 1.459456 1.27407 1.483731 0.08924663 1.576248 0.02518588 1.554582 0.02518588 1.576248 -0.2917769 1.176141 -0.3558376 1.140429 -0.3558376 1.176141 0.5050804 1.359849 0.4410196 1.327963 0.4410196 1.359849 0.4241736 0.9983516 0.4408527 0.934291 0.4241736 0.934291 0.08924663 0.6532001 0.02518588 0.6111213 0.02518588 0.6532001 0.295756 0.8027483 0.2316953 0.7497006 0.2316953 0.8027483 1.233777 -0.01965397 1.169717 -0.05387729 1.169717 -0.01965397 1.361899 -0.5293818 1.297838 -0.56483 1.297838 -0.5293818 -0.08478188 1.498356 -0.1488425 1.383306 -0.1488425 1.498356 1.233777 -0.3920933 1.169717 -0.451003 1.169717 -0.3920933 1.306346 0.3742486 1.242285 0.3460768 1.242285 0.3742486 1.114164 0.6039482 1.140366 0.5398874 1.114164 0.5398874 -0.3998218 1.268975 -0.4638825 1.208655 -0.4638825 1.268975 1.498528 0.3522408 1.434468 0.3401353 1.434468 0.3522408 1.594374 0.6900892 1.530313 0.6636565 1.530313 0.6900892 1.178225 0.4908587 1.114164 0.4005871 1.114164 0.4908586 1.21001 0.7548127 1.145949 0.6558551 1.145949 0.7548127 1.49002 -0.4431102 1.42596 -0.4834015 1.42596 -0.4431102 1.530313 0.6858163 1.466252 0.6615772 1.466252 0.6858163 1.361899 -0.3410322 1.297838 -0.3725659 1.297838 -0.3410322 0.9697739 1.435781 0.9057131 1.40783 0.9057131 1.435781 1.425959 -0.5214539 1.361899 -0.5517442 1.361899 -0.5214539 -0.08478188 1.353425 -0.1488425 1.315056 -0.1488425 1.353425 0.969774 1.324974 0.9057132 1.288693 0.9057132 1.324974 1.562589 0.2348484 1.498528 0.2058922 1.498528 0.2348484 -0.08478188 1.315056 -0.1488425 1.291541 -0.1488425 1.315056 0.969774 1.354342 0.9057132 1.324974 0.9057132 1.354342 1.297838 -0.3185819 1.233777 -0.3391796 1.233777 -0.3185819 -0.3178394 0.0840063 -0.2991369 0.01994562 -0.3178394 0.01994562 1.370407 0.5500556 1.306346 0.5207337 1.306346 0.5500556 1.530313 0.78981 1.466253 0.7357931 1.466253 0.78981 1.42596 -0.4389517 1.361899 -0.4644865 1.361899 -0.4389517 1.402192 1.343518 1.338131 1.306002 1.338131 1.343518 1.530313 0.9279754 1.580554 0.8639147 1.530313 0.8639147 1.145949 1.571897 1.081888 1.552316 1.081888 1.571897 1.402192 1.396505 1.338131 1.343518 1.338131 1.396505 -0.3159677 0.4683707 -0.2843165 0.40431 -0.3159677 0.40431 0.8416524 1.402882 0.7775917 1.381931 0.7775917 1.402882 1.498528 0.5233808 1.434468 0.491998 1.434468 0.5233808 0.1676344 1.392536 0.1035737 1.358965 0.1035737 1.392536 0.4238775 1.359756 0.3598167 1.323703 0.3598167 1.359756 -0.3178394 0.148067 -0.2784365 0.08400636 -0.3178394 0.08400636 1.498528 0.3148391 1.434468 0.2714711 1.434468 0.3148391 1.559339 1.551546 1.577784 1.487485 1.559339 1.487485 0.2316953 1.570361 0.1676345 1.536866 0.1676345 1.570361 0.6972625 1.231281 0.6332017 1.13897 0.6332017 1.231281 0.2316952 1.366193 0.1676344 1.317622 0.1676344 1.366193 0.1676344 1.127055 0.1035737 1.089196 0.1035737 1.127055 1.530313 1.14094 1.560421 1.076879 1.530313 1.076879 1.530313 1.205001 1.560206 1.14094 1.530313 1.14094 0.6972625 1.287467 0.6332017 1.254267 0.6332017 1.287467 1.21001 1.329198 1.145949 1.300166 1.145949 1.329198 -0.3998218 1.5011 -0.4638825 1.481075 -0.4638825 1.5011 0.1676344 1.016291 0.1035737 0.947642 0.1035737 1.016291 1.425959 -0.4860681 1.361899 -0.5214539 1.361899 -0.4860681 -0.2917769 1.36828 -0.3558376 1.335773 -0.3558376 1.36828 1.297838 -0.2750272 1.233777 -0.3003573 1.233777 -0.2750272 1.338131 0.7194151 1.27407 0.6621831 1.27407 0.7194151 1.233777 -0.1230911 1.169717 -0.1823421 1.169717 -0.1230911 1.338131 0.786666 1.27407 0.7486611 1.27407 0.786666 1.21001 0.6313675 1.145949 0.605736 1.145949 0.6313675 0.1676344 0.915043 0.1035737 0.8784751 0.1035737 0.915043 0.08924657 1.146766 0.02518588 1.120174 0.02518588 1.146766 1.434468 0.06483525 1.370407 0.03370225 1.370407 0.06483525 -0.2917769 1.279996 -0.3558376 1.246582 -0.3558376 1.279996 1.402192 0.8732444 1.338131 0.821189 1.338131 0.8732444 1.21001 0.6558551 1.145949 0.6313675 1.145949 0.6558551 1.49002 -0.2864947 1.42596 -0.3045771 1.42596 -0.2864947 -0.2129033 1.353242 -0.2769641 1.295996 -0.2769641 1.353242 -0.5279431 1.239132 -0.592004 1.221857 -0.592004 1.239132 1.145949 0.635643 1.081888 0.605736 1.081888 0.635643 0.6332018 1.535665 0.5691412 1.496786 0.5691412 1.535665 1.145949 0.6640067 1.081888 0.635643 1.081888 0.6640067 0.9057132 1.567773 0.932558 1.503712 0.9057132 1.503712 1.145949 0.6951236 1.081888 0.6640067 1.081888 0.6951236 0.7613233 1.288265 0.6972627 1.262193 0.6972627 1.288265 1.169717 -0.09840351 1.105656 -0.1227813 1.105656 -0.09840351 0.7613233 1.353777 0.6972627 1.317128 0.6972627 1.353777 1.145949 0.7627362 1.081888 0.735906 1.081888 0.7627362 0.4240002 0.934291 0.4408527 0.8702301 0.4240002 0.8702301 -0.1488425 1.496131 -0.2129033 1.451449 -0.2129033 1.496131 1.466253 0.7106218 1.402192 0.6907613 1.402192 0.7106218 -0.592004 1.435133 -0.6560648 1.414331 -0.6560648 1.435133 1.49002 -0.07571625 1.42596 -0.08742922 1.42596 -0.07571625 0.1676344 1.176983 0.1035737 1.148843 0.1035737 1.176983 1.145949 1.161691 1.081888 1.111399 1.081888 1.161691 1.42596 -0.3045774 1.361899 -0.338205 1.361899 -0.3045774 1.554081 -0.4694433 1.49002 -0.5136988 1.49002 -0.4694433 1.297838 -0.3391796 1.233777 -0.3622317 1.233777 -0.3391796 1.297838 -0.5862604 1.233777 -0.6126287 1.233777 -0.5862604 1.562589 0.4735569 1.498528 0.4494006 1.498528 0.4735569 1.466253 0.8021351 1.402192 0.7779167 1.402192 0.8021351 1.530313 0.8389708 1.466253 0.824168 1.466253 0.8389708 1.562589 0.35692 1.498528 0.3209876 1.498528 0.35692 -0.399016 1.323172 -0.356377 1.259111 -0.399016 1.259111 1.530313 0.824168 1.466253 0.78981 1.466253 0.824168 -0.592004 1.244502 -0.6560648 1.222841 -0.6560648 1.244502 1.530313 1.378391 1.466253 1.346182 1.466253 1.378391 1.169717 -0.4998363 1.105656 -0.536276 1.105656 -0.4998363 -0.08478188 1.520717 -0.1488425 1.498356 -0.1488425 1.520717 1.033835 1.303628 1.057649 1.239568 1.033835 1.239568 0.3598167 0.7497005 0.2957561 0.6729968 0.295756 0.7497005 1.242285 0.3591295 1.178225 0.3243024 1.178225 0.3591295 1.42596 -0.6307105 1.361899 -0.670513 1.361899 -0.6307105 0.7613233 1.379822 0.6972627 1.353777 0.6972627 1.379822 1.242285 0.3074033 1.178225 0.2902505 1.178225 0.3074033 1.530313 1.012819 1.550909 0.948758 1.530313 0.948758 0.295756 0.7497006 0.2316953 0.6729969 0.2316953 0.7497006 1.242285 0.2902505 1.178225 0.2690526 1.178225 0.2902505 1.233777 -0.5020572 1.169717 -0.5378705 1.169717 -0.5020572 1.49002 -0.08742922 1.42596 -0.1268408 1.42596 -0.08742922 1.361899 -0.4115674 1.297838 -0.4390364 1.297838 -0.4115674 1.42596 -0.04053884 1.361899 -0.07661294 1.361899 -0.04053884 1.169717 -0.07122957 1.105656 -0.09840351 1.105656 -0.07122957 1.242285 0.0570144 1.178225 0.01110947 1.178225 0.0570144 1.530313 0.8940489 1.466253 0.8678219 1.466253 0.8940489 -0.2917768 0.6143811 -0.3558376 0.5844741 -0.3558376 0.6143811 1.21001 1.502281 1.145949 1.463118 1.145949 1.502281 -0.3998218 1.314143 -0.4638825 1.289248 -0.4638825 1.314143 -0.2917769 0.6738617 -0.3558376 0.6427449 -0.3558376 0.6738617 0.969774 1.240625 0.9057132 1.208039 0.9057132 1.240625 0.3598167 1.071458 0.295756 1.050089 0.295756 1.071458 0.6972625 1.503765 0.6332018 1.464602 0.6332018 1.503765 -0.2917769 0.7414743 -0.3558376 0.7146443 -0.3558376 0.7414743 -0.3181005 0.01994562 -0.2770929 -0.04411512 -0.3181005 -0.04411512 1.530313 1.058602 1.466253 0.948758 1.466253 1.058602 0.08924663 0.6948365 0.02518588 0.6532001 0.02518588 0.6948365 0.08924663 1.417579 0.02518588 1.388514 0.02518588 1.417579 -0.2917769 1.461209 -0.3558376 1.401098 -0.3558376 1.461209 0.08924663 1.47698 0.02518588 1.446164 0.02518588 1.47698 0.5050804 1.493206 0.4410196 1.422065 0.4410196 1.493206 1.530313 1.221726 1.466253 1.192211 1.466253 1.221726 1.434468 0.1026138 1.370407 0.06483525 1.370407 0.1026138 0.4238776 1.544791 0.3598168 1.493277 0.3598168 1.544791 -0.02072119 1.435658 -0.08478188 1.41227 -0.08478188 1.435658 0.4238775 1.124945 0.3598168 1.103158 0.3598168 1.124945 -0.02072113 1.55342 -0.08478182 1.523475 -0.08478182 1.55342 1.338131 1.11049 1.27407 1.081244 1.27407 1.11049 -0.3159677 0.4043099 -0.2833842 0.3402493 -0.3159677 0.3402493 0.4238776 0.9237447 0.3598168 0.8911457 0.3598168 0.9237447 0.2316953 1.536866 0.1676345 1.499549 0.1676345 1.536866 0.4238776 0.8545779 0.3598168 0.7029724 0.3598168 0.8545779 1.550909 1.012819 1.578578 0.948758 1.550909 0.948758 1.361899 -0.04532486 1.297838 -0.07352381 1.297838 -0.04532486 0.08924657 1.120174 0.02518588 1.089185 0.02518588 1.120174 1.361899 -0.02422964 1.297838 -0.04532486 1.297838 -0.02422964 1.530313 1.551546 1.559339 1.487485 1.530313 1.487485 0.08924657 1.180289 0.02518588 1.146766 0.02518588 1.180289 1.466253 0.7779169 1.402192 0.7425143 1.402192 0.7779169 0.08924657 1.312016 0.02518588 1.25428 0.02518588 1.312016 0.4238776 1.403799 0.3598168 1.359756 0.3598168 1.403799 1.306346 0.2486409 1.242285 0.1753764 1.242285 0.2486409 -0.4638825 1.246793 -0.5279431 1.19505 -0.5279431 1.246793 0.4238776 1.471157 0.3598168 1.437672 0.3598168 1.471157 1.554081 -0.0923326 1.49002 -0.1208621 1.49002 -0.09233272 0.1676344 1.525032 0.1035737 1.496901 0.1035737 1.525032 1.402192 1.064259 1.338131 1.024574 1.338131 1.064259 -0.02072113 1.523475 -0.08478182 1.498785 -0.08478182 1.523475 1.145949 1.398716 1.081888 1.369344 1.081888 1.398716 -0.399016 1.387232 -0.356377 1.323172 -0.399016 1.323172 1.306346 0.6035518 1.242285 0.5740372 1.242285 0.6035518 1.466253 1.548204 1.402192 1.513531 1.402192 1.548204 -0.08478188 1.266293 -0.1488425 1.223386 -0.1488425 1.266293 1.27407 0.8935152 1.210009 0.8723172 1.210009 0.8935152 -0.592004 1.389231 -0.6560648 1.280443 -0.6560648 1.389231 -0.398728 1.515353 -0.3565723 1.451293 -0.398728 1.451293 0.4238776 0.7029724 0.3598168 0.6816446 0.3598168 0.7029724 0.5050804 1.311585 0.4410196 1.277292 0.4410196 1.311585 0.2316953 0.7127448 0.1676345 0.6930962 0.1676345 0.7127448 0.7543063 1.054933 0.776542 0.9908723 0.7543063 0.9908723 1.562589 0.4494006 1.498529 0.4202264 1.498529 0.4494005 1.178225 0.01510238 1.114164 -0.0148046 1.114164 0.01510238 0.2316952 1.262262 0.1676345 1.187033 0.1676344 1.262262 1.594374 0.6230975 1.530313 0.605736 1.530313 0.6230975 1.178225 0.1631051 1.114164 0.1421955 1.114164 0.1631051 1.033835 1.278719 0.969774 1.245302 0.969774 1.278719 1.140366 0.6039482 1.178188 0.5398874 1.140366 0.5398874 0.06428033 0.2628312 0.1014348 0.1987705 0.06428033 0.1987705 1.033835 1.406894 0.9697739 1.380689 0.9697739 1.406894 0.8416524 1.524422 0.7775917 1.499527 0.7775917 1.524422 1.033835 1.45628 0.9697739 1.427695 0.9697739 1.45628 1.49002 -0.4834015 1.42596 -0.5136989 1.42596 -0.4834015 1.554081 -0.2088667 1.49002 -0.2383812 1.49002 -0.2088667 1.370407 0.4848007 1.306346 0.4402326 1.306346 0.4848007 1.27407 1.55302 1.210009 1.513828 1.210009 1.55302 1.338131 0.6621831 1.27407 0.6057361 1.27407 0.6621831 1.42596 -0.5806595 1.361899 -0.6054628 1.361899 -0.5806595 -0.1488425 1.451449 -0.2129033 1.383359 -0.2129033 1.451449 1.21001 1.138274 1.145949 1.113299 1.145949 1.138274 0.295756 1.530747 0.2316952 1.499413 0.2316952 1.530747 1.530313 1.269062 1.560104 1.205001 1.530313 1.205001 -0.2917769 1.090137 -0.3558376 0.9966829 -0.3558376 1.090137 0.2957561 1.366631 0.2316953 1.330579 0.2316953 1.366631 1.27407 0.691504 1.210009 0.660279 1.210009 0.691504 0.2316952 1.136397 0.1676345 1.114609 0.1676345 1.136397 0.295756 1.101641 0.2316952 1.074467 0.2316952 1.101641 1.27407 1.11049 1.21001 1.081244 1.21001 1.11049 0.9057132 1.408098 0.8416525 1.381493 0.8416525 1.408098 0.2316952 0.9351964 0.1676345 0.9025973 0.1676345 0.9351964 1.498528 0.1373776 1.434468 0.1205828 1.434468 0.1373776 0.2316953 0.8660295 0.1676345 0.7127448 0.1676345 0.8660295 1.562589 0.01852762 1.498528 -0.01480466 1.498528 0.01852762 1.562589 0.4202264 1.498529 0.3984331 1.498529 0.4202264 1.370407 0.2809028 1.306346 0.2527038 1.306346 0.2809027 1.242285 0.3243024 1.178225 0.3074033 1.178225 0.3243024 1.370407 0.3019979 1.306346 0.2809027 1.306346 0.3019979 0.3598168 1.496904 0.2957561 1.425763 0.2957561 1.496904 1.145949 1.195214 1.081888 1.161691 1.081888 1.195214 1.306346 0.1753764 1.242285 0.1477411 1.242285 0.1753764 1.402192 1.024574 1.338131 0.9922514 1.338131 1.024574 1.554081 -0.3210153 1.49002 -0.3709648 1.49002 -0.3210153 1.402192 0.9922514 1.338131 0.9675644 1.338131 0.9922514 1.498528 0.4437429 1.434468 0.3836326 1.434468 0.4437429 1.033835 1.559871 1.061772 1.49581 1.033835 1.49581 1.554081 -0.1208621 1.49002 -0.1511859 1.49002 -0.1208621 1.402192 1.446318 1.338131 1.396505 1.338131 1.446318 0.569141 1.229407 0.5050804 1.142876 0.5050804 1.229407 1.145949 1.499054 1.081888 1.471251 1.081888 1.499054 0.2316953 1.499549 0.1676345 1.428409 0.1676345 1.499549 -0.5279431 1.572136 -0.592004 1.499349 -0.592004 1.572136 1.033835 1.245302 0.969774 1.175507 0.969774 1.245302 0.3598167 1.321439 0.2957561 1.299784 0.2957561 1.321439 0.6332018 1.576084 0.5691412 1.535665 0.5691412 1.576084 0.3598167 1.299784 0.2957561 1.254616 0.2957561 1.299784 0.295756 1.499413 0.2316953 1.463999 0.2316953 1.499413 0.3598167 1.254616 0.2957561 1.184653 0.2957561 1.254616 1.42596 -0.3990241 1.361899 -0.4389517 1.361899 -0.3990241 -0.3998218 1.422331 -0.4638825 1.381795 -0.4638825 1.422331 -0.1488425 1.240226 -0.2129033 1.188483 -0.2129033 1.240226 0.06428021 0.00658822 0.09019172 -0.05747246 0.06428021 -0.05747246 1.297838 -0.5545535 1.233777 -0.5862604 1.233777 -0.5545535 1.554081 -0.3045772 1.578509 -0.3686379 1.554081 -0.3686379 1.242285 0.08823937 1.178225 0.0570144 1.178225 0.08823937 1.033835 1.43175 1.080921 1.367689 1.033835 1.367689 1.530313 1.522232 1.466253 1.469444 1.466253 1.522232 1.233777 -0.293345 1.169717 -0.3153265 1.169717 -0.293345 0.08924657 1.36739 0.02518588 1.348109 0.02518588 1.36739 1.233777 -0.07056796 1.169717 -0.09361428 1.169717 -0.07056796 0.1676344 1.557194 0.1035737 1.525032 0.1035736 1.557194 1.033835 1.32348 0.969774 1.278719 0.969774 1.32348 -0.02072119 1.382663 -0.08478188 1.273876 -0.08478188 1.382663 1.233777 -0.1823421 1.169717 -0.2212707 1.169717 -0.1823421 1.466253 1.513531 1.402192 1.489645 1.402192 1.513531 1.297838 -0.09185624 1.233777 -0.1249326 1.233777 -0.09185624 1.42596 -0.2615106 1.361899 -0.2829946 1.361899 -0.2615106 1.498528 0.1205828 1.434468 0.0895763 1.434468 0.1205828 1.42596 -0.1853579 1.361899 -0.2175331 1.361899 -0.1853579 1.233777 -0.5378705 1.169717 -0.5712571 1.169717 -0.5378705 1.21001 1.261803 1.145949 1.224874 1.145949 1.261803 1.297838 -0.0508297 1.233777 -0.09185624 1.233777 -0.0508297 0.3598168 1.184653 0.2957561 1.156468 0.2957561 1.184653 1.233777 -0.6395822 1.169717 -0.670513 1.169717 -0.6395822 -0.3998218 1.445786 -0.4638825 1.422331 -0.4638825 1.445786 0.08924657 1.089185 0.02518588 0.9488987 0.02518588 1.089185 1.297838 -0.2427365 1.233777 -0.2750272 1.233777 -0.2427365 0.08924663 0.8407989 0.02518588 0.7927936 0.02518588 0.8407989 1.498528 0.023745 1.434468 -0.01480478 1.434468 0.023745 0.08924663 0.767368 0.02518588 0.7346044 0.02518588 0.767368 1.21001 1.086639 1.145949 0.8034883 1.145949 1.086639 1.530313 1.346182 1.466253 1.32345 1.466253 1.346182 0.8416525 1.381932 0.7775918 1.344439 0.7775918 1.381932 0.8416525 1.344439 0.7775918 1.315116 0.7775918 1.344439 0.8416525 1.230629 0.7775918 1.201695 0.7775918 1.230629 0.2957561 1.397149 0.2316953 1.366631 0.2316953 1.397149 -0.2917769 1.246582 -0.3558376 1.176141 -0.3558376 1.246582 0.295756 1.463999 0.2316953 1.432817 0.2316953 1.463999 1.49002 -0.2466598 1.42596 -0.2864947 1.42596 -0.2466598 0.7613233 1.147511 0.6972627 1.117262 0.6972627 1.147511 0.9057132 1.381493 0.8416525 1.354341 0.8416525 1.381493 -0.5279431 1.287799 -0.592004 1.239132 -0.592004 1.287799 1.466253 0.7425143 1.402192 0.7106218 1.402192 0.7425143 1.361899 -0.3725659 1.297838 -0.4115674 1.297838 -0.3725659 1.361899 -0.4390364 1.297838 -0.4992647 1.297838 -0.4390364 0.2957561 1.432817 0.2316953 1.397149 0.2316953 1.432817 1.361899 -0.4992647 1.297838 -0.5293818 1.297838 -0.4992647 0.932558 1.567773 0.9576236 1.503712 0.932558 1.503712 0.7613233 1.317128 0.6972627 1.288265 0.6972627 1.317128 1.361899 -0.56483 1.297838 -0.6212282 1.297838 -0.56483 1.466253 1.045095 1.402192 1.013383 1.402192 1.045095 1.306346 0.5006045 1.242285 0.4789286 1.242285 0.5006045 1.49002 -0.3579486 1.42596 -0.3874408 1.42596 -0.3579486 1.49002 -0.3874408 1.42596 -0.4431102 1.42596 -0.3874408 1.466253 0.6907613 1.402192 0.605736 1.402192 0.6907613 1.169717 -0.4231696 1.105656 -0.4998363 1.105656 -0.4231696 1.42596 -0.1258617 1.361899 -0.1567134 1.361899 -0.1258617 1.562589 0.1027375 1.498528 0.07846188 1.498528 0.1027375 1.530313 1.387511 1.560104 1.32345 1.530313 1.32345 1.297838 -0.3622317 1.233777 -0.3943824 1.233777 -0.3622317 -0.2917769 1.573161 -0.3558376 1.550157 -0.3558376 1.573161 0.06428021 0.3268919 0.1002384 0.2628312 0.06428021 0.2628312 1.562589 0.1714264 1.498528 0.1474189 1.498528 0.1714263 1.42596 -0.1008825 1.361899 -0.1258617 1.361899 -0.1008825 0.1676344 1.575263 0.1035736 1.557194 0.1035736 1.575263 1.49002 -0.01651394 1.42596 -0.03732013 1.42596 -0.01651394 0.00717616 1.380665 0.02438557 1.316604 0.00717616 1.316604 1.306346 0.3460768 1.242285 0.3210669 1.242285 0.3460768 -0.3998218 1.381794 -0.4638825 1.364099 -0.4638825 1.381794 0.1676344 1.358965 0.1035737 1.340673 0.1035737 1.358965 -0.5279433 1.386661 -0.592004 1.342015 -0.592004 1.386661 0.9057132 1.474007 0.8416525 1.438498 0.8416525 1.474007 0.2316952 1.317622 0.1676344 1.3015 0.1676344 1.317622 0.09019172 0.00658822 0.1033944 -0.05747246 0.09019172 -0.05747246 1.554082 -0.05568104 1.575859 -0.1197418 1.554082 -0.1197418 1.466253 1.085709 1.402192 1.045095 1.402192 1.085709 0.9057132 1.305577 0.8416525 1.28654 0.8416525 1.305577 0.9057132 1.325362 0.8416525 1.305577 0.8416525 1.325362 -0.08478188 1.223386 -0.1488425 1.188482 -0.1488425 1.223386 1.42596 -0.4644865 1.361899 -0.4860684 1.361899 -0.4644865 1.498528 0.2011535 1.434468 0.1626654 1.434468 0.2011535 -0.2917769 1.140429 -0.3558376 1.090137 -0.3558376 1.140429 -0.5279433 1.499349 -0.592004 1.470562 -0.592004 1.499349 1.27407 1.434505 1.21001 1.405033 1.21001 1.434505 0.9697739 1.40783 0.9057131 1.381493 0.9057131 1.40783 0.7543058 0.7346293 0.7772373 0.6705686 0.7543058 0.6705686 1.21001 1.113299 1.145949 1.086639 1.145949 1.113299 -0.2991369 0.0840063 -0.2770929 0.01994562 -0.2991369 0.01994562 0.754306 0.6705686 0.7772376 0.6065078 0.754306 0.6065078 0.08924663 1.529827 0.02518588 1.498803 0.02518588 1.529827 1.530313 1.487485 1.559434 1.423424 1.530313 1.423424 -0.02006316 1.316604 0.02465367 1.252543 -0.02006316 1.252543 -0.5279431 1.470562 -0.592004 1.447881 -0.592004 1.470562 1.27407 1.405033 1.21001 1.373451 1.21001 1.405033 1.402192 1.306002 1.338131 1.272089 1.338131 1.306002 1.434468 0.03370225 1.370407 -0.01480466 1.370407 0.03370225 0.1676344 0.7149707 0.1035737 0.6628033 0.1035737 0.7149707 -0.2129033 1.295996 -0.2769641 1.222005 -0.2769641 1.295996 0.4239996 0.6780479 0.4410195 0.6139873 0.4239996 0.6139873 0.4238775 1.065298 0.3598168 1.04564 0.3598168 1.065298 1.338131 1.024012 1.27407 0.9675646 1.27407 1.024012 0.6332017 1.327493 0.569141 1.289094 0.569141 1.327493 0.6332017 1.357423 0.569141 1.327493 0.569141 1.357423 1.466253 1.489645 1.402192 1.456312 1.402192 1.489645 0.6332017 1.142876 0.569141 1.117261 0.569141 1.142876 0.2316952 1.07675 0.1676345 1.057091 0.1676345 1.07675 0.9057132 1.438498 0.8416525 1.408098 0.8416525 1.438498 1.27407 1.024012 1.21001 0.9675647 1.21001 1.024012 0.569141 1.327492 0.5050804 1.289094 0.5050804 1.327492 1.178225 0.3841546 1.114164 0.3564566 1.114164 0.3841546 0.569141 1.357423 0.5050804 1.327492 0.5050804 1.357423 1.033835 1.380689 0.969774 1.3577 0.969774 1.380689 0.8416525 1.315116 0.7775918 1.261148 0.7775918 1.315116 0.7613233 1.213358 0.6972627 1.175998 0.6972627 1.213358 1.466253 1.119081 1.402192 1.085709 1.402192 1.119081 1.306346 0.5740372 1.242285 0.5006045 1.242285 0.5740372 1.42596 -0.338205 1.361899 -0.3668492 1.361899 -0.338205 -0.1488425 1.362784 -0.2129033 1.336201 -0.2129033 1.362784 1.27407 1.373451 1.21001 1.297873 1.21001 1.373451 1.338131 0.936044 1.27407 0.8928052 1.27407 0.936044 0.1676344 0.6628033 0.1035737 0.6328291 0.1035737 0.6628033 1.233777 -0.05387729 1.169717 -0.07056796 1.169717 -0.05387729 1.169717 -0.604317 1.105656 -0.6445719 1.105656 -0.604317 0.06428021 0.1347097 0.1028299 0.07064896 0.06428021 0.07064896 1.498528 0.4919983 1.434468 0.4716655 1.434468 0.4919983 1.242285 0.5191603 1.178225 0.4908265 1.178225 0.5191603 0.3598167 0.8469199 0.295756 0.8185994 0.295756 0.8469199 0.969774 1.381492 0.9057132 1.354342 0.9057132 1.381492 1.21001 1.463118 1.145949 1.442993 1.145949 1.463118 1.033835 1.49581 1.051648 1.43175 1.033835 1.43175 0.969774 1.208039 0.9057133 1.175507 0.9057132 1.208039 0.6972625 1.464602 0.6332018 1.444477 0.6332018 1.464602 -0.0200631 1.444725 -0.002249658 1.380665 -0.0200631 1.380665 1.370407 0.08448553 1.306346 -0.0148046 1.306346 0.08448553 0.9057132 1.354341 0.8416525 1.325362 0.8416525 1.354341 0.8416524 1.499527 0.7775917 1.46882 0.7775917 1.499527 1.233777 -0.3153265 1.169717 -0.3701938 1.169717 -0.3153265 1.21001 1.300166 1.145949 1.261803 1.145949 1.300166 1.233777 -0.593045 1.169717 -0.6142198 1.169717 -0.593045 0.08924663 0.6111213 0.02518588 0.5730005 0.02518588 0.6111213 1.21001 1.354312 1.145949 1.329198 1.145949 1.354312 -0.2129033 1.54188 -0.2769641 1.509898 -0.2769641 1.54188 1.42596 -0.3668492 1.361899 -0.3990241 1.361899 -0.3668492 0.569141 1.142876 0.5050804 1.117261 0.5050804 1.142876 -0.1488425 1.336201 -0.2129033 1.283356 -0.2129033 1.336201 0.1676344 1.069537 0.1035737 1.048377 0.1035737 1.069537 -0.5279431 1.447881 -0.592004 1.386661 -0.592004 1.447881 1.169717 -0.6445719 1.105656 -0.670513 1.105656 -0.6445719 1.530313 1.192211 1.466253 1.151957 1.466253 1.192211 1.21001 1.442993 1.145949 1.3928 1.145949 1.442993 0.4238775 1.155095 0.3598168 1.124946 0.3598168 1.155095 0.4238775 1.103158 0.3598168 1.065298 0.3598168 1.103158 1.051648 1.49581 1.07811 1.43175 1.051648 1.43175 1.498528 0.6051427 1.434468 0.5841126 1.434468 0.6051427 1.466252 1.456312 1.402191 1.42433 1.402191 1.456312 1.145949 1.021128 1.081888 1.004695 1.081888 1.021128 0.700589 1.566287 0.730697 1.502226 0.700589 1.502226 1.306346 0.0638954 1.242285 0.03752726 1.242285 0.0638954 1.466253 0.8626227 1.402192 0.8383539 1.402192 0.8626227 0.3598168 1.514647 0.2957561 1.496904 0.2957561 1.514647 0.3598167 1.131821 0.295756 1.10164 0.295756 1.131821 0.5050804 1.248958 0.4410196 1.165771 0.4410196 1.248958 0.4238776 1.437672 0.3598168 1.403799 0.3598168 1.437672 0.6972625 1.444477 0.6332018 1.394285 0.6332018 1.444477 1.402191 1.464177 1.338131 1.446318 1.338131 1.464177 0.2316952 1.114609 0.1676345 1.07675 0.1676345 1.114609 0.06428021 0.07064896 0.1029928 0.00658822 0.06428021 0.00658822 0.2316953 0.6503577 0.1676345 0.6139871 0.1676345 0.6503577 0.4238776 1.579086 0.3598168 1.544791 0.3598168 1.579086 -0.002249658 1.444725 0.02421247 1.380665 -0.002249658 1.380665 1.49002 -0.6302068 1.42596 -0.6512784 1.42596 -0.6302068 1.466253 1.287697 1.402192 1.255714 1.402192 1.287697 0.569141 1.503173 0.5050804 1.381796 0.5050802 1.503173 1.033835 1.3577 0.969774 1.32348 0.969774 1.3577 1.559434 1.487485 1.57694 1.423424 1.559434 1.423424 1.594374 0.6636565 1.530313 0.6230975 1.530313 0.6636565 1.554081 -0.572338 1.49002 -0.6391302 1.49002 -0.572338 1.370407 0.3286578 1.306346 0.3019979 1.306346 0.3286578 1.297838 -0.03133714 1.233777 -0.0508297 1.233777 -0.0313372 -0.3848021 1.259111 -0.3558378 1.19505 -0.3848021 1.19505 1.49002 -0.2068072 1.42596 -0.2466598 1.42596 -0.2068072 0.1676344 1.148843 0.1035737 1.127055 0.1035737 1.148843 0.7613233 1.262193 0.6972627 1.213358 0.6972627 1.262193 -0.2917769 0.7146443 -0.3558376 0.6738617 -0.3558376 0.7146443 0.1676344 1.048377 0.1035737 1.016291 0.1035737 1.048377 0.7613233 1.175998 0.6972627 1.147511 0.6972627 1.175998 0.7543057 0.7986901 0.7772372 0.7346293 0.7543057 0.7346293 1.306346 0.4789286 1.242285 0.4431477 1.242285 0.4789286 1.338131 0.8928052 1.27407 0.8694725 1.27407 0.8928052 1.530313 1.076879 1.548382 1.012819 1.530313 1.012819 -0.4638825 1.289924 -0.5279431 1.246793 -0.5279431 1.289924 1.402192 0.821189 1.338131 0.7573351 1.338131 0.821189 1.530313 1.32345 1.466253 1.298855 1.466253 1.32345 1.402192 0.7573351 1.338131 0.7050262 1.338131 0.7573351 0.5050804 1.422065 0.4410196 1.35985 0.4410196 1.422065 0.9697739 1.457216 0.9057131 1.435781 0.9057131 1.457216 -0.2129033 1.383755 -0.2769641 1.353242 -0.2769641 1.383755 1.033835 1.367689 1.057649 1.303628 1.033835 1.303628 1.242285 0.01110947 1.178225 -0.01480454 1.178225 0.01110947 1.466253 0.9026736 1.402192 0.8626227 1.402192 0.9026735 1.530313 1.151957 1.466253 1.119081 1.466253 1.151957 0.3598168 1.529558 0.2957561 1.514647 0.2957561 1.529558 1.402191 1.540452 1.338131 1.503269 1.338131 1.540452 1.21001 1.3928 1.145949 1.354312 1.145949 1.3928 1.562589 0.5157031 1.498528 0.4735569 1.498528 0.5157031 0.295756 0.6729969 0.2316953 0.6365942 0.2316953 0.6729969 -0.4638825 1.496124 -0.5279433 1.467338 -0.5279433 1.496124 0.4239996 0.8061695 0.4409267 0.7421088 0.4239996 0.7421088 0.2957561 0.6365942 0.2316953 0.6139873 0.2316953 0.6365942 1.466252 1.42433 1.402191 1.394857 1.402191 1.42433 1.498528 0.4716655 1.434468 0.4437429 1.434468 0.4716655 1.562589 0.3984331 1.498529 0.3569199 1.498529 0.3984331 0.4239997 0.7421086 0.4410195 0.6780479 0.4239997 0.6780479 0.969774 1.288693 0.9057132 1.240625 0.9057132 1.288693 0.3598168 1.156468 0.2957561 1.131821 0.2957561 1.156468 1.27407 0.7364668 1.210009 0.691504 1.210009 0.7364668 0.2316952 1.3015 0.1676344 1.262262 0.1676344 1.3015 -0.2917769 1.335773 -0.3558376 1.307429 -0.3558376 1.335773 1.42596 -0.2829946 1.361899 -0.3045771 1.361899 -0.2829946 1.498528 0.0895763 1.434468 0.05783098 1.434468 0.0895763 1.370407 0.4402326 1.306346 0.3832846 1.306346 0.4402326 0.6972625 1.394285 0.6332018 1.355797 0.6332018 1.394285 -0.2129033 1.509898 -0.2769641 1.496443 -0.2769641 1.509898 1.169717 -0.32595 1.105656 -0.3632823 1.105656 -0.32595 -0.2129033 1.496443 -0.2769641 1.467656 -0.2769641 1.496443 1.370407 0.5207337 1.306346 0.4848007 1.306346 0.5207337 1.145949 0.9726087 1.081888 0.9204117 1.081888 0.9726087 1.466253 1.255714 1.402192 1.226242 1.402192 1.255714 -0.1488425 1.383359 -0.2129033 1.362784 -0.2129033 1.383359 1.297838 -0.4835041 1.233777 -0.5143684 1.233777 -0.4835041 -0.4638825 1.550458 -0.5279431 1.527458 -0.5279431 1.550458 1.554081 -0.6064524 1.581489 -0.670513 1.554081 -0.670513 1.145949 1.004695 1.081888 0.9726087 1.081888 1.004695 1.466253 0.8383539 1.402192 0.8021351 1.402192 0.8383539 1.233777 -0.2446721 1.169717 -0.2692605 1.169717 -0.2446721 1.498528 0.6054927 1.525788 0.541432 1.498528 0.541432 0.3598167 1.10164 0.295756 1.071458 0.295756 1.10164 1.498528 0.05783098 1.434468 0.023745 1.434468 0.05783098 -0.592004 1.414331 -0.6560648 1.38923 -0.6560648 1.414331 1.402191 1.503269 1.338131 1.464177 1.338131 1.503269 1.233777 -0.6142198 1.169717 -0.6395822 1.169717 -0.6142198 -0.08478188 1.536686 -0.1488425 1.520717 -0.1488425 1.536686 0.2957561 1.287118 0.2316953 1.16197 0.2316953 1.287118 1.306346 0.4431477 1.242285 0.3742486 1.242285 0.4431477 1.562589 0.1474189 1.498528 0.1027375 1.498528 0.1474189 0.8416524 1.443856 0.7775917 1.402882 0.7775917 1.443856 0.9057132 1.229542 0.8416525 1.208039 0.8416525 1.229542 0.08924663 1.498803 0.02518588 1.47698 0.02518588 1.498803 1.145949 1.471251 1.081888 1.398716 1.081888 1.471251 0.1676344 1.089196 0.1035737 1.069537 0.1035737 1.089196 0.3598168 1.550897 0.2957561 1.529558 0.2957561 1.550897 1.361899 -0.6472067 1.297838 -0.670513 1.297838 -0.6472067 0.6972625 1.325866 0.6332017 1.287467 0.6332017 1.325866 1.27407 0.9675646 1.210009 0.921934 1.210009 0.9675646 0.1676344 1.238206 0.1035737 1.204368 0.1035737 1.238206 0.6972625 1.355797 0.6332017 1.325866 0.6332017 1.355797 1.27407 0.660279 1.210009 0.6057361 1.210009 0.660279 0.730697 1.566287 0.7613232 1.502226 0.730697 1.502226 1.169717 -0.1227813 1.105656 -0.272022 1.105656 -0.1227813 1.057649 1.303628 1.081764 1.239568 1.057649 1.239568 1.370407 0.3536333 1.306346 0.3286578 1.306346 0.3536333 -0.4638825 1.467338 -0.5279433 1.444656 -0.5279433 1.467338 1.530313 0.8639147 1.581544 0.7998539 1.530313 0.7998539 -0.2917769 1.401098 -0.3558376 1.36828 -0.3558376 1.401098 1.466252 1.394857 1.402191 1.363276 1.402191 1.394857 1.554081 -0.6391302 1.49002 -0.670513 1.49002 -0.6391302 1.338131 0.7486611 1.27407 0.7194151 1.27407 0.7486611 1.434468 0.3886419 1.370407 0.3401353 1.370407 0.3886419 1.562589 0.2058922 1.498528 0.1714264 1.498528 0.2058922 0.1676344 0.8784751 0.1035737 0.7343543 0.1035737 0.8784751 0.4238776 0.6816446 0.3598168 0.6389061 0.3598168 0.6816446 1.233777 -0.2212707 1.169717 -0.2446721 1.169717 -0.2212707 1.402192 0.9014435 1.338131 0.8732444 1.338131 0.9014433 0.5050804 1.327963 0.4410196 1.311585 0.4410196 1.327963 0.08924657 1.25428 0.02518588 1.180289 0.02518588 1.25428 0.8416524 1.543539 0.7775917 1.524422 0.7775917 1.543539 -0.2129033 1.222005 -0.2769641 1.188483 -0.2769641 1.222005 1.49002 -0.5136988 1.42596 -0.5345051 1.42596 -0.5136988 1.338131 1.350543 1.27407 1.318949 1.27407 1.350543 -0.08478188 1.383306 -0.1488425 1.353425 -0.1488425 1.383306 1.169717 -0.3632823 1.105656 -0.3805468 1.105656 -0.3632823 0.5050804 1.277292 0.4410196 1.248958 0.4410196 1.277292 0.06561166 0.3909527 0.1002383 0.3268919 0.06561166 0.3268919 0.08130985 0.1987704 0.1025885 0.1347097 0.08130985 0.1347097 0.295756 0.9008483 0.2316953 0.845901 0.2316953 0.9008483 -0.1488425 1.530934 -0.2129033 1.496131 -0.2129033 1.530934 0.9697739 1.503713 0.9057131 1.481593 0.9057131 1.503713 1.530313 0.6615773 1.466252 0.6353504 1.466252 0.6615772 1.548382 1.076879 1.572452 1.012819 1.548382 1.012819 1.554081 -0.1448059 1.57757 -0.2088667 1.554081 -0.2088667 1.562589 0.2643503 1.498528 0.2348484 1.498528 0.2643503 1.530313 1.273583 1.466253 1.221726 1.466253 1.273583 1.49002 -0.03732013 1.42596 -0.07571625 1.42596 -0.03732013 -0.2129033 1.467656 -0.2769641 1.444975 -0.2769641 1.467656 0.1676344 0.6328291 0.1035737 0.6139873 0.1035737 0.6328291 -0.2917769 0.6427449 -0.3558376 0.6143811 -0.3558376 0.6427449 1.466253 1.226242 1.402192 1.19466 1.402192 1.226242 1.145949 1.111399 1.081888 1.021128 1.081888 1.111399 0.6332017 1.289094 0.569141 1.246443 0.569141 1.289094 1.434468 0.211172 1.370407 0.1626654 1.370407 0.211172 1.297838 -0.3943824 1.233777 -0.4835041 1.233777 -0.3943824 1.434468 0.5176051 1.370407 0.4597063 1.370407 0.5176051 0.2316953 0.6930962 0.1676345 0.6503577 0.1676345 0.6930962 1.49002 -0.1268408 1.42596 -0.151186 1.42596 -0.1268408 1.145949 1.269206 1.081888 1.195214 1.081888 1.269206 1.242285 0.5655355 1.178225 0.5191603 1.178225 0.5655355 -0.02072113 1.237934 -0.08478188 1.216273 -0.08478188 1.237934 1.233777 -0.5712571 1.169717 -0.593045 1.169717 -0.5712571 -0.3159677 0.5324316 -0.2851461 0.4683707 -0.3159677 0.4683707 1.49002 -0.6512784 1.42596 -0.670513 1.42596 -0.6512784 -0.3998218 1.289248 -0.4638825 1.268975 -0.4638825 1.289248 0.3598167 0.8185994 0.295756 0.7996665 0.295756 0.8185994 1.530313 0.6353504 1.466252 0.6057361 1.466252 0.6353504 0.08924663 0.7927936 0.02518588 0.767368 0.02518588 0.7927936 -0.2917769 0.9966829 -0.3558376 0.9564921 -0.3558376 0.9966829 0.569141 1.289094 0.5050804 1.255893 0.5050804 1.289094 1.49002 -0.1511859 1.42596 -0.1722705 1.42596 -0.1511859 -0.6560648 1.565634 -0.6304398 1.501574 -0.6560648 1.501574 1.434468 0.3401353 1.370407 0.2800831 1.370407 0.3401353 1.370407 0.3832846 1.306346 0.3536333 1.306346 0.3832846 0.08924663 1.388514 0.02518588 1.36739 0.02518588 1.388514 1.402192 1.272089 1.338131 1.235253 1.338131 1.272089 -0.02072113 1.576424 -0.08478182 1.55342 -0.08478182 1.576424 1.530313 1.423424 1.466253 1.378391 1.466253 1.423424 1.338131 1.374812 1.27407 1.350543 1.27407 1.374812 1.530313 0.7998539 1.558855 0.7357932 1.530313 0.7357932 0.9057132 1.208039 0.8416525 1.175507 0.8416525 1.208039 -0.02072113 1.273876 -0.08478188 1.237934 -0.08478188 1.273876 1.554081 -0.3855774 1.579101 -0.4496381 1.554081 -0.4496381 1.306346 0.2994892 1.242285 0.2793825 1.242285 0.2994892 1.498528 0.2714711 1.434468 0.2513461 1.434468 0.2714711 0.295756 1.131821 0.2316952 1.101641 0.2316952 1.131821 -0.3998218 1.481075 -0.4638825 1.445786 -0.4638825 1.481075 1.562589 0.541432 1.498528 0.5157031 1.498528 0.541432 -0.0200631 1.508786 -0.002249896 1.444725 -0.0200631 1.444725 0.569141 1.381796 0.5050804 1.357423 0.5050804 1.381796 -0.3178394 0.2121278 -0.2796572 0.148067 -0.3178394 0.148067 1.402192 0.7050262 1.338131 0.6057361 1.338131 0.7050262 1.033835 1.507587 0.9697739 1.486191 0.9697739 1.507587 1.297838 -0.3003573 1.233777 -0.3185821 1.233777 -0.3003573 1.145949 0.9204118 1.081888 0.822326 1.081888 0.9204117 1.425959 -0.5517442 1.361899 -0.5806595 1.361899 -0.5517442 0.8416525 1.261148 0.7775918 1.230629 0.7775918 1.261148 0.6972625 1.13897 0.6332017 1.117261 0.6332017 1.13897 0.5050802 1.579608 0.4410195 1.547517 0.4410195 1.579608 0.2957561 1.16197 0.2316953 1.131821 0.2316953 1.16197 0.1676344 1.340673 0.1035737 1.299022 0.1035737 1.340673 -0.0200631 1.380665 0.00717616 1.316604 -0.0200631 1.316604 1.145949 1.369344 1.081888 1.32535 1.081888 1.369344 -0.1488425 1.283356 -0.2129033 1.240226 -0.2129033 1.283356 -0.08478188 1.576371 -0.1488425 1.552349 -0.1488425 1.576371 0.9057132 1.246137 0.8416525 1.229542 0.8416525 1.246137 0.3598167 1.050089 0.295756 0.900848 0.295756 1.050089 1.233777 -0.09361428 1.169717 -0.1230911 1.169717 -0.09361428 1.150125 1.566342 1.210009 1.502281 1.150125 1.502281 1.466252 1.363276 1.402191 1.287697 1.402191 1.363276 1.297838 -0.1249326 1.233777 -0.1561633 1.233777 -0.1249326 0.754306 0.9268115 0.7765422 0.8627508 0.754306 0.8627508 1.338131 1.297873 1.27407 1.254634 1.27407 1.297873 -0.3998218 1.208655 -0.4638825 1.19505 -0.4638825 1.208655 1.530313 0.9182879 1.466253 0.8940489 1.466252 0.9182879 0.4238776 0.6389061 0.3598168 0.6139873 0.3598168 0.6389061 -0.5279431 1.342015 -0.592004 1.314939 -0.592004 1.342015 1.297838 -0.5143684 1.297838 -0.5545535 1.233777 -0.5545535 1.27407 0.8723172 1.27407 0.7615214 1.210009 0.7615214 -0.2129033 1.576247 -0.2129033 1.54188 -0.2769641 1.54188 -0.2917769 0.9564921 -0.2917769 0.8115856 -0.3558376 0.8115856 1.27407 0.7615214 1.27407 0.7364668 1.210009 0.7364668 0.1676344 1.299022 0.1676344 1.238206 0.1035737 1.238206 1.361899 -0.07352381 1.361899 -0.1255792 1.297838 -0.1255792 1.554081 -0.2383812 1.554081 -0.278636 1.49002 -0.278636 1.498528 0.5841126 1.498528 0.5233808 1.434468 0.5233808 1.434468 0.4197745 1.434468 0.3886419 1.370407 0.3886419 1.42596 -0.1567134 1.42596 -0.1853579 1.361899 -0.1853579 1.525788 0.6054927 1.562237 0.6054927 1.562237 0.541432 0.08924657 1.348109 0.08924657 1.312016 0.02518588 1.312016 -0.4638825 1.363653 -0.4638825 1.342769 -0.5279431 1.342769 -0.2917769 1.520212 -0.2917769 1.498996 -0.3558376 1.498996 1.338131 1.414862 1.338131 1.374812 1.27407 1.374812 1.466253 1.19466 1.466253 1.119081 1.402192 1.119081 0.2957559 1.571636 0.295756 1.530747 0.2316952 1.530747 1.338131 1.459455 1.338131 1.414862 1.27407 1.414862 1.27407 1.297873 1.27407 1.254634 1.21001 1.254634 1.562589 0.07846188 1.562589 0.04241448 1.498528 0.04241448 1.178225 0.07458299 1.178225 0.04346615 1.114164 0.04346615 1.402192 1.235253 1.402192 1.146197 1.338131 1.146197 1.242285 0.6031463 1.242285 0.5655355 1.178225 0.5655355 1.033835 1.427695 1.033835 1.406894 0.9697739 1.406894 1.558855 0.7998539 1.581565 0.7998539 1.581565 0.7357932 -0.6304398 1.565634 -0.5944736 1.565634 -0.5944736 1.501574 1.033835 1.486191 1.033835 1.45628 0.9697739 1.45628 1.49002 -0.1722705 1.49002 -0.2068072 1.42596 -0.2068072 1.306346 0.2793825 1.306346 0.2486409 1.242285 0.2486409 1.554081 -0.3709648 1.554081 -0.4169845 1.49002 -0.4169845 -0.08478188 1.291541 -0.08478188 1.266293 -0.1488425 1.266293 1.306346 0.3210668 1.306346 0.2994892 1.242285 0.2994892 0.569141 1.255893 0.569141 1.229407 0.5050804 1.229407 1.530313 1.298855 1.530313 1.273583 1.466253 1.273583 0.4238775 1.323703 0.4238775 1.280242 0.3598168 1.280242 -0.398728 1.451293 -0.3818655 1.451293 -0.3818655 1.387232 1.370407 0.2527038 1.370407 0.2006483 1.306346 0.2006483 1.498528 0.2513461 1.498528 0.2011535 1.434468 0.2011535 0.295756 0.845901 0.295756 0.8027483 0.2316953 0.8027483 1.434468 0.2423049 1.434468 0.211172 1.370407 0.211172 -0.002249896 1.508786 0.024212 1.508786 0.024212 1.444725 1.178225 0.4005871 1.178225 0.3841546 1.114164 0.3841546 0.8416524 1.46882 0.8416524 1.443856 0.7775917 1.443856 1.27407 1.466488 1.27407 1.434505 1.21001 1.434505 1.033835 1.239568 1.081795 1.239568 1.081795 1.175507 0.1676344 1.428104 0.1676344 1.392536 0.1035737 1.392536 1.338131 0.8694725 1.338131 0.786666 1.27407 0.786666 -0.2886101 0.6370611 -0.2769641 0.6370611 -0.2769641 0.5730005 0.3598167 1.363548 0.3598167 1.321439 0.2957561 1.321439 1.145949 0.822326 1.145949 0.7836456 1.081888 0.7836456 0.06838434 0.4550133 0.1002385 0.4550133 0.1002385 0.3909526 1.061772 1.559871 1.080485 1.559871 1.080485 1.49581 1.169717 -0.272022 1.169717 -0.32595 1.105656 -0.32595 1.297838 -0.1561633 1.297838 -0.2427365 1.233777 -0.2427365 1.233777 -0.3701938 1.233777 -0.3920933 1.169717 -0.3920933 1.554081 -0.4169844 1.554081 -0.4694433 1.49002 -0.4694433 0.1676344 1.204368 0.1676344 1.176983 0.1035737 1.176983 -0.3998218 1.364099 -0.3998218 1.314143 -0.4638825 1.314143 1.297838 -0.6126287 1.297838 -0.6705129 1.233777 -0.6705129 1.370407 0.5741978 1.370407 0.5500556 1.306346 0.5500556 -0.5279431 1.221857 -0.5279431 1.19505 -0.592004 1.19505 -0.592004 1.222841 -0.592004 1.19505 -0.6560648 1.19505 -0.2917769 1.498996 -0.2917769 1.461209 -0.3558376 1.461209 1.145949 0.7836456 1.145949 0.7627362 1.081888 0.7627362 1.434468 0.6046767 1.434468 0.5709443 1.370407 0.5709443 1.562589 0.04241448 1.562589 0.01852762 1.498528 0.01852762 0.3598167 0.7996665 0.3598167 0.7497005 0.295756 0.7497005 0.7613233 1.502226 0.7613233 1.379822 0.6972627 1.379822 0.7543061 0.8627508 0.776924 0.8627508 0.776924 0.7986901 -0.3159677 0.3402493 -0.2802916 0.3402493 -0.2802916 0.2761886 1.169717 -0.3805468 1.169717 -0.4231696 1.105656 -0.4231696 1.242285 0.4908265 1.242285 0.4042969 1.178225 0.4042969 0.6332017 1.246443 0.6332017 1.228823 0.569141 1.228823 -0.592004 1.463718 -0.592004 1.435133 -0.6560648 1.435133 1.242285 0.2690526 1.242285 0.1582567 1.178225 0.1582567 1.338131 1.081244 1.338131 1.024012 1.27407 1.024012 1.169717 -0.536276 1.169717 -0.558883 1.105656 -0.558883 1.242285 0.1582567 1.242285 0.1332021 1.178225 0.1332021 1.434468 0.4597063 1.434468 0.4197745 1.370407 0.4197745 1.145949 1.552316 1.145949 1.523123 1.081888 1.523123 1.145949 0.735906 1.145949 0.6951236 1.081888 0.6951236 1.242285 0.1332021 1.242285 0.08823937 1.178225 0.08823937 1.554081 -0.5136988 1.579221 -0.5136988 1.579221 -0.5777596 0.9697739 1.481593 0.9697739 1.457216 0.9057131 1.457216 -0.2917769 0.8115856 -0.2917769 0.7623839 -0.3558376 0.7623839 1.49002 -0.5771271 1.49002 -0.6302068 1.42596 -0.6302068 1.145949 1.523123 1.145949 1.499054 1.081888 1.499054 0.3598167 0.900848 0.3598167 0.8469199 0.295756 0.8469199 0.754306 0.9908723 0.7765418 0.9908723 0.7765418 0.9268115 -0.02072119 1.41227 -0.02072119 1.382663 -0.08478188 1.382663 1.27407 1.513828 1.27407 1.466488 1.210009 1.466488 -0.02072119 1.462736 -0.02072119 1.435658 -0.08478188 1.435658 1.530313 1.469444 1.530313 1.423424 1.466253 1.423424 -0.3159677 0.2761886 -0.2796573 0.2761886 -0.2796573 0.2121278 1.338131 1.148495 1.338131 1.11049 1.27407 1.11049 0.4238775 1.04564 0.4238775 1.024479 0.3598168 1.024479 1.27407 1.081244 1.27407 1.024012 1.21001 1.024012 1.361899 -0.189433 1.361899 -0.241742 1.297838 -0.241742 0.4238775 1.024479 0.4238775 0.9923942 0.3598168 0.9923942 1.434468 0.2800831 1.434468 0.2423049 1.370407 0.2423049 1.338131 1.54907 1.338131 1.522643 1.27407 1.522643 -0.4638825 1.444656 -0.4638825 1.383436 -0.5279433 1.383436 0.9057132 1.506621 0.9057132 1.474007 0.8416525 1.474007 0.295756 1.074467 0.295756 1.050089 0.2316952 1.050089 1.338131 1.231301 1.338131 1.148495 1.27407 1.148494 0.2316952 1.187033 0.2316952 1.136397 0.1676345 1.136397 1.178225 0.1421955 1.178225 0.1153655 1.114164 0.1153655 -0.3998218 1.568081 -0.3998218 1.517798 -0.4638825 1.517798 -0.5279431 1.314939 -0.5279431 1.287799 -0.592004 1.287799 1.530313 0.716109 1.530313 0.6858163 1.466252 0.6858163 1.361899 -0.241742 1.361899 -0.3410322 1.297838 -0.3410322 0.8416524 1.570399 0.8416524 1.543539 0.7775917 1.543539 1.42596 -0.2175331 1.42596 -0.2615106 1.361899 -0.2615106 1.057649 1.367689 1.08162 1.367689 1.08162 1.303628 1.338131 1.254634 1.338131 1.231301 1.27407 1.231301 1.466253 1.013383 1.466253 0.9802892 1.402192 0.9802892 0.06838417 0.5190741 0.1000354 0.5190741 0.1000354 0.4550133 1.361899 -0.1255792 1.361899 -0.189433 1.297838 -0.189433 -0.1488426 1.578572 -0.1488425 1.530934 -0.2129033 1.530934 1.27407 1.148495 1.27407 1.11049 1.21001 1.11049 0.3598168 1.425763 0.3598168 1.363548 0.2957561 1.363548 -0.3990162 1.259111 -0.3848021 1.259111 -0.3848021 1.19505 1.370407 0.1367945 1.370407 0.08448553 1.306346 0.08448553 1.306346 0.03752726 1.306346 -0.0148046 1.242285 -0.0148046 0.6972625 1.254267 0.6972625 1.231281 0.6332017 1.231281 1.233777 -0.2692605 1.233777 -0.293345 1.169717 -0.293345 -0.02072113 1.216273 -0.02072113 1.188483 -0.08478188 1.188483 0.1676344 0.7343543 0.1676344 0.7149707 0.1035737 0.7149707 0.08924663 0.7346044 0.08924663 0.6948365 0.02518588 0.6948365 -0.4638825 1.527458 -0.4638825 1.496124 -0.5279431 1.496124 1.434468 0.1626654 1.434468 0.1026138 1.370407 0.1026138 0.8416525 1.201695 0.8416525 1.175507 0.7775918 1.175507 0.3598168 1.574918 0.3598168 1.550897 0.2957561 1.550897 1.169717 -0.0410493 1.169717 -0.07122957 1.105656 -0.07122957 -0.2917769 1.307429 -0.2917769 1.279996 -0.3558376 1.279996 1.178225 0.2123069 1.178225 0.1631051 1.114164 0.1631051 -0.592004 1.501574 -0.592004 1.463718 -0.6560648 1.463718 1.361899 -0.6212282 1.361899 -0.6472067 1.297838 -0.6472067 0.295756 1.050089 0.295756 0.9008483 0.2316953 0.9008483 1.530313 0.8678219 1.530313 0.8389709 1.466253 0.8389709 1.466253 0.9802892 1.466253 0.9487579 1.402192 0.9487579 1.178225 0.3564566 1.178225 0.2123069 1.114164 0.2123069 1.434468 0.5709443 1.434468 0.5176051 1.370407 0.5176051 0.4238775 1.280242 0.4238775 1.155095 0.3598168 1.155095 1.554081 -0.278636 1.554081 -0.3045772 1.49002 -0.3045772 1.530313 0.948758 1.530313 0.9182879 1.466252 0.9182879 0.9057132 1.28654 0.9057132 1.246137 0.8416525 1.246137 1.42596 -0.6054628 1.42596 -0.6307105 1.361899 -0.6307105 1.466253 0.9487577 1.466253 0.9026736 1.402192 0.9026735 0.1676344 0.947642 0.1676344 0.915043 0.1035737 0.915043 -0.4638825 1.342769 -0.4638825 1.289924 -0.5279431 1.289924 0.06428027 0.1987704 0.08130985 0.1987704 0.08130985 0.1347097 1.402192 0.9225386 1.402192 0.9014435 1.338131 0.9014433 1.21001 1.167926 1.21001 1.138274 1.145949 1.138274 -0.2917769 1.550157 -0.2917769 1.520212 -0.3558376 1.520212 1.169717 -0.558883 1.169717 -0.5769914 1.105656 -0.5769914 0.2957561 1.330579 0.2957561 1.287118 0.2316953 1.287118 0.5050802 1.547517 0.5050802 1.493206 0.4410195 1.493206 1.169717 -0.5769914 1.169717 -0.604317 1.105656 -0.604317 1.498528 0.3836326 1.498528 0.3522408 1.434468 0.3522408 -0.592004 1.280444 -0.592004 1.244502 -0.6560648 1.244502 -0.2917769 0.7623839 -0.2917769 0.7414743 -0.3558376 0.7414743 1.554081 -0.05568099 1.554081 -0.0923326 1.49002 -0.09233272 -0.08478188 1.552349 -0.08478188 1.536686 -0.1488425 1.536686 0.6332018 1.496786 0.6332018 1.382993 0.5691412 1.382993 -0.3998218 1.517798 -0.3998218 1.5011 -0.4638825 1.5011 0.2316952 1.057091 0.2316952 1.035931 0.1676345 1.035931 -0.02072125 1.252543 0.02465355 1.252543 0.02465355 1.188483 0.3598167 0.6729968 0.3598167 0.6365939 0.2957561 0.6365939 1.178225 0.1153655 1.178225 0.07458299 1.114164 0.07458299 0.2316952 1.035931 0.2316952 1.003846 0.1676345 1.003846 1.242285 0.4042969 1.242285 0.3591294 1.178225 0.3591294 0.08924663 1.446164 0.08924663 1.417579 0.02518588 1.417579 -0.2129033 1.444975 -0.2129033 1.383755 -0.2769641 1.383755 1.42596 -0.01523911 1.42596 -0.04053884 1.361899 -0.04053884 0.3598167 0.6365939 0.3598167 0.6139871 0.2957561 0.6139871 1.27407 1.231301 1.27407 1.148495 1.21001 1.148495 1.42596 -0.07661294 1.42596 -0.1008825 1.361899 -0.1008825 0.6332017 1.228823 0.6332017 1.142876 0.569141 1.142876 0.5050804 1.567234 0.56429 1.567234 0.56429 1.503173 0.6332018 1.382993 0.6332018 1.357423 0.5691412 1.357423 0.4238775 0.9923942 0.4238776 0.9237447 0.3598168 0.9237447 1.27407 1.254634 1.27407 1.231301 1.21001 1.231301 0.4239996 0.8702301 0.4409262 0.8702301 0.4409262 0.8061695 0.4238776 0.8911457 0.4238776 0.8545779 0.3598168 0.8545779 1.370407 0.2006483 1.370407 0.1367945 1.306346 0.1367945 -0.02072119 1.498785 -0.02072119 1.462736 -0.08478188 1.462736 -0.3818655 1.451293 -0.356377 1.451293 -0.356377 1.387232 0.2316953 1.428409 0.2316953 1.366193 0.1676345 1.366193 1.562589 0.3209876 1.562589 0.2643505 1.498528 0.2643505 0.4238776 1.493277 0.4238776 1.471157 0.3598168 1.471157 1.145949 1.32535 1.145949 1.269206 1.081888 1.269206 1.306346 0.1477411 1.306346 0.09560245 1.242285 0.09560245 1.49002 -0.5345051 1.49002 -0.5771271 1.42596 -0.5771271 -0.4638825 1.383436 -0.4638825 1.363653 -0.5279431 1.363653 1.402192 1.146197 1.402192 1.064259 1.338131 1.064259 1.306346 0.09560245 1.306346 0.0638954 1.242285 0.0638954 1.338131 1.522643 1.338131 1.483731 1.27407 1.483731 0.1676344 1.496901 0.1676344 1.428104 0.1035737 1.428104 1.338131 1.318949 1.338131 1.297872 1.27407 1.297872 1.178225 0.04346615 1.178225 0.01510238 1.114164 0.01510238 0.08924663 1.554582 0.08924663 1.529827 0.02518588 1.529827 -0.4638825 1.579686 -0.4638825 1.550458 -0.5279431 1.550458 1.178225 0.5398875 1.178225 0.4908587 1.114164 0.4908586 1.233777 -0.451003 1.233777 -0.5020572 1.169717 -0.5020572 1.27407 0.921934 1.27407 0.8935152 1.210009 0.8935152 1.21001 1.224874 1.21001 1.167926 1.145949 1.167926 1.554082 -0.4496381 1.580658 -0.4496381 1.580658 -0.5136988 1.554082 -0.2405164 1.578886 -0.2405164 1.578886 -0.3045771 0.2316952 1.003846 0.2316952 0.9351964 0.1676345 0.9351964 1.21001 0.8034883 1.21001 0.7548127 1.145949 0.7548127 0.5050804 1.165771 0.5050805 1.117261 0.4410196 1.117261 0.2316952 0.9025973 0.2316953 0.8660295 0.1676345 0.8660295 0.08924663 0.9488987 0.08924663 0.8407989 0.02518588 0.8407989 1.338131 1.483731 1.338131 1.459456 1.27407 1.459456 0.08924663 1.576248 0.08924663 1.554582 0.02518588 1.554582 -0.2917769 1.176141 -0.2917769 1.140429 -0.3558376 1.140429 0.5050804 1.359849 0.5050804 1.327963 0.4410196 1.327963 0.4241736 0.9983516 0.4408527 0.9983516 0.4408527 0.934291 0.08924663 0.6532001 0.08924663 0.6111213 0.02518588 0.6111213 0.295756 0.8027483 0.295756 0.7497006 0.2316953 0.7497006 1.233777 -0.01965397 1.233777 -0.05387729 1.169717 -0.05387729 1.361899 -0.5293818 1.361899 -0.56483 1.297838 -0.56483 -0.08478188 1.498356 -0.08478188 1.383306 -0.1488425 1.383306 1.233777 -0.3920933 1.233777 -0.451003 1.169717 -0.451003 1.306346 0.3742486 1.306346 0.3460768 1.242285 0.3460768 1.114164 0.6039482 1.140366 0.6039482 1.140366 0.5398874 -0.3998218 1.268975 -0.3998218 1.208655 -0.4638825 1.208655 1.498528 0.3522408 1.498528 0.3401353 1.434468 0.3401353 1.594374 0.6900892 1.594374 0.6636565 1.530313 0.6636565 1.178225 0.4908587 1.178225 0.4005871 1.114164 0.4005871 1.21001 0.7548127 1.21001 0.6558551 1.145949 0.6558551 1.49002 -0.4431102 1.49002 -0.4834015 1.42596 -0.4834015 1.530313 0.6858163 1.530313 0.6615773 1.466252 0.6615772 1.361899 -0.3410322 1.361899 -0.3725659 1.297838 -0.3725659 0.9697739 1.435781 0.9697739 1.40783 0.9057131 1.40783 1.425959 -0.5214539 1.425959 -0.5517442 1.361899 -0.5517442 -0.08478188 1.353425 -0.08478188 1.315056 -0.1488425 1.315056 0.969774 1.324974 0.969774 1.288693 0.9057132 1.288693 1.562589 0.2348484 1.562589 0.2058922 1.498528 0.2058922 -0.08478188 1.315056 -0.08478188 1.291541 -0.1488425 1.291541 0.969774 1.354342 0.969774 1.324974 0.9057132 1.324974 1.297838 -0.3185819 1.297838 -0.3391796 1.233777 -0.3391796 -0.3178394 0.0840063 -0.2991369 0.0840063 -0.2991369 0.01994562 1.370407 0.5500556 1.370407 0.5207337 1.306346 0.5207337 1.530313 0.78981 1.530313 0.7357931 1.466253 0.7357931 1.42596 -0.4389517 1.42596 -0.4644865 1.361899 -0.4644865 1.402192 1.343518 1.402192 1.306002 1.338131 1.306002 1.530313 0.9279754 1.580554 0.9279754 1.580554 0.8639147 1.145949 1.571897 1.145949 1.552316 1.081888 1.552316 1.402192 1.396505 1.402192 1.343518 1.338131 1.343518 -0.3159677 0.4683707 -0.2843165 0.4683707 -0.2843165 0.40431 0.8416524 1.402882 0.8416524 1.381931 0.7775917 1.381931 1.498528 0.5233808 1.498528 0.491998 1.434468 0.491998 0.1676344 1.392536 0.1676344 1.358965 0.1035737 1.358965 0.4238775 1.359756 0.4238775 1.323703 0.3598167 1.323703 -0.3178394 0.148067 -0.2784365 0.148067 -0.2784365 0.08400636 1.498528 0.3148391 1.498528 0.2714711 1.434468 0.2714711 1.559339 1.551546 1.577784 1.551546 1.577784 1.487485 0.2316953 1.570361 0.2316953 1.536866 0.1676345 1.536866 0.6972625 1.231281 0.6972625 1.13897 0.6332017 1.13897 0.2316952 1.366193 0.2316952 1.317622 0.1676344 1.317622 0.1676344 1.127055 0.1676344 1.089196 0.1035737 1.089196 1.530313 1.14094 1.560421 1.14094 1.560421 1.076879 1.530313 1.205001 1.560206 1.205001 1.560206 1.14094 0.6972625 1.287467 0.6972625 1.254267 0.6332017 1.254267 1.21001 1.329198 1.21001 1.300166 1.145949 1.300166 -0.3998218 1.5011 -0.3998218 1.481075 -0.4638825 1.481075 0.1676344 1.016291 0.1676344 0.947642 0.1035737 0.947642 1.425959 -0.4860681 1.425959 -0.5214539 1.361899 -0.5214539 -0.2917769 1.36828 -0.2917769 1.335773 -0.3558376 1.335773 1.297838 -0.2750272 1.297838 -0.3003573 1.233777 -0.3003573 1.338131 0.7194151 1.338131 0.6621831 1.27407 0.6621831 1.233777 -0.1230911 1.233777 -0.1823421 1.169717 -0.1823421 1.338131 0.786666 1.338131 0.7486611 1.27407 0.7486611 1.21001 0.6313675 1.21001 0.6057361 1.145949 0.605736 0.1676344 0.915043 0.1676344 0.8784751 0.1035737 0.8784751 0.08924657 1.146766 0.08924657 1.120174 0.02518588 1.120174 1.434468 0.06483525 1.434468 0.03370225 1.370407 0.03370225 -0.2917769 1.279996 -0.2917769 1.246582 -0.3558376 1.246582 1.402192 0.8732444 1.402192 0.821189 1.338131 0.821189 1.21001 0.6558551 1.21001 0.6313675 1.145949 0.6313675 1.49002 -0.2864947 1.49002 -0.3045771 1.42596 -0.3045771 -0.2129033 1.353242 -0.2129033 1.295996 -0.2769641 1.295996 -0.5279431 1.239132 -0.5279431 1.221857 -0.592004 1.221857 1.145949 0.635643 1.145949 0.605736 1.081888 0.605736 0.6332018 1.535665 0.6332018 1.496786 0.5691412 1.496786 1.145949 0.6640067 1.145949 0.635643 1.081888 0.635643 0.9057132 1.567773 0.932558 1.567773 0.932558 1.503712 1.145949 0.6951236 1.145949 0.6640067 1.081888 0.6640067 0.7613233 1.288265 0.7613233 1.262193 0.6972627 1.262193 1.169717 -0.09840351 1.169717 -0.1227813 1.105656 -0.1227813 0.7613233 1.353777 0.7613233 1.317128 0.6972627 1.317128 1.145949 0.7627362 1.145949 0.735906 1.081888 0.735906 0.4240002 0.934291 0.4408527 0.934291 0.4408527 0.8702301 -0.1488425 1.496131 -0.1488425 1.451449 -0.2129033 1.451449 1.466253 0.7106218 1.466253 0.6907613 1.402192 0.6907613 -0.592004 1.435133 -0.592004 1.414331 -0.6560648 1.414331 1.49002 -0.07571625 1.49002 -0.08742922 1.42596 -0.08742922 0.1676344 1.176983 0.1676344 1.148843 0.1035737 1.148843 1.145949 1.161691 1.145949 1.111399 1.081888 1.111399 1.42596 -0.3045774 1.42596 -0.338205 1.361899 -0.338205 1.554081 -0.4694433 1.554081 -0.5136988 1.49002 -0.5136988 1.297838 -0.3391796 1.297838 -0.3622317 1.233777 -0.3622317 1.297838 -0.5862604 1.297838 -0.6126287 1.233777 -0.6126287 1.562589 0.4735569 1.562589 0.4494006 1.498528 0.4494006 1.466253 0.8021351 1.466253 0.7779167 1.402192 0.7779167 1.530313 0.8389708 1.530313 0.824168 1.466253 0.824168 1.562589 0.35692 1.562589 0.3209876 1.498528 0.3209876 -0.399016 1.323172 -0.356377 1.323172 -0.356377 1.259111 1.530313 0.824168 1.530313 0.78981 1.466253 0.78981 -0.592004 1.244502 -0.592004 1.222841 -0.6560648 1.222841 1.530313 1.378391 1.530313 1.346182 1.466253 1.346182 1.169717 -0.4998363 1.169717 -0.536276 1.105656 -0.536276 -0.08478188 1.520717 -0.08478188 1.498356 -0.1488425 1.498356 1.033835 1.303628 1.057649 1.303628 1.057649 1.239568 0.3598167 0.7497005 0.3598167 0.6729968 0.2957561 0.6729968 1.242285 0.3591295 1.242285 0.3243024 1.178225 0.3243024 1.42596 -0.6307105 1.42596 -0.670513 1.361899 -0.670513 0.7613233 1.379822 0.7613233 1.353777 0.6972627 1.353777 1.242285 0.3074033 1.242285 0.2902505 1.178225 0.2902505 1.530313 1.012819 1.550909 1.012819 1.550909 0.948758 0.295756 0.7497006 0.295756 0.6729969 0.2316953 0.6729969 1.242285 0.2902505 1.242285 0.2690526 1.178225 0.2690526 1.233777 -0.5020572 1.233777 -0.5378705 1.169717 -0.5378705 1.49002 -0.08742922 1.49002 -0.1268408 1.42596 -0.1268408 1.361899 -0.4115674 1.361899 -0.4390364 1.297838 -0.4390364 1.42596 -0.04053884 1.42596 -0.07661294 1.361899 -0.07661294 1.169717 -0.07122957 1.169717 -0.09840351 1.105656 -0.09840351 1.242285 0.0570144 1.242285 0.01110947 1.178225 0.01110947 1.530313 0.8940489 1.530313 0.8678219 1.466253 0.8678219 -0.2917768 0.6143811 -0.2917768 0.5844741 -0.3558376 0.5844741 1.21001 1.502281 1.21001 1.463118 1.145949 1.463118 -0.3998218 1.314143 -0.3998218 1.289248 -0.4638825 1.289248 -0.2917769 0.6738617 -0.2917769 0.6427449 -0.3558376 0.6427449 0.969774 1.240625 0.969774 1.208039 0.9057132 1.208039 0.3598167 1.071458 0.3598167 1.050089 0.295756 1.050089 0.6972625 1.503765 0.6972625 1.464602 0.6332018 1.464602 -0.2917769 0.7414743 -0.2917769 0.7146443 -0.3558376 0.7146443 -0.3181005 0.01994562 -0.2770929 0.01994562 -0.2770929 -0.04411512 1.530313 1.058602 1.530313 0.948758 1.466253 0.948758 0.08924663 0.6948365 0.08924663 0.6532001 0.02518588 0.6532001 0.08924663 1.417579 0.08924663 1.388514 0.02518588 1.388514 -0.2917769 1.461209 -0.2917769 1.401098 -0.3558376 1.401098 0.08924663 1.47698 0.08924663 1.446164 0.02518588 1.446164 0.5050804 1.493206 0.5050804 1.422065 0.4410196 1.422065 1.530313 1.221726 1.530313 1.192211 1.466253 1.192211 1.434468 0.1026138 1.434468 0.06483525 1.370407 0.06483525 0.4238776 1.544791 0.4238776 1.493277 0.3598168 1.493277 -0.02072119 1.435658 -0.02072119 1.41227 -0.08478188 1.41227 0.4238775 1.124945 0.4238775 1.103158 0.3598168 1.103158 -0.02072113 1.55342 -0.02072113 1.523475 -0.08478182 1.523475 1.338131 1.11049 1.338131 1.081244 1.27407 1.081244 -0.3159677 0.4043099 -0.2833842 0.4043099 -0.2833842 0.3402493 0.4238776 0.9237447 0.4238776 0.8911457 0.3598168 0.8911457 0.2316953 1.536866 0.2316953 1.499549 0.1676345 1.499549 0.4238776 0.8545779 0.4238776 0.7029724 0.3598168 0.7029724 1.550909 1.012819 1.578578 1.012819 1.578578 0.948758 1.361899 -0.04532486 1.361899 -0.07352381 1.297838 -0.07352381 0.08924657 1.120174 0.08924657 1.089185 0.02518588 1.089185 1.361899 -0.02422964 1.361899 -0.04532486 1.297838 -0.04532486 1.530313 1.551546 1.559339 1.551546 1.559339 1.487485 0.08924657 1.180289 0.08924657 1.146766 0.02518588 1.146766 1.466253 0.7779169 1.466253 0.7425143 1.402192 0.7425143 0.08924657 1.312016 0.08924657 1.25428 0.02518588 1.25428 0.4238776 1.403799 0.4238776 1.359756 0.3598168 1.359756 1.306346 0.2486409 1.306346 0.1753764 1.242285 0.1753764 -0.4638825 1.246793 -0.4638825 1.19505 -0.5279431 1.19505 0.4238776 1.471157 0.4238776 1.437672 0.3598168 1.437672 1.554081 -0.0923326 1.554081 -0.1208621 1.49002 -0.1208621 0.1676344 1.525032 0.1676344 1.496901 0.1035737 1.496901 1.402192 1.064259 1.402192 1.024574 1.338131 1.024574 -0.02072113 1.523475 -0.02072113 1.498785 -0.08478182 1.498785 1.145949 1.398716 1.145949 1.369344 1.081888 1.369344 -0.399016 1.387232 -0.356377 1.387232 -0.356377 1.323172 1.306346 0.6035518 1.306346 0.5740372 1.242285 0.5740372 1.466253 1.548204 1.466253 1.513531 1.402192 1.513531 -0.08478188 1.266293 -0.08478188 1.223386 -0.1488425 1.223386 1.27407 0.8935152 1.27407 0.8723172 1.210009 0.8723172 -0.592004 1.389231 -0.592004 1.280444 -0.6560648 1.280443 -0.398728 1.515353 -0.3565723 1.515353 -0.3565723 1.451293 0.4238776 0.7029724 0.4238776 0.6816446 0.3598168 0.6816446 0.5050804 1.311585 0.5050804 1.277292 0.4410196 1.277292 0.2316953 0.7127448 0.2316953 0.6930962 0.1676345 0.6930962 0.7543063 1.054933 0.776542 1.054933 0.776542 0.9908723 1.562589 0.4494006 1.562589 0.4202264 1.498529 0.4202264 1.178225 0.01510238 1.178225 -0.0148046 1.114164 -0.0148046 0.2316952 1.262262 0.2316952 1.187033 0.1676345 1.187033 1.594374 0.6230975 1.594374 0.6057361 1.530313 0.605736 1.178225 0.1631051 1.178225 0.1421955 1.114164 0.1421955 1.033835 1.278719 1.033835 1.245302 0.969774 1.245302 1.140366 0.6039482 1.178188 0.6039482 1.178188 0.5398874 0.06428033 0.2628312 0.1014348 0.2628312 0.1014348 0.1987705 1.033835 1.406894 1.033835 1.380689 0.9697739 1.380689 0.8416524 1.524422 0.8416524 1.499527 0.7775917 1.499527 1.033835 1.45628 1.033835 1.427695 0.9697739 1.427695 1.49002 -0.4834015 1.49002 -0.5136989 1.42596 -0.5136989 1.554081 -0.2088667 1.554081 -0.2383812 1.49002 -0.2383812 1.370407 0.4848007 1.370407 0.4402326 1.306346 0.4402326 1.27407 1.55302 1.27407 1.513828 1.210009 1.513828 1.338131 0.6621831 1.338131 0.6057361 1.27407 0.6057361 1.42596 -0.5806595 1.42596 -0.6054628 1.361899 -0.6054628 -0.1488425 1.451449 -0.1488425 1.38336 -0.2129033 1.383359 1.21001 1.138274 1.21001 1.113299 1.145949 1.113299 0.295756 1.530747 0.295756 1.499413 0.2316952 1.499413 1.530313 1.269062 1.560104 1.269062 1.560104 1.205001 -0.2917769 1.090137 -0.2917769 0.9966829 -0.3558376 0.9966829 0.2957561 1.366631 0.2957561 1.330579 0.2316953 1.330579 1.27407 0.691504 1.27407 0.660279 1.210009 0.660279 0.2316952 1.136397 0.2316952 1.114609 0.1676345 1.114609 0.295756 1.101641 0.295756 1.074467 0.2316952 1.074467 1.27407 1.11049 1.27407 1.081244 1.21001 1.081244 0.9057132 1.408098 0.9057132 1.381493 0.8416525 1.381493 0.2316952 0.9351964 0.2316952 0.9025973 0.1676345 0.9025973 1.498528 0.1373776 1.498528 0.1205828 1.434468 0.1205828 0.2316953 0.8660295 0.2316953 0.7127448 0.1676345 0.7127448 1.562589 0.01852762 1.562589 -0.01480466 1.498528 -0.01480466 1.562589 0.4202264 1.562589 0.3984331 1.498529 0.3984331 1.370407 0.2809028 1.370407 0.2527038 1.306346 0.2527038 1.242285 0.3243024 1.242285 0.3074033 1.178225 0.3074033 1.370407 0.3019979 1.370407 0.2809028 1.306346 0.2809027 0.3598168 1.496904 0.3598168 1.425763 0.2957561 1.425763 1.145949 1.195214 1.145949 1.161691 1.081888 1.161691 1.306346 0.1753764 1.306346 0.1477411 1.242285 0.1477411 1.402192 1.024574 1.402192 0.9922514 1.338131 0.9922514 1.554081 -0.3210153 1.554081 -0.3709648 1.49002 -0.3709648 1.402192 0.9922514 1.402192 0.9675644 1.338131 0.9675644 1.498528 0.4437429 1.498528 0.3836326 1.434468 0.3836326 1.033835 1.559871 1.061772 1.559871 1.061772 1.49581 1.554081 -0.1208621 1.554081 -0.1511859 1.49002 -0.1511859 1.402192 1.446318 1.402192 1.396505 1.338131 1.396505 0.569141 1.229407 0.569141 1.142876 0.5050804 1.142876 1.145949 1.499054 1.145949 1.471251 1.081888 1.471251 0.2316953 1.499549 0.2316953 1.428409 0.1676345 1.428409 -0.5279431 1.572136 -0.5279431 1.499349 -0.592004 1.499349 1.033835 1.245302 1.033835 1.175507 0.969774 1.175507 0.3598167 1.321439 0.3598167 1.299784 0.2957561 1.299784 0.6332018 1.576084 0.6332018 1.535665 0.5691412 1.535665 0.3598167 1.299784 0.3598167 1.254616 0.2957561 1.254616 0.295756 1.499413 0.295756 1.463999 0.2316953 1.463999 0.3598167 1.254616 0.3598168 1.184653 0.2957561 1.184653 1.42596 -0.3990241 1.42596 -0.4389517 1.361899 -0.4389517 -0.3998218 1.422331 -0.3998218 1.381795 -0.4638825 1.381795 -0.1488425 1.240226 -0.1488425 1.188483 -0.2129033 1.188483 0.06428021 0.00658822 0.09019172 0.00658822 0.09019172 -0.05747246 1.297838 -0.5545535 1.297838 -0.5862604 1.233777 -0.5862604 1.554081 -0.3045772 1.578509 -0.3045772 1.578509 -0.3686379 1.242285 0.08823937 1.242285 0.0570144 1.178225 0.0570144 1.033835 1.43175 1.080921 1.43175 1.080921 1.367689 1.530313 1.522232 1.530313 1.469444 1.466253 1.469444 1.233777 -0.293345 1.233777 -0.3153265 1.169717 -0.3153265 0.08924657 1.36739 0.08924657 1.348109 0.02518588 1.348109 1.233777 -0.07056796 1.233777 -0.09361428 1.169717 -0.09361428 0.1676344 1.557194 0.1676344 1.525032 0.1035737 1.525032 1.033835 1.32348 1.033835 1.278719 0.969774 1.278719 -0.02072119 1.382663 -0.02072113 1.273876 -0.08478188 1.273876 1.233777 -0.1823421 1.233777 -0.2212707 1.169717 -0.2212707 1.466253 1.513531 1.466253 1.489645 1.402192 1.489645 1.297838 -0.09185624 1.297838 -0.1249326 1.233777 -0.1249326 1.42596 -0.2615106 1.42596 -0.2829946 1.361899 -0.2829946 1.498528 0.1205828 1.498528 0.0895763 1.434468 0.0895763 1.42596 -0.1853579 1.42596 -0.2175331 1.361899 -0.2175331 1.233777 -0.5378705 1.233777 -0.5712571 1.169717 -0.5712571 1.21001 1.261803 1.21001 1.224874 1.145949 1.224874 1.297838 -0.0508297 1.297838 -0.09185624 1.233777 -0.09185624 0.3598168 1.184653 0.3598168 1.156468 0.2957561 1.156468 1.233777 -0.6395822 1.233777 -0.670513 1.169717 -0.670513 -0.3998218 1.445786 -0.3998218 1.422331 -0.4638825 1.422331 0.08924657 1.089185 0.08924663 0.9488987 0.02518588 0.9488987 1.297838 -0.2427365 1.297838 -0.2750272 1.233777 -0.2750272 0.08924663 0.8407989 0.08924663 0.7927936 0.02518588 0.7927936 1.498528 0.023745 1.498528 -0.01480478 1.434468 -0.01480478 0.08924663 0.767368 0.08924663 0.7346044 0.02518588 0.7346044 1.21001 1.086639 1.21001 0.8034883 1.145949 0.8034883 1.530313 1.346182 1.530313 1.32345 1.466253 1.32345 0.8416525 1.381932 0.8416525 1.344439 0.7775918 1.344439 0.8416525 1.344439 0.8416525 1.315116 0.7775918 1.315116 0.8416525 1.230629 0.8416525 1.201695 0.7775918 1.201695 0.2957561 1.397149 0.2957561 1.366631 0.2316953 1.366631 -0.2917769 1.246582 -0.2917769 1.176141 -0.3558376 1.176141 0.295756 1.463999 0.2957561 1.432817 0.2316953 1.432817 1.49002 -0.2466598 1.49002 -0.2864947 1.42596 -0.2864947 0.7613233 1.147511 0.7613233 1.117262 0.6972627 1.117262 0.9057132 1.381493 0.9057132 1.354341 0.8416525 1.354341 -0.5279431 1.287799 -0.5279431 1.239132 -0.592004 1.239132 1.466253 0.7425143 1.466253 0.7106218 1.402192 0.7106218 1.361899 -0.3725659 1.361899 -0.4115674 1.297838 -0.4115674 1.361899 -0.4390364 1.361899 -0.4992647 1.297838 -0.4992647 0.2957561 1.432817 0.2957561 1.397149 0.2316953 1.397149 1.361899 -0.4992647 1.361899 -0.5293818 1.297838 -0.5293818 0.932558 1.567773 0.9576236 1.567773 0.9576236 1.503712 0.7613233 1.317128 0.7613233 1.288265 0.6972627 1.288265 1.361899 -0.56483 1.361899 -0.6212282 1.297838 -0.6212282 1.466253 1.045095 1.466253 1.013383 1.402192 1.013383 1.306346 0.5006045 1.306346 0.4789286 1.242285 0.4789286 1.49002 -0.3579486 1.49002 -0.3874408 1.42596 -0.3874408 1.49002 -0.3874408 1.49002 -0.4431102 1.42596 -0.4431102 1.466253 0.6907613 1.466253 0.605736 1.402192 0.605736 1.169717 -0.4231696 1.169717 -0.4998363 1.105656 -0.4998363 1.42596 -0.1258617 1.42596 -0.1567134 1.361899 -0.1567134 1.562589 0.1027375 1.562589 0.07846188 1.498528 0.07846188 1.530313 1.387511 1.560104 1.387511 1.560104 1.32345 1.297838 -0.3622317 1.297838 -0.3943824 1.233777 -0.3943824 -0.2917769 1.573161 -0.2917769 1.550157 -0.3558376 1.550157 0.06428021 0.3268919 0.1002384 0.3268919 0.1002384 0.2628312 1.562589 0.1714264 1.562589 0.1474189 1.498528 0.1474189 1.42596 -0.1008825 1.42596 -0.1258617 1.361899 -0.1258617 0.1676344 1.575263 0.1676344 1.557194 0.1035736 1.557194 1.49002 -0.01651394 1.49002 -0.03732013 1.42596 -0.03732013 0.00717616 1.380665 0.02438557 1.380665 0.02438557 1.316604 1.306346 0.3460768 1.306346 0.3210669 1.242285 0.3210669 -0.3998218 1.381794 -0.3998218 1.364099 -0.4638825 1.364099 0.1676344 1.358965 0.1676344 1.340673 0.1035737 1.340673 -0.5279433 1.386661 -0.5279431 1.342015 -0.592004 1.342015 0.9057132 1.474007 0.9057132 1.438498 0.8416525 1.438498 0.2316952 1.317622 0.2316952 1.3015 0.1676344 1.3015 0.09019172 0.00658822 0.1033944 0.00658822 0.1033944 -0.05747246 1.554082 -0.05568104 1.575859 -0.05568104 1.575859 -0.1197418 1.466253 1.085709 1.466253 1.045095 1.402192 1.045095 0.9057132 1.305577 0.9057132 1.28654 0.8416525 1.28654 0.9057132 1.325362 0.9057132 1.305577 0.8416525 1.305577 -0.08478188 1.223386 -0.08478188 1.188482 -0.1488425 1.188482 1.42596 -0.4644865 1.42596 -0.4860684 1.361899 -0.4860684 1.498528 0.2011535 1.498528 0.1626654 1.434468 0.1626654 -0.2917769 1.140429 -0.2917769 1.090137 -0.3558376 1.090137 -0.5279433 1.499349 -0.5279431 1.470562 -0.592004 1.470562 1.27407 1.434505 1.27407 1.405033 1.21001 1.405033 0.9697739 1.40783 0.9697739 1.381493 0.9057131 1.381493 0.7543058 0.7346293 0.7772373 0.7346293 0.7772373 0.6705686 1.21001 1.113299 1.21001 1.086639 1.145949 1.086639 -0.2991369 0.0840063 -0.2770929 0.0840063 -0.2770929 0.01994562 0.754306 0.6705686 0.7772376 0.6705686 0.7772376 0.6065078 0.08924663 1.529827 0.08924663 1.498803 0.02518588 1.498803 1.530313 1.487485 1.559434 1.487485 1.559434 1.423424 -0.02006316 1.316604 0.02465367 1.316604 0.02465367 1.252543 -0.5279431 1.470562 -0.5279431 1.447881 -0.592004 1.447881 1.27407 1.405033 1.27407 1.373451 1.21001 1.373451 1.402192 1.306002 1.402192 1.272089 1.338131 1.272089 1.434468 0.03370225 1.434468 -0.01480466 1.370407 -0.01480466 0.1676344 0.7149707 0.1676344 0.6628033 0.1035737 0.6628033 -0.2129033 1.295996 -0.2129033 1.222005 -0.2769641 1.222005 0.4239996 0.6780479 0.4410195 0.6780479 0.4410195 0.6139873 0.4238775 1.065298 0.4238775 1.04564 0.3598168 1.04564 1.338131 1.024012 1.338131 0.9675646 1.27407 0.9675646 0.6332017 1.327493 0.6332017 1.289094 0.569141 1.289094 0.6332017 1.357423 0.6332017 1.327493 0.569141 1.327493 1.466253 1.489645 1.466253 1.456312 1.402192 1.456312 0.6332017 1.142876 0.6332017 1.117261 0.569141 1.117261 0.2316952 1.07675 0.2316952 1.057091 0.1676345 1.057091 0.9057132 1.438498 0.9057132 1.408098 0.8416525 1.408098 1.27407 1.024012 1.27407 0.9675647 1.21001 0.9675647 0.569141 1.327492 0.569141 1.289094 0.5050804 1.289094 1.178225 0.3841546 1.178225 0.3564566 1.114164 0.3564566 0.569141 1.357423 0.569141 1.327492 0.5050804 1.327492 1.033835 1.380689 1.033835 1.3577 0.969774 1.3577 0.8416525 1.315116 0.8416525 1.261148 0.7775918 1.261148 0.7613233 1.213358 0.7613233 1.175998 0.6972627 1.175998 1.466253 1.119081 1.466253 1.085709 1.402192 1.085709 1.306346 0.5740372 1.306346 0.5006045 1.242285 0.5006045 1.42596 -0.338205 1.42596 -0.3668492 1.361899 -0.3668492 -0.1488425 1.362784 -0.1488425 1.336201 -0.2129033 1.336201 1.27407 1.373451 1.27407 1.297873 1.21001 1.297873 1.338131 0.936044 1.338131 0.8928052 1.27407 0.8928052 0.1676344 0.6628033 0.1676344 0.6328291 0.1035737 0.6328291 1.233777 -0.05387729 1.233777 -0.07056796 1.169717 -0.07056796 1.169717 -0.604317 1.169717 -0.6445719 1.105656 -0.6445719 0.06428021 0.1347097 0.1028299 0.1347097 0.1028299 0.07064896 1.498528 0.4919983 1.498528 0.4716655 1.434468 0.4716655 1.242285 0.5191603 1.242285 0.4908265 1.178225 0.4908265 0.3598167 0.8469199 0.3598167 0.8185994 0.295756 0.8185994 0.969774 1.381492 0.969774 1.354342 0.9057132 1.354342 1.21001 1.463118 1.21001 1.442993 1.145949 1.442993 1.033835 1.49581 1.051648 1.49581 1.051648 1.43175 0.969774 1.208039 0.969774 1.175507 0.9057133 1.175507 0.6972625 1.464602 0.6972625 1.444477 0.6332018 1.444477 -0.0200631 1.444725 -0.002249658 1.444725 -0.002249658 1.380665 1.370407 0.08448553 1.370407 -0.0148046 1.306346 -0.0148046 0.9057132 1.354341 0.9057132 1.325362 0.8416525 1.325362 0.8416524 1.499527 0.8416524 1.46882 0.7775917 1.46882 1.233777 -0.3153265 1.233777 -0.3701938 1.169717 -0.3701938 1.21001 1.300166 1.21001 1.261803 1.145949 1.261803 1.233777 -0.593045 1.233777 -0.6142198 1.169717 -0.6142198 0.08924663 0.6111213 0.08924663 0.5730005 0.02518588 0.5730005 1.21001 1.354312 1.21001 1.329198 1.145949 1.329198 -0.2129033 1.54188 -0.2129033 1.509898 -0.2769641 1.509898 1.42596 -0.3668492 1.42596 -0.3990241 1.361899 -0.3990241 0.569141 1.142876 0.569141 1.117261 0.5050804 1.117261 -0.1488425 1.336201 -0.1488425 1.283356 -0.2129033 1.283356 0.1676344 1.069537 0.1676344 1.048377 0.1035737 1.048377 -0.5279431 1.447881 -0.5279431 1.386661 -0.592004 1.386661 1.169717 -0.6445719 1.169717 -0.670513 1.105656 -0.670513 1.530313 1.192211 1.530313 1.151957 1.466253 1.151957 1.21001 1.442993 1.21001 1.3928 1.145949 1.3928 0.4238775 1.155095 0.4238775 1.124946 0.3598168 1.124946 0.4238775 1.103158 0.4238775 1.065298 0.3598168 1.065298 1.051648 1.49581 1.07811 1.49581 1.07811 1.43175 1.498528 0.6051427 1.498528 0.5841126 1.434468 0.5841126 1.466252 1.456312 1.466252 1.42433 1.402191 1.42433 1.145949 1.021128 1.145949 1.004695 1.081888 1.004695 0.700589 1.566287 0.730697 1.566287 0.730697 1.502226 1.306346 0.0638954 1.306346 0.03752726 1.242285 0.03752726 1.466253 0.8626227 1.466253 0.8383539 1.402192 0.8383539 0.3598168 1.514647 0.3598168 1.496904 0.2957561 1.496904 0.3598167 1.131821 0.3598167 1.10164 0.295756 1.10164 0.5050804 1.248958 0.5050804 1.165771 0.4410196 1.165771 0.4238776 1.437672 0.4238776 1.403799 0.3598168 1.403799 0.6972625 1.444477 0.6972625 1.394285 0.6332018 1.394285 1.402191 1.464177 1.402191 1.446318 1.338131 1.446318 0.2316952 1.114609 0.2316952 1.07675 0.1676345 1.07675 0.06428021 0.07064896 0.1029928 0.07064896 0.1029928 0.00658822 0.2316953 0.6503577 0.2316953 0.6139871 0.1676345 0.6139871 0.4238776 1.579086 0.4238776 1.544791 0.3598168 1.544791 -0.002249658 1.444725 0.02421247 1.444725 0.02421247 1.380665 1.49002 -0.6302068 1.49002 -0.6512784 1.42596 -0.6512784 1.466253 1.287697 1.466253 1.255714 1.402192 1.255714 0.569141 1.503173 0.569141 1.381796 0.5050804 1.381796 1.033835 1.3577 1.033835 1.32348 0.969774 1.32348 1.559434 1.487485 1.57694 1.487485 1.57694 1.423424 1.594374 0.6636565 1.594374 0.6230975 1.530313 0.6230975 1.554081 -0.572338 1.554081 -0.6391302 1.49002 -0.6391302 1.370407 0.3286578 1.370407 0.3019979 1.306346 0.3019979 1.297838 -0.03133714 1.297838 -0.0508297 1.233777 -0.0508297 -0.3848021 1.259111 -0.3558378 1.259111 -0.3558378 1.19505 1.49002 -0.2068072 1.49002 -0.2466598 1.42596 -0.2466598 0.1676344 1.148843 0.1676344 1.127055 0.1035737 1.127055 0.7613233 1.262193 0.7613233 1.213358 0.6972627 1.213358 -0.2917769 0.7146443 -0.2917769 0.6738617 -0.3558376 0.6738617 0.1676344 1.048377 0.1676344 1.016291 0.1035737 1.016291 0.7613233 1.175998 0.7613233 1.147511 0.6972627 1.147511 0.7543057 0.7986901 0.7772372 0.7986901 0.7772372 0.7346293 1.306346 0.4789286 1.306346 0.4431477 1.242285 0.4431477 1.338131 0.8928052 1.338131 0.8694725 1.27407 0.8694725 1.530313 1.076879 1.548382 1.076879 1.548382 1.012819 -0.4638825 1.289924 -0.4638825 1.246793 -0.5279431 1.246793 1.402192 0.821189 1.402192 0.7573351 1.338131 0.7573351 1.530313 1.32345 1.530313 1.298855 1.466253 1.298855 1.402192 0.7573351 1.402192 0.7050262 1.338131 0.7050262 0.5050804 1.422065 0.5050804 1.35985 0.4410196 1.35985 0.9697739 1.457216 0.9697739 1.435781 0.9057131 1.435781 -0.2129033 1.383755 -0.2129033 1.353242 -0.2769641 1.353242 1.033835 1.367689 1.057649 1.367689 1.057649 1.303628 1.242285 0.01110947 1.242285 -0.01480454 1.178225 -0.01480454 1.466253 0.9026736 1.466253 0.8626227 1.402192 0.8626227 1.530313 1.151957 1.530313 1.119081 1.466253 1.119081 0.3598168 1.529558 0.3598168 1.514647 0.2957561 1.514647 1.402191 1.540452 1.402191 1.503269 1.338131 1.503269 1.21001 1.3928 1.21001 1.354312 1.145949 1.354312 1.562589 0.5157031 1.562589 0.4735569 1.498528 0.4735569 0.295756 0.6729969 0.2957561 0.6365942 0.2316953 0.6365942 -0.4638825 1.496124 -0.4638825 1.467338 -0.5279433 1.467338 0.4239996 0.8061695 0.4409267 0.8061695 0.4409267 0.7421088 0.2957561 0.6365942 0.2957561 0.6139873 0.2316953 0.6139873 1.466252 1.42433 1.466252 1.394857 1.402191 1.394857 1.498528 0.4716655 1.498528 0.4437429 1.434468 0.4437429 1.562589 0.3984331 1.562589 0.35692 1.498529 0.3569199 0.4239997 0.7421086 0.4410195 0.7421086 0.4410195 0.6780479 0.969774 1.288693 0.969774 1.240625 0.9057132 1.240625 0.3598168 1.156468 0.3598168 1.131821 0.2957561 1.131821 1.27407 0.7364668 1.27407 0.691504 1.210009 0.691504 0.2316952 1.3015 0.2316952 1.262262 0.1676344 1.262262 -0.2917769 1.335773 -0.2917769 1.307429 -0.3558376 1.307429 1.42596 -0.2829946 1.42596 -0.3045771 1.361899 -0.3045771 1.498528 0.0895763 1.498528 0.05783098 1.434468 0.05783098 1.370407 0.4402326 1.370407 0.3832846 1.306346 0.3832846 0.6972625 1.394285 0.6972625 1.355797 0.6332018 1.355797 -0.2129033 1.509898 -0.2129033 1.496443 -0.2769641 1.496443 1.169717 -0.32595 1.169717 -0.3632823 1.105656 -0.3632823 -0.2129033 1.496443 -0.2129033 1.467656 -0.2769641 1.467656 1.370407 0.5207337 1.370407 0.4848007 1.306346 0.4848007 1.145949 0.9726087 1.145949 0.9204118 1.081888 0.9204117 1.466253 1.255714 1.466253 1.226242 1.402192 1.226242 -0.1488425 1.383359 -0.1488425 1.362784 -0.2129033 1.362784 1.297838 -0.4835041 1.297838 -0.5143684 1.233777 -0.5143684 -0.4638825 1.550458 -0.4638825 1.527458 -0.5279431 1.527458 1.554081 -0.6064524 1.581489 -0.6064524 1.581489 -0.670513 1.145949 1.004695 1.145949 0.9726087 1.081888 0.9726087 1.466253 0.8383539 1.466253 0.8021351 1.402192 0.8021351 1.233777 -0.2446721 1.233777 -0.2692605 1.169717 -0.2692605 1.498528 0.6054927 1.525788 0.6054927 1.525788 0.541432 0.3598167 1.10164 0.3598167 1.071458 0.295756 1.071458 1.498528 0.05783098 1.498528 0.023745 1.434468 0.023745 -0.592004 1.414331 -0.592004 1.389231 -0.6560648 1.38923 1.402191 1.503269 1.402191 1.464177 1.338131 1.464177 1.233777 -0.6142198 1.233777 -0.6395822 1.169717 -0.6395822 -0.08478188 1.536686 -0.08478188 1.520717 -0.1488425 1.520717 0.2957561 1.287118 0.2957561 1.16197 0.2316953 1.16197 1.306346 0.4431477 1.306346 0.3742486 1.242285 0.3742486 1.562589 0.1474189 1.562589 0.1027375 1.498528 0.1027375 0.8416524 1.443856 0.8416524 1.402882 0.7775917 1.402882 0.9057132 1.229542 0.9057132 1.208039 0.8416525 1.208039 0.08924663 1.498803 0.08924663 1.47698 0.02518588 1.47698 1.145949 1.471251 1.145949 1.398716 1.081888 1.398716 0.1676344 1.089196 0.1676344 1.069537 0.1035737 1.069537 0.3598168 1.550897 0.3598168 1.529558 0.2957561 1.529558 1.361899 -0.6472067 1.361899 -0.670513 1.297838 -0.670513 0.6972625 1.325866 0.6972625 1.287467 0.6332017 1.287467 1.27407 0.9675646 1.27407 0.921934 1.210009 0.921934 0.1676344 1.238206 0.1676344 1.204368 0.1035737 1.204368 0.6972625 1.355797 0.6972625 1.325866 0.6332017 1.325866 1.27407 0.660279 1.27407 0.6057361 1.210009 0.6057361 0.730697 1.566287 0.7613232 1.566287 0.7613232 1.502226 1.169717 -0.1227813 1.169717 -0.272022 1.105656 -0.272022 1.057649 1.303628 1.081764 1.303628 1.081764 1.239568 1.370407 0.3536333 1.370407 0.3286578 1.306346 0.3286578 -0.4638825 1.467338 -0.4638825 1.444656 -0.5279433 1.444656 1.530313 0.8639147 1.581544 0.8639147 1.581544 0.7998539 -0.2917769 1.401098 -0.2917769 1.36828 -0.3558376 1.36828 1.466252 1.394857 1.466252 1.363276 1.402191 1.363276 1.554081 -0.6391302 1.554081 -0.670513 1.49002 -0.670513 1.338131 0.7486611 1.338131 0.7194151 1.27407 0.7194151 1.434468 0.3886419 1.434468 0.3401353 1.370407 0.3401353 1.562589 0.2058922 1.562589 0.1714264 1.498528 0.1714264 0.1676344 0.8784751 0.1676344 0.7343543 0.1035737 0.7343543 0.4238776 0.6816446 0.4238776 0.6389061 0.3598168 0.6389061 1.233777 -0.2212707 1.233777 -0.2446721 1.169717 -0.2446721 1.402192 0.9014435 1.402192 0.8732444 1.338131 0.8732444 0.5050804 1.327963 0.5050804 1.311585 0.4410196 1.311585 0.08924657 1.25428 0.08924657 1.180289 0.02518588 1.180289 0.8416524 1.543539 0.8416524 1.524422 0.7775917 1.524422 -0.2129033 1.222005 -0.2129033 1.188483 -0.2769641 1.188483 1.49002 -0.5136988 1.49002 -0.5345051 1.42596 -0.5345051 1.338131 1.350543 1.338131 1.318949 1.27407 1.318949 -0.08478188 1.383306 -0.08478188 1.353425 -0.1488425 1.353425 1.169717 -0.3632823 1.169717 -0.3805468 1.105656 -0.3805468 0.5050804 1.277292 0.5050804 1.248958 0.4410196 1.248958 0.06561166 0.3909527 0.1002383 0.3909527 0.1002383 0.3268919 0.08130985 0.1987704 0.1025885 0.1987704 0.1025885 0.1347097 0.295756 0.9008483 0.295756 0.845901 0.2316953 0.845901 -0.1488425 1.530934 -0.1488425 1.496131 -0.2129033 1.496131 0.9697739 1.503713 0.9697739 1.481593 0.9057131 1.481593 1.530313 0.6615773 1.530313 0.6353504 1.466252 0.6353504 1.548382 1.076879 1.572452 1.076879 1.572452 1.012819 1.554081 -0.1448059 1.57757 -0.1448059 1.57757 -0.2088667 1.562589 0.2643503 1.562589 0.2348484 1.498528 0.2348484 1.530313 1.273583 1.530313 1.221726 1.466253 1.221726 1.49002 -0.03732013 1.49002 -0.07571625 1.42596 -0.07571625 -0.2129033 1.467656 -0.2129033 1.444975 -0.2769641 1.444975 0.1676344 0.6328291 0.1676344 0.6139873 0.1035737 0.6139873 -0.2917769 0.6427449 -0.2917768 0.6143811 -0.3558376 0.6143811 1.466253 1.226242 1.466253 1.19466 1.402192 1.19466 1.145949 1.111399 1.145949 1.021128 1.081888 1.021128 0.6332017 1.289094 0.6332017 1.246443 0.569141 1.246443 1.434468 0.211172 1.434468 0.1626654 1.370407 0.1626654 1.297838 -0.3943824 1.297838 -0.4835041 1.233777 -0.4835041 1.434468 0.5176051 1.434468 0.4597063 1.370407 0.4597063 0.2316953 0.6930962 0.2316953 0.6503577 0.1676345 0.6503577 1.49002 -0.1268408 1.49002 -0.151186 1.42596 -0.151186 1.145949 1.269206 1.145949 1.195214 1.081888 1.195214 1.242285 0.5655355 1.242285 0.5191603 1.178225 0.5191603 -0.02072113 1.237934 -0.02072113 1.216273 -0.08478188 1.216273 1.233777 -0.5712571 1.233777 -0.593045 1.169717 -0.593045 -0.3159677 0.5324316 -0.2851461 0.5324316 -0.2851461 0.4683707 1.49002 -0.6512784 1.49002 -0.670513 1.42596 -0.670513 -0.3998218 1.289248 -0.3998218 1.268975 -0.4638825 1.268975 0.3598167 0.8185994 0.3598167 0.7996665 0.295756 0.7996665 1.530313 0.6353504 1.530313 0.6057361 1.466252 0.6057361 0.08924663 0.7927936 0.08924663 0.767368 0.02518588 0.767368 -0.2917769 0.9966829 -0.2917769 0.9564921 -0.3558376 0.9564921 0.569141 1.289094 0.569141 1.255893 0.5050804 1.255893 1.49002 -0.1511859 1.49002 -0.1722705 1.42596 -0.1722705 -0.6560648 1.565634 -0.6304398 1.565634 -0.6304398 1.501574 1.434468 0.3401353 1.434468 0.2800831 1.370407 0.2800831 1.370407 0.3832846 1.370407 0.3536333 1.306346 0.3536333 0.08924663 1.388514 0.08924663 1.36739 0.02518588 1.36739 1.402192 1.272089 1.402192 1.235253 1.338131 1.235253 -0.02072113 1.576424 -0.02072113 1.55342 -0.08478182 1.55342 1.530313 1.423424 1.530313 1.378391 1.466253 1.378391 1.338131 1.374812 1.338131 1.350543 1.27407 1.350543 1.530313 0.7998539 1.558855 0.7998539 1.558855 0.7357932 0.9057132 1.208039 0.9057132 1.175507 0.8416525 1.175507 -0.02072113 1.273876 -0.02072113 1.237934 -0.08478188 1.237934 1.554081 -0.3855774 1.579101 -0.3855774 1.579101 -0.4496381 1.306346 0.2994892 1.306346 0.2793825 1.242285 0.2793825 1.498528 0.2714711 1.498528 0.2513461 1.434468 0.2513461 0.295756 1.131821 0.295756 1.101641 0.2316952 1.101641 -0.3998218 1.481075 -0.3998218 1.445786 -0.4638825 1.445786 1.562589 0.541432 1.562589 0.5157031 1.498528 0.5157031 -0.0200631 1.508786 -0.002249896 1.508786 -0.002249896 1.444725 0.569141 1.381796 0.569141 1.357423 0.5050804 1.357423 -0.3178394 0.2121278 -0.2796572 0.2121278 -0.2796572 0.148067 1.402192 0.7050262 1.402192 0.6057361 1.338131 0.6057361 1.033835 1.507587 1.033835 1.486191 0.9697739 1.486191 1.297838 -0.3003573 1.297838 -0.3185821 1.233777 -0.3185821 1.145949 0.9204118 1.145949 0.822326 1.081888 0.822326 1.425959 -0.5517442 1.42596 -0.5806595 1.361899 -0.5806595 0.8416525 1.261148 0.8416525 1.230629 0.7775918 1.230629 0.6972625 1.13897 0.6972625 1.117261 0.6332017 1.117261 0.5050802 1.579608 0.5050802 1.547517 0.4410195 1.547517 0.2957561 1.16197 0.2957561 1.131821 0.2316953 1.131821 0.1676344 1.340673 0.1676344 1.299022 0.1035737 1.299022 -0.0200631 1.380665 0.00717616 1.380665 0.00717616 1.316604 1.145949 1.369344 1.145949 1.32535 1.081888 1.32535 -0.1488425 1.283356 -0.1488425 1.240226 -0.2129033 1.240226 -0.08478188 1.576371 -0.08478188 1.552349 -0.1488425 1.552349 0.9057132 1.246137 0.9057132 1.229542 0.8416525 1.229542 0.3598167 1.050089 0.3598167 0.900848 0.295756 0.900848 1.233777 -0.09361428 1.233777 -0.1230911 1.169717 -0.1230911 1.150125 1.566342 1.210009 1.566342 1.210009 1.502281 1.466252 1.363276 1.466252 1.287697 1.402191 1.287697 1.297838 -0.1249326 1.297838 -0.1561633 1.233777 -0.1561633 0.754306 0.9268115 0.7765422 0.9268115 0.7765422 0.8627508 1.338131 1.297873 1.338131 1.254634 1.27407 1.254634 -0.3998218 1.208655 -0.3998218 1.19505 -0.4638825 1.19505 1.530313 0.9182879 1.530313 0.8940489 1.466253 0.8940489 0.4238776 0.6389061 0.4238776 0.6139873 0.3598168 0.6139873 -0.5279431 1.342015 -0.5279431 1.314939 -0.592004 1.314939</float_array>
          <technique_common>
            <accessor source="#s_slopgear_sign-mesh-map-0-array" count="7221" stride="2">
              <param name="S" type="float"/>
              <param name="T" type="float"/>
            </accessor>
          </technique_common>
        </source>
        <source id="s_slopgear_sign-mesh-colors-Attribute" name="Attribute">
          <float_array id="s_slopgear_sign-mesh-colors-Attribute-array" count="28884">1 0.6588236 0.3098039 1 1 0.6588236 0.3098039 1 1 0.6588236 0.3098039 1 1 0.6588236 0.3098039 1 1 0.6588236 0.3098039 1 1 0.6588236 0.3098039 1 1 0.6588236 0.3098039 1 1 0.6588236 0.3098039 1 1 0.6588236 0.3098039 1 1 0.6588236 0.3098039 1 1 0.6588236 0.3098039 1 1 0.6588236 0.3098039 1 1 0.6588236 0.3098039 1 1 0.6588236 0.3098039 1 1 0.6588236 0.3098039 1 1 0.6588236 0.3098039 1 1 0.6588236 0.3098039 1 1 0.6588236 0.3098039 1 1 0.6588236 0.3098039 1 1 0.6588236 0.3098039 1 1 0.6588236 0.3098039 1 1 0.6588236 0.3098039 1 1 0.6588236 0.3098039 1 1 0.6588236 0.3098039 1 1 0.6588236 0.3098039 1 1 0.6588236 0.3098039 1 1 0.6588236 0.3098039 1 1 0.6588236 0.3098039 1 1 0.6588236 0.3098039 1 1 0.6588236 0.3098039 1 1 0.6588236 0.3098039 1 1 0.6588236 0.3098039 1 1 0.6588236 0.3098039 1 1 0.6588236 0.3098039 1 1 0.6588236 0.3098039 1 1 0.6588236 0.3098039 1 1 0.6588236 0.3098039 1 1 0.6588236 0.3098039 1 1 0.6588236 0.3098039 1 1 0.6588236 0.3098039 1 1 0.6588236 0.3098039 1 1 0.6588236 0.3098039 1 1 0.6588236 0.3098039 1 1 0.6588236 0.3098039 1 1 0.6588236 0.3098039 1 1 0.6588236 0.3098039 1 1 0.6588236 0.3098039 1 1 0.6588236 0.3098039 1 1 0.6588236 0.3098039 1 1 0.6588236 0.3098039 1 1 0.6588236 0.3098039 1 1 0.6588236 0.3098039 1 1 0.6588236 0.3098039 1 1 0.6588236 0.3098039 1 1 0.6588236 0.3098039 1 1 0.6588236 0.3098039 1 1 0.6588236 0.3098039 1 1 0.6588236 0.3098039 1 1 0.6588236 0.3098039 1 1 0.6588236 0.3098039 1 1 0.6588236 0.3098039 1 1 0.6588236 0.3098039 1 1 0.6588236 0.3098039 1 1 0.6588236 0.3098039 1 1 0.6588236 0.3098039 1 1 0.6588236 0.3098039 1 1 0.6588236 0.3098039 1 1 0.6588236 0.3098039 1 1 0.6588236 0.3098039 1 1 0.6588236 0.3098039 1 1 0.6588236 0.3098039 1 1 0.6588236 0.3098039 1 1 0.6588236 0.3098039 1 1 0.6588236 0.3098039 1 1 0.6588236 0.3098039 1 1 0.6588236 0.3098039 1 1 0.6588236 0.3098039 1 1 0.6588236 0.3098039 1 1 0.6588236 0.3098039 1 1 0.6588236 0.3098039 1 1 0.6588236 0.3098039 1 1 0.6588236 0.3098039 1 1 0.6588236 0.3098039 1 1 0.6588236 0.3098039 1 1 0.6588236 0.3098039 1 1 0.6588236 0.3098039 1 1 0.6588236 0.3098039 1 1 0.6588236 0.3098039 1 1 0.6588236 0.3098039 1 1 0.6588236 0.3098039 1 1 0.6588236 0.3098039 1 1 0.6588236 0.3098039 1 1 0.6588236 0.3098039 1 1 0.6588236 0.3098039 1 1 0.6588236 0.3098039 1 1 0.6588236 0.3098039 1 1 0.6588236 0.3098039 1 1 0.6588236 0.3098039 1 1 0.6588236 0.3098039 1 1 0.6588236 0.3098039 1 1 0.6588236 0.3098039 1 1 0.6588236 0.3098039 1 1 0.6588236 0.3098039 1 1 0.6588236 0.3098039 1 1 0.6588236 0.3098039 1 1 0.6588236 0.3098039 1 1 0.6588236 0.3098039 1 1 0.6588236 0.3098039 1 1 0.6588236 0.3098039 1 1 0.6588236 0.3098039 1 1 0.6588236 0.3098039 1 1 0.6588236 0.3098039 1 1 0.6588236 0.3098039 1 1 0.6588236 0.3098039 1 1 0.6588236 0.3098039 1 1 0.6588236 0.3098039 1 1 0.6588236 0.3098039 1 1 0.6588236 0.3098039 1 1 0.6588236 0.3098039 1 1 0.6588236 0.3098039 1 1 0.6588236 0.3098039 1 1 0.6588236 0.3098039 1 1 0.6588236 0.3098039 1 1 0.6588236 0.3098039 1 1 0.6588236 0.3098039 1 1 0.6588236 0.3098039 1 1 0.6588236 0.3098039 1 1 0.6588236 0.3098039 1 1 0.6588236 0.3098039 1 1 0.6588236 0.3098039 1 1 0.6588236 0.3098039 1 1 0.6588236 0.3098039 1 1 0.6588236 0.3098039 1 1 0.6588236 0.3098039 1 1 0.6588236 0.3098039 1 1 0.6588236 0.3098039 1 1 0.6588236 0.3098039 1 1 0.6588236 0.3098039 1 1 0.6588236 0.3098039 1 1 0.6588236 0.3098039 1 1 0.6588236 0.3098039 1 1 0.6588236 0.3098039 1 1 0.6588236 0.3098039 1 1 0.6588236 0.3098039 1 1 0.6588236 0.3098039 1 1 0.6588236 0.3098039 1 1 0.6588236 0.3098039 1 1 0.6588236 0.3098039 1 1 0.6588236 0.3098039 1 1 0.6588236 0.3098039 1 1 0.6588236 0.3098039 1 1 0.6588236 0.3098039 1 1 0.6588236 0.3098039 1 1 0.6588236 0.3098039 1 1 0.6588236 0.3098039 1 1 0.6588236 0.3098039 1 1 0.6588236 0.3098039 1 1 0.6588236 0.3098039 1 1 0.6588236 0.3098039 1 1 0.6588236 0.3098039 1 1 0.6588236 0.3098039 1 1 0.6588236 0.3098039 1 1 0.6588236 0.3098039 1 1 0.6588236 0.3098039 1 1 0.6588236 0.3098039 1 1 0.6588236 0.3098039 1 1 0.6588236 0.3098039 1 1 0.6588236 0.3098039 1 1 0.6588236 0.3098039 1 1 0.6588236 0.3098039 1 1 0.6588236 0.3098039 1 1 0.6588236 0.3098039 1 1 0.6588236 0.3098039 1 1 0.6588236 0.3098039 1 1 0.6588236 0.3098039 1 1 0.6588236 0.3098039 1 1 0.6588236 0.3098039 1 1 0.6588236 0.3098039 1 1 0.6588236 0.3098039 1 1 0.6588236 0.3098039 1 1 0.6588236 0.3098039 1 1 0.6588236 0.3098039 1 1 0.6588236 0.3098039 1 1 0.6588236 0.3098039 1 1 0.6588236 0.3098039 1 1 0.6588236 0.3098039 1 1 0.6588236 0.3098039 1 1 0.6588236 0.3098039 1 1 0.6588236 0.3098039 1 1 0.6588236 0.3098039 1 1 0.6588236 0.3098039 1 1 0.6588236 0.3098039 1 1 0.6588236 0.3098039 1 1 0.6588236 0.3098039 1 1 0.6588236 0.3098039 1 1 0.6588236 0.3098039 1 1 0.6588236 0.3098039 1 1 0.6588236 0.3098039 1 1 0.6588236 0.3098039 1 1 0.6588236 0.3098039 1 1 0.6588236 0.3098039 1 1 0.6588236 0.3098039 1 1 0.6588236 0.3098039 1 1 0.6588236 0.3098039 1 1 0.6588236 0.3098039 1 1 0.6588236 0.3098039 1 1 0.6588236 0.3098039 1 1 0.6588236 0.3098039 1 1 0.6588236 0.3098039 1 1 0.6588236 0.3098039 1 1 0.6588236 0.3098039 1 1 0.6588236 0.3098039 1 1 0.6588236 0.3098039 1 1 0.6588236 0.3098039 1 1 0.6588236 0.3098039 1 1 0.6588236 0.3098039 1 1 0.6588236 0.3098039 1 1 0.6588236 0.3098039 1 1 0.6588236 0.3098039 1 1 0.6588236 0.3098039 1 1 0.6588236 0.3098039 1 1 0.6588236 0.3098039 1 1 0.6588236 0.3098039 1 1 0.6588236 0.3098039 1 1 0.6588236 0.3098039 1 1 0.6588236 0.3098039 1 1 0.6588236 0.3098039 1 1 0.6588236 0.3098039 1 1 0.6588236 0.3098039 1 1 0.6588236 0.3098039 1 1 0.6588236 0.3098039 1 1 0.6588236 0.3098039 1 1 0.6588236 0.3098039 1 1 0.6588236 0.3098039 1 1 0.6588236 0.3098039 1 1 0.6588236 0.3098039 1 1 0.6588236 0.3098039 1 1 0.6588236 0.3098039 1 1 0.6588236 0.3098039 1 1 0.6588236 0.3098039 1 1 0.6588236 0.3098039 1 1 0.6588236 0.3098039 1 1 0.6588236 0.3098039 1 1 0.6588236 0.3098039 1 1 0.6588236 0.3098039 1 1 0.6588236 0.3098039 1 1 0.6588236 0.3098039 1 1 0.6588236 0.3098039 1 1 0.6588236 0.3098039 1 1 0.6588236 0.3098039 1 1 0.6588236 0.3098039 1 1 0.6588236 0.3098039 1 1 0.6588236 0.3098039 1 1 0.6588236 0.3098039 1 1 0.6588236 0.3098039 1 1 0.6588236 0.3098039 1 1 0.6588236 0.3098039 1 1 0.6588236 0.3098039 1 1 0.6588236 0.3098039 1 1 0.6588236 0.3098039 1 1 0.6588236 0.3098039 1 1 0.6588236 0.3098039 1 1 0.6588236 0.3098039 1 1 0.6588236 0.3098039 1 1 0.6588236 0.3098039 1 1 0.6588236 0.3098039 1 1 0.6588236 0.3098039 1 1 0.6588236 0.3098039 1 1 0.6588236 0.3098039 1 1 0.6588236 0.3098039 1 1 0.6588236 0.3098039 1 1 0.6588236 0.3098039 1 1 0.6588236 0.3098039 1 1 0.6588236 0.3098039 1 1 0.6588236 0.3098039 1 1 0.6588236 0.3098039 1 1 0.6588236 0.3098039 1 1 0.6588236 0.3098039 1 1 0.6588236 0.3098039 1 1 0.6588236 0.3098039 1 1 0.6588236 0.3098039 1 1 0.6588236 0.3098039 1 1 0.6588236 0.3098039 1 1 0.6588236 0.3098039 1 1 0.6588236 0.3098039 1 1 0.6588236 0.3098039 1 1 0.6588236 0.3098039 1 1 0.6588236 0.3098039 1 1 0.6588236 0.3098039 1 1 0.6588236 0.3098039 1 1 0.6588236 0.3098039 1 1 0.6588236 0.3098039 1 1 0.6588236 0.3098039 1 1 0.6588236 0.3098039 1 1 0.6588236 0.3098039 1 1 0.6588236 0.3098039 1 1 0.6588236 0.3098039 1 1 0.6588236 0.3098039 1 1 0.6588236 0.3098039 1 1 0.6588236 0.3098039 1 1 0.6588236 0.3098039 1 1 0.6588236 0.3098039 1 1 0.6588236 0.3098039 1 1 0.6588236 0.3098039 1 1 0.6588236 0.3098039 1 1 0.6588236 0.3098039 1 1 0.6588236 0.3098039 1 1 0.6588236 0.3098039 1 1 0.6588236 0.3098039 1 1 0.6588236 0.3098039 1 1 0.6588236 0.3098039 1 1 0.6588236 0.3098039 1 1 0.6588236 0.3098039 1 1 0.6588236 0.3098039 1 1 0.6588236 0.3098039 1 1 0.6588236 0.3098039 1 1 0.6588236 0.3098039 1 1 0.6588236 0.3098039 1 1 0.6588236 0.3098039 1 1 0.6588236 0.3098039 1 1 0.6588236 0.3098039 1 1 0.6588236 0.3098039 1 1 0.6588236 0.3098039 1 1 0.6588236 0.3098039 1 1 0.6588236 0.3098039 1 1 0.6588236 0.3098039 1 1 0.6588236 0.3098039 1 1 0.6588236 0.3098039 1 1 0.6588236 0.3098039 1 1 0.6588236 0.3098039 1 1 0.6588236 0.3098039 1 1 0.6588236 0.3098039 1 1 0.6588236 0.3098039 1 1 0.6588236 0.3098039 1 1 0.6588236 0.3098039 1 1 0.6588236 0.3098039 1 1 0.6588236 0.3098039 1 1 0.6588236 0.3098039 1 1 0.6588236 0.3098039 1 1 0.6588236 0.3098039 1 1 0.6588236 0.3098039 1 1 0.6588236 0.3098039 1 1 0.6588236 0.3098039 1 1 0.6588236 0.3098039 1 1 0.6588236 0.3098039 1 1 0.6588236 0.3098039 1 1 0.6588236 0.3098039 1 1 0.6588236 0.3098039 1 1 0.6588236 0.3098039 1 1 0.6588236 0.3098039 1 1 0.6588236 0.3098039 1 1 0.6588236 0.3098039 1 1 0.6588236 0.3098039 1 1 0.6588236 0.3098039 1 1 0.6588236 0.3098039 1 1 0.6588236 0.3098039 1 1 0.6588236 0.3098039 1 1 0.6588236 0.3098039 1 1 0.6588236 0.3098039 1 1 0.6588236 0.3098039 1 1 0.6588236 0.3098039 1 1 0.6588236 0.3098039 1 1 0.6588236 0.3098039 1 1 0.6588236 0.3098039 1 1 0.6588236 0.3098039 1 1 0.6588236 0.3098039 1 1 0.6588236 0.3098039 1 1 0.6588236 0.3098039 1 1 0.6588236 0.3098039 1 1 0.6588236 0.3098039 1 1 0.6588236 0.3098039 1 1 0.6588236 0.3098039 1 1 0.6588236 0.3098039 1 1 0.6588236 0.3098039 1 1 0.6588236 0.3098039 1 1 0.6588236 0.3098039 1 1 0.6588236 0.3098039 1 1 0.6588236 0.3098039 1 1 0.6588236 0.3098039 1 1 0.6588236 0.3098039 1 1 0.6588236 0.3098039 1 1 0.6588236 0.3098039 1 1 0.6588236 0.3098039 1 1 0.6588236 0.3098039 1 1 0.6588236 0.3098039 1 1 0.6588236 0.3098039 1 1 0.6588236 0.3098039 1 1 0.6588236 0.3098039 1 1 0.6588236 0.3098039 1 1 0.6588236 0.3098039 1 1 0.6588236 0.3098039 1 1 0.6588236 0.3098039 1 1 0.6588236 0.3098039 1 1 0.6588236 0.3098039 1 1 0.6588236 0.3098039 1 1 0.6588236 0.3098039 1 1 0.6588236 0.3098039 1 1 0.6588236 0.3098039 1 1 0.6588236 0.3098039 1 1 0.6588236 0.3098039 1 1 0.6588236 0.3098039 1 1 0.6588236 0.3098039 1 1 0.6588236 0.3098039 1 1 0.6588236 0.3098039 1 1 0.6588236 0.3098039 1 1 0.6588236 0.3098039 1 1 0.6588236 0.3098039 1 1 0.6588236 0.3098039 1 1 0.6588236 0.3098039 1 1 0.6588236 0.3098039 1 1 0.6588236 0.3098039 1 1 0.6588236 0.3098039 1 1 0.6588236 0.3098039 1 1 0.6588236 0.3098039 1 1 0.6588236 0.3098039 1 1 0.6588236 0.3098039 1 1 0.6588236 0.3098039 1 1 0.6588236 0.3098039 1 1 0.6588236 0.3098039 1 1 0.6588236 0.3098039 1 1 0.6588236 0.3098039 1 1 0.6588236 0.3098039 1 1 0.6588236 0.3098039 1 1 0.6588236 0.3098039 1 1 0.6588236 0.3098039 1 1 0.6588236 0.3098039 1 1 0.6588236 0.3098039 1 1 0.6588236 0.3098039 1 1 0.6588236 0.3098039 1 1 0.6588236 0.3098039 1 1 0.6588236 0.3098039 1 1 0.6588236 0.3098039 1 1 0.6588236 0.3098039 1 1 0.6588236 0.3098039 1 1 0.6588236 0.3098039 1 1 0.6588236 0.3098039 1 1 0.6588236 0.3098039 1 1 0.6588236 0.3098039 1 1 0.6588236 0.3098039 1 1 0.6588236 0.3098039 1 1 0.6588236 0.3098039 1 1 0.6588236 0.3098039 1 1 0.6588236 0.3098039 1 1 0.6588236 0.3098039 1 1 0.6588236 0.3098039 1 1 0.6588236 0.3098039 1 1 0.6588236 0.3098039 1 1 0.6588236 0.3098039 1 1 0.6588236 0.3098039 1 1 0.6588236 0.3098039 1 1 0.6588236 0.3098039 1 1 0.6588236 0.3098039 1 1 0.6588236 0.3098039 1 1 0.6588236 0.3098039 1 1 0.6588236 0.3098039 1 1 0.6588236 0.3098039 1 1 0.6588236 0.3098039 1 1 0.6588236 0.3098039 1 1 0.6588236 0.3098039 1 1 0.6588236 0.3098039 1 1 0.6588236 0.3098039 1 1 0.6588236 0.3098039 1 1 0.6588236 0.3098039 1 1 0.6588236 0.3098039 1 1 0.6588236 0.3098039 1 1 0.6588236 0.3098039 1 1 0.6588236 0.3098039 1 1 0.6588236 0.3098039 1 1 0.6588236 0.3098039 1 1 0.6588236 0.3098039 1 1 0.6588236 0.3098039 1 1 0.6588236 0.3098039 1 1 0.6588236 0.3098039 1 1 0.6588236 0.3098039 1 1 0.6588236 0.3098039 1 1 0.6588236 0.3098039 1 1 0.6588236 0.3098039 1 1 0.6588236 0.3098039 1 1 0.6588236 0.3098039 1 1 0.6588236 0.3098039 1 1 0.6588236 0.3098039 1 1 0.6588236 0.3098039 1 1 0.6588236 0.3098039 1 1 0.6588236 0.3098039 1 1 0.6588236 0.3098039 1 1 0.6588236 0.3098039 1 1 0.6588236 0.3098039 1 1 0.6588236 0.3098039 1 1 0.6588236 0.3098039 1 1 0.6588236 0.3098039 1 1 0.6588236 0.3098039 1 1 0.6588236 0.3098039 1 1 0.6588236 0.3098039 1 1 0.6588236 0.3098039 1 1 0.6588236 0.3098039 1 1 0.6588236 0.3098039 1 1 0.6588236 0.3098039 1 1 0.6588236 0.3098039 1 1 0.6588236 0.3098039 1 1 0.6588236 0.3098039 1 1 0.6588236 0.3098039 1 1 0.6588236 0.3098039 1 1 0.6588236 0.3098039 1 1 0.6588236 0.3098039 1 1 0.6588236 0.3098039 1 1 0.6588236 0.3098039 1 1 0.6588236 0.3098039 1 1 0.6588236 0.3098039 1 1 0.6588236 0.3098039 1 1 0.6588236 0.3098039 1 1 0.6588236 0.3098039 1 1 0.6588236 0.3098039 1 1 0.6588236 0.3098039 1 1 0.6588236 0.3098039 1 1 0.6588236 0.3098039 1 1 0.6588236 0.3098039 1 1 0.6588236 0.3098039 1 1 0.6588236 0.3098039 1 1 0.6588236 0.3098039 1 1 0.6588236 0.3098039 1 1 0.6588236 0.3098039 1 1 0.6588236 0.3098039 1 1 0.6588236 0.3098039 1 1 0.6588236 0.3098039 1 1 0.6588236 0.3098039 1 1 0.6588236 0.3098039 1 1 0.6588236 0.3098039 1 1 0.6588236 0.3098039 1 1 0.6588236 0.3098039 1 1 0.6588236 0.3098039 1 1 0.6588236 0.3098039 1 1 0.6588236 0.3098039 1 1 0.6588236 0.3098039 1 1 0.6588236 0.3098039 1 1 0.6588236 0.3098039 1 1 0.6588236 0.3098039 1 1 0.6588236 0.3098039 1 1 0.6588236 0.3098039 1 1 0.6588236 0.3098039 1 1 0.6588236 0.3098039 1 1 0.6588236 0.3098039 1 1 0.6588236 0.3098039 1 1 0.6588236 0.3098039 1 1 0.6588236 0.3098039 1 1 0.6588236 0.3098039 1 1 0.6588236 0.3098039 1 1 0.6588236 0.3098039 1 1 0.6588236 0.3098039 1 1 0.6588236 0.3098039 1 1 0.6588236 0.3098039 1 1 0.6588236 0.3098039 1 1 0.6588236 0.3098039 1 1 0.6588236 0.3098039 1 1 0.6588236 0.3098039 1 1 0.6588236 0.3098039 1 1 0.6588236 0.3098039 1 1 0.6588236 0.3098039 1 1 0.6588236 0.3098039 1 1 0.6588236 0.3098039 1 1 0.6588236 0.3098039 1 1 0.6588236 0.3098039 1 1 0.6588236 0.3098039 1 1 0.6588236 0.3098039 1 1 0.6588236 0.3098039 1 1 0.6588236 0.3098039 1 1 0.6588236 0.3098039 1 1 0.6588236 0.3098039 1 1 0.6588236 0.3098039 1 1 0.6588236 0.3098039 1 1 0.6588236 0.3098039 1 1 0.6588236 0.3098039 1 1 0.6588236 0.3098039 1 1 0.6588236 0.3098039 1 1 0.6588236 0.3098039 1 1 0.6588236 0.3098039 1 1 0.6588236 0.3098039 1 1 0.6588236 0.3098039 1 1 0.6588236 0.3098039 1 1 0.6588236 0.3098039 1 1 0.6588236 0.3098039 1 1 0.6588236 0.3098039 1 1 0.6588236 0.3098039 1 1 0.6588236 0.3098039 1 1 0.6588236 0.3098039 1 1 0.6588236 0.3098039 1 1 0.6588236 0.3098039 1 1 0.6588236 0.3098039 1 1 0.6588236 0.3098039 1 1 0.6588236 0.3098039 1 1 0.6588236 0.3098039 1 1 0.6588236 0.3098039 1 1 0.6588236 0.3098039 1 1 0.6588236 0.3098039 1 1 0.6588236 0.3098039 1 1 0.6588236 0.3098039 1 1 0.6588236 0.3098039 1 1 0.6588236 0.3098039 1 1 0.6588236 0.3098039 1 1 0.6588236 0.3098039 1 1 0.6588236 0.3098039 1 1 0.6588236 0.3098039 1 1 0.6588236 0.3098039 1 1 0.6588236 0.3098039 1 1 0.6588236 0.3098039 1 1 0.6588236 0.3098039 1 1 0.6588236 0.3098039 1 1 0.6588236 0.3098039 1 1 0.6588236 0.3098039 1 1 0.6588236 0.3098039 1 1 0.6588236 0.3098039 1 1 0.6588236 0.3098039 1 1 0.6588236 0.3098039 1 1 0.6588236 0.3098039 1 1 0.6588236 0.3098039 1 1 0.6588236 0.3098039 1 1 0.6588236 0.3098039 1 1 0.6588236 0.3098039 1 1 0.6588236 0.3098039 1 1 0.6588236 0.3098039 1 1 0.6588236 0.3098039 1 1 0.6588236 0.3098039 1 1 0.6588236 0.3098039 1 1 0.6588236 0.3098039 1 1 0.6588236 0.3098039 1 1 0.6588236 0.3098039 1 1 0.6588236 0.3098039 1 1 0.6588236 0.3098039 1 1 0.6588236 0.3098039 1 1 0.6588236 0.3098039 1 1 0.6588236 0.3098039 1 1 0.6588236 0.3098039 1 1 0.6588236 0.3098039 1 1 0.6588236 0.3098039 1 1 0.6588236 0.3098039 1 1 0.6588236 0.3098039 1 1 0.6588236 0.3098039 1 1 0.6588236 0.3098039 1 1 0.6588236 0.3098039 1 1 0.6588236 0.3098039 1 1 0.6588236 0.3098039 1 1 0.6588236 0.3098039 1 1 0.6588236 0.3098039 1 1 0.6588236 0.3098039 1 1 0.6588236 0.3098039 1 1 0.6588236 0.3098039 1 1 0.6588236 0.3098039 1 1 0.6588236 0.3098039 1 1 0.6588236 0.3098039 1 1 0.6588236 0.3098039 1 1 0.6588236 0.3098039 1 1 0.6588236 0.3098039 1 1 0.6588236 0.3098039 1 1 0.6588236 0.3098039 1 1 0.6588236 0.3098039 1 1 0.6588236 0.3098039 1 1 0.6588236 0.3098039 1 1 0.6588236 0.3098039 1 1 0.6588236 0.3098039 1 1 0.6588236 0.3098039 1 1 0.6588236 0.3098039 1 1 0.6588236 0.3098039 1 1 0.6588236 0.3098039 1 1 0.6588236 0.3098039 1 1 0.6588236 0.3098039 1 1 0.6588236 0.3098039 1 1 0.6588236 0.3098039 1 1 0.6588236 0.3098039 1 1 0.6588236 0.3098039 1 1 0.6588236 0.3098039 1 1 0.6588236 0.3098039 1 1 0.6588236 0.3098039 1 1 0.6588236 0.3098039 1 1 0.6588236 0.3098039 1 1 0.6588236 0.3098039 1 1 0.6588236 0.3098039 1 1 0.6588236 0.3098039 1 1 0.6588236 0.3098039 1 1 0.6588236 0.3098039 1 1 0.6588236 0.3098039 1 1 0.6588236 0.3098039 1 1 0.6588236 0.3098039 1 1 0.6588236 0.3098039 1 1 0.6588236 0.3098039 1 1 0.6588236 0.3098039 1 1 0.6588236 0.3098039 1 1 0.6588236 0.3098039 1 1 0.6588236 0.3098039 1 1 0.6588236 0.3098039 1 1 0.6588236 0.3098039 1 1 0.6588236 0.3098039 1 1 0.6588236 0.3098039 1 1 0.6588236 0.3098039 1 1 0.6588236 0.3098039 1 1 0.6588236 0.3098039 1 1 0.6588236 0.3098039 1 1 0.6588236 0.3098039 1 1 0.6588236 0.3098039 1 1 0.6588236 0.3098039 1 1 0.6588236 0.3098039 1 1 0.6588236 0.3098039 1 1 0.6588236 0.3098039 1 1 0.6588236 0.3098039 1 1 0.6588236 0.3098039 1 1 0.6588236 0.3098039 1 1 0.6588236 0.3098039 1 1 0.6588236 0.3098039 1 1 0.6588236 0.3098039 1 1 0.6588236 0.3098039 1 1 0.6588236 0.3098039 1 1 0.6588236 0.3098039 1 1 0.6588236 0.3098039 1 1 0.6588236 0.3098039 1 1 0.6588236 0.3098039 1 1 0.6588236 0.3098039 1 1 0.6588236 0.3098039 1 1 0.6588236 0.3098039 1 1 0.6588236 0.3098039 1 1 0.6588236 0.3098039 1 1 0.6588236 0.3098039 1 1 0.6588236 0.3098039 1 1 0.6588236 0.3098039 1 1 0.6588236 0.3098039 1 1 0.6588236 0.3098039 1 1 0.6588236 0.3098039 1 1 0.6588236 0.3098039 1 1 0.6588236 0.3098039 1 1 0.6588236 0.3098039 1 1 0.6588236 0.3098039 1 1 0.6588236 0.3098039 1 1 0.6588236 0.3098039 1 1 0.6588236 0.3098039 1 1 0.6588236 0.3098039 1 1 0.6588236 0.3098039 1 1 0.6588236 0.3098039 1 1 0.6588236 0.3098039 1 1 0.6588236 0.3098039 1 1 0.6588236 0.3098039 1 1 0.6588236 0.3098039 1 1 0.6588236 0.3098039 1 1 0.6588236 0.3098039 1 1 0.6588236 0.3098039 1 1 0.6588236 0.3098039 1 1 0.6588236 0.3098039 1 1 0.6588236 0.3098039 1 1 0.6588236 0.3098039 1 1 0.6588236 0.3098039 1 1 0.6588236 0.3098039 1 1 0.6588236 0.3098039 1 1 0.6588236 0.3098039 1 1 0.6588236 0.3098039 1 1 0.6588236 0.3098039 1 1 0.6588236 0.3098039 1 1 0.6588236 0.3098039 1 1 0.6588236 0.3098039 1 1 0.6588236 0.3098039 1 1 0.6588236 0.3098039 1 1 0.6588236 0.3098039 1 1 0.6588236 0.3098039 1 1 0.6588236 0.3098039 1 1 0.6588236 0.3098039 1 1 0.6588236 0.3098039 1 1 0.6588236 0.3098039 1 1 0.6588236 0.3098039 1 1 0.6588236 0.3098039 1 1 0.6588236 0.3098039 1 1 0.6588236 0.3098039 1 1 0.6588236 0.3098039 1 1 0.6588236 0.3098039 1 1 0.6588236 0.3098039 1 1 0.6588236 0.3098039 1 1 0.6588236 0.3098039 1 1 0.6588236 0.3098039 1 1 0.6588236 0.3098039 1 1 0.6588236 0.3098039 1 1 0.6588236 0.3098039 1 1 0.6588236 0.3098039 1 1 0.6588236 0.3098039 1 1 0.6588236 0.3098039 1 1 0.6588236 0.3098039 1 1 0.6588236 0.3098039 1 1 0.6588236 0.3098039 1 1 0.6588236 0.3098039 1 1 0.6588236 0.3098039 1 1 0.6588236 0.3098039 1 1 0.6588236 0.3098039 1 1 0.6588236 0.3098039 1 1 0.6588236 0.3098039 1 1 0.6588236 0.3098039 1 1 0.6588236 0.3098039 1 1 0.6588236 0.3098039 1 1 0.6588236 0.3098039 1 1 0.6588236 0.3098039 1 1 0.6588236 0.3098039 1 1 0.6588236 0.3098039 1 1 0.6588236 0.3098039 1 1 0.6588236 0.3098039 1 1 0.6588236 0.3098039 1 1 0.6588236 0.3098039 1 1 0.6588236 0.3098039 1 1 0.6588236 0.3098039 1 1 0.6588236 0.3098039 1 1 0.6588236 0.3098039 1 1 0.6588236 0.3098039 1 1 0.6588236 0.3098039 1 1 0.6588236 0.3098039 1 1 0.6588236 0.3098039 1 1 0.6588236 0.3098039 1 1 0.6588236 0.3098039 1 1 0.6588236 0.3098039 1 1 0.6588236 0.3098039 1 1 0.6588236 0.3098039 1 1 0.6588236 0.3098039 1 1 0.6588236 0.3098039 1 1 0.6588236 0.3098039 1 1 0.6588236 0.3098039 1 1 0.6588236 0.3098039 1 1 0.6588236 0.3098039 1 1 0.6588236 0.3098039 1 1 0.6588236 0.3098039 1 1 0.6588236 0.3098039 1 1 0.6588236 0.3098039 1 1 0.6588236 0.3098039 1 1 0.6588236 0.3098039 1 1 0.6588236 0.3098039 1 1 0.6588236 0.3098039 1 1 0.6588236 0.3098039 1 1 0.6588236 0.3098039 1 1 0.6588236 0.3098039 1 1 0.6588236 0.3098039 1 1 0.6588236 0.3098039 1 1 0.6588236 0.3098039 1 1 0.6588236 0.3098039 1 1 0.6588236 0.3098039 1 1 0.6588236 0.3098039 1 1 0.6588236 0.3098039 1 1 0.6588236 0.3098039 1 1 0.6588236 0.3098039 1 1 0.6588236 0.3098039 1 1 0.6588236 0.3098039 1 1 0.6588236 0.3098039 1 1 0.6588236 0.3098039 1 1 0.6588236 0.3098039 1 1 0.6588236 0.3098039 1 1 0.6588236 0.3098039 1 1 0.6588236 0.3098039 1 1 0.6588236 0.3098039 1 1 0.6588236 0.3098039 1 1 0.6588236 0.3098039 1 1 0.6588236 0.3098039 1 1 0.6588236 0.3098039 1 1 0.6588236 0.3098039 1 1 0.6588236 0.3098039 1 1 0.6588236 0.3098039 1 1 0.6588236 0.3098039 1 1 0.6588236 0.3098039 1 1 0.6588236 0.3098039 1 1 0.6588236 0.3098039 1 1 0.6588236 0.3098039 1 1 0.6588236 0.3098039 1 1 0.6588236 0.3098039 1 1 0.6588236 0.3098039 1 1 0.6588236 0.3098039 1 1 0.6588236 0.3098039 1 1 0.6588236 0.3098039 1 1 0.6588236 0.3098039 1 1 0.6588236 0.3098039 1 1 0.6588236 0.3098039 1 1 0.6588236 0.3098039 1 1 0.6588236 0.3098039 1 1 0.6588236 0.3098039 1 1 0.6588236 0.3098039 1 1 0.6588236 0.3098039 1 1 0.6588236 0.3098039 1 1 0.6588236 0.3098039 1 1 0.6588236 0.3098039 1 1 0.6588236 0.3098039 1 1 0.6588236 0.3098039 1 1 0.6588236 0.3098039 1 1 0.6588236 0.3098039 1 1 0.6588236 0.3098039 1 1 0.6588236 0.3098039 1 1 0.6588236 0.3098039 1 1 0.6588236 0.3098039 1 1 0.6588236 0.3098039 1 1 0.6588236 0.3098039 1 1 0.6588236 0.3098039 1 1 0.6588236 0.3098039 1 1 0.6588236 0.3098039 1 1 0.6588236 0.3098039 1 1 0.6588236 0.3098039 1 1 0.6588236 0.3098039 1 1 0.6588236 0.3098039 1 1 0.6588236 0.3098039 1 1 0.6588236 0.3098039 1 1 0.6588236 0.3098039 1 1 0.6588236 0.3098039 1 1 0.6588236 0.3098039 1 1 0.6588236 0.3098039 1 1 0.6588236 0.3098039 1 1 0.6588236 0.3098039 1 1 0.6588236 0.3098039 1 1 0.6588236 0.3098039 1 1 0.6588236 0.3098039 1 1 0.6588236 0.3098039 1 1 0.6588236 0.3098039 1 1 0.6588236 0.3098039 1 1 0.6588236 0.3098039 1 1 0.6588236 0.3098039 1 1 0.6588236 0.3098039 1 1 0.6588236 0.3098039 1 1 0.6588236 0.3098039 1 1 0.6588236 0.3098039 1 1 0.6588236 0.3098039 1 1 0.6588236 0.3098039 1 1 0.6588236 0.3098039 1 1 0.6588236 0.3098039 1 1 0.6588236 0.3098039 1 1 0.6588236 0.3098039 1 1 0.6588236 0.3098039 1 1 0.6588236 0.3098039 1 1 0.6588236 0.3098039 1 1 0.6588236 0.3098039 1 1 0.6588236 0.3098039 1 1 0.6588236 0.3098039 1 1 0.6588236 0.3098039 1 1 0.6588236 0.3098039 1 1 0.6588236 0.3098039 1 1 0.6588236 0.3098039 1 1 0.6588236 0.3098039 1 1 0.6588236 0.3098039 1 1 0.6588236 0.3098039 1 1 0.6588236 0.3098039 1 1 0.6588236 0.3098039 1 1 0.6588236 0.3098039 1 1 0.6588236 0.3098039 1 1 0.6588236 0.3098039 1 1 0.6588236 0.3098039 1 1 0.6588236 0.3098039 1 1 0.6588236 0.3098039 1 1 0.6588236 0.3098039 1 1 0.6588236 0.3098039 1 1 0.6588236 0.3098039 1 1 0.6588236 0.3098039 1 1 0.6588236 0.3098039 1 1 0.6588236 0.3098039 1 1 0.6588236 0.3098039 1 1 0.6588236 0.3098039 1 1 0.6588236 0.3098039 1 1 0.6588236 0.3098039 1 1 0.6588236 0.3098039 1 1 0.6588236 0.3098039 1 1 0.6588236 0.3098039 1 1 0.6588236 0.3098039 1 1 0.6588236 0.3098039 1 1 0.6588236 0.3098039 1 1 0.6588236 0.3098039 1 1 0.6588236 0.3098039 1 1 0.6588236 0.3098039 1 1 0.6588236 0.3098039 1 1 0.6588236 0.3098039 1 1 0.6588236 0.3098039 1 1 0.6588236 0.3098039 1 1 0.6588236 0.3098039 1 1 0.6588236 0.3098039 1 1 0.6588236 0.3098039 1 1 0.6588236 0.3098039 1 1 0.6588236 0.3098039 1 1 0.6588236 0.3098039 1 1 0.6588236 0.3098039 1 1 0.6588236 0.3098039 1 1 0.6588236 0.3098039 1 1 0.6588236 0.3098039 1 1 0.6588236 0.3098039 1 1 0.6588236 0.3098039 1 1 0.6588236 0.3098039 1 1 0.6588236 0.3098039 1 1 0.6588236 0.3098039 1 1 0.6588236 0.3098039 1 1 0.6588236 0.3098039 1 1 0.6588236 0.3098039 1 1 0.6588236 0.3098039 1 1 0.6588236 0.3098039 1 1 0.6588236 0.3098039 1 1 0.6588236 0.3098039 1 1 0.6588236 0.3098039 1 1 0.6588236 0.3098039 1 1 0.6588236 0.3098039 1 1 0.6588236 0.3098039 1 1 0.6588236 0.3098039 1 1 0.6588236 0.3098039 1 1 0.6588236 0.3098039 1 1 0.6588236 0.3098039 1 1 0.6588236 0.3098039 1 1 0.6588236 0.3098039 1 1 0.6588236 0.3098039 1 1 0.6588236 0.3098039 1 1 0.6588236 0.3098039 1 1 0.6588236 0.3098039 1 1 0.6588236 0.3098039 1 1 0.6588236 0.3098039 1 1 0.6588236 0.3098039 1 1 0.6588236 0.3098039 1 1 0.6588236 0.3098039 1 1 0.6588236 0.3098039 1 1 0.6588236 0.3098039 1 1 0.6588236 0.3098039 1 1 0.6588236 0.3098039 1 1 0.6588236 0.3098039 1 1 0.6588236 0.3098039 1 1 0.6588236 0.3098039 1 1 0.6588236 0.3098039 1 1 0.6588236 0.3098039 1 1 0.6588236 0.3098039 1 1 0.6588236 0.3098039 1 1 0.6588236 0.3098039 1 1 0.6588236 0.3098039 1 1 0.6588236 0.3098039 1 1 0.6588236 0.3098039 1 1 0.6588236 0.3098039 1 1 0.6588236 0.3098039 1 1 0.6588236 0.3098039 1 1 0.6588236 0.3098039 1 1 0.6588236 0.3098039 1 1 0.6588236 0.3098039 1 1 0.6588236 0.3098039 1 1 0.6588236 0.3098039 1 1 0.6588236 0.3098039 1 1 0.6588236 0.3098039 1 1 0.6588236 0.3098039 1 1 0.6588236 0.3098039 1 1 0.6588236 0.3098039 1 1 0.6588236 0.3098039 1 1 0.6588236 0.3098039 1 1 0.6588236 0.3098039 1 1 0.6588236 0.3098039 1 1 0.6588236 0.3098039 1 1 0.6588236 0.3098039 1 1 0.6588236 0.3098039 1 1 0.6588236 0.3098039 1 1 0.6588236 0.3098039 1 1 0.6588236 0.3098039 1 1 0.6588236 0.3098039 1 1 0.6588236 0.3098039 1 1 0.6588236 0.3098039 1 1 0.6588236 0.3098039 1 1 0.6588236 0.3098039 1 1 0.6588236 0.3098039 1 1 0.6588236 0.3098039 1 1 0.6588236 0.3098039 1 1 0.6588236 0.3098039 1 1 0.6588236 0.3098039 1 1 0.6588236 0.3098039 1 1 0.6588236 0.3098039 1 1 0.6588236 0.3098039 1 1 0.6588236 0.3098039 1 1 0.6588236 0.3098039 1 1 0.6588236 0.3098039 1 1 0.6588236 0.3098039 1 1 0.6588236 0.3098039 1 1 0.6588236 0.3098039 1 1 0.6588236 0.3098039 1 1 0.6588236 0.3098039 1 1 0.6588236 0.3098039 1 1 0.6588236 0.3098039 1 1 0.6588236 0.3098039 1 1 0.6588236 0.3098039 1 1 0.6588236 0.3098039 1 1 0.6588236 0.3098039 1 1 0.6588236 0.3098039 1 1 0.6588236 0.3098039 1 1 0.6588236 0.3098039 1 1 0.6588236 0.3098039 1 1 0.6588236 0.3098039 1 1 0.6588236 0.3098039 1 1 0.6588236 0.3098039 1 1 0.6588236 0.3098039 1 1 0.6588236 0.3098039 1 1 0.6588236 0.3098039 1 1 0.6588236 0.3098039 1 1 0.6588236 0.3098039 1 1 0.6588236 0.3098039 1 1 0.6588236 0.3098039 1 1 0.6588236 0.3098039 1 1 0.6588236 0.3098039 1 1 0.6588236 0.3098039 1 1 0.6588236 0.3098039 1 1 0.6588236 0.3098039 1 1 0.6588236 0.3098039 1 1 0.6588236 0.3098039 1 1 0.6588236 0.3098039 1 1 0.6588236 0.3098039 1 1 0.6588236 0.3098039 1 1 0.6588236 0.3098039 1 1 0.6588236 0.3098039 1 1 0.6588236 0.3098039 1 1 0.6588236 0.3098039 1 1 0.6588236 0.3098039 1 1 0.6588236 0.3098039 1 1 0.6588236 0.3098039 1 1 0.6588236 0.3098039 1 1 0.6588236 0.3098039 1 1 0.6588236 0.3098039 1 1 0.6588236 0.3098039 1 1 0.6588236 0.3098039 1 1 0.6588236 0.3098039 1 1 0.6588236 0.3098039 1 1 0.6588236 0.3098039 1 1 0.6588236 0.3098039 1 1 0.6588236 0.3098039 1 1 0.6588236 0.3098039 1 1 0.6588236 0.3098039 1 1 0.6588236 0.3098039 1 1 0.6588236 0.3098039 1 1 0.6588236 0.3098039 1 1 0.6588236 0.3098039 1 1 0.6588236 0.3098039 1 1 0.6588236 0.3098039 1 1 0.6588236 0.3098039 1 1 0.6588236 0.3098039 1 1 0.6588236 0.3098039 1 1 0.6588236 0.3098039 1 1 0.6588236 0.3098039 1 1 0.6588236 0.3098039 1 1 0.6588236 0.3098039 1 1 0.6588236 0.3098039 1 1 0.6588236 0.3098039 1 1 0.6588236 0.3098039 1 1 0.6588236 0.3098039 1 1 0.6588236 0.3098039 1 1 0.6588236 0.3098039 1 1 0.6588236 0.3098039 1 1 0.6588236 0.3098039 1 1 0.6588236 0.3098039 1 1 0.6588236 0.3098039 1 1 0.6588236 0.3098039 1 1 0.6588236 0.3098039 1 1 0.6588236 0.3098039 1 1 0.6588236 0.3098039 1 1 0.6588236 0.3098039 1 1 0.6588236 0.3098039 1 1 0.6588236 0.3098039 1 1 0.6588236 0.3098039 1 1 0.6588236 0.3098039 1 1 0.6588236 0.3098039 1 1 0.6588236 0.3098039 1 1 0.6588236 0.3098039 1 1 0.6588236 0.3098039 1 1 0.6588236 0.3098039 1 1 0.6588236 0.3098039 1 1 0.6588236 0.3098039 1 1 0.6588236 0.3098039 1 1 0.6588236 0.3098039 1 1 0.6588236 0.3098039 1 1 0.6588236 0.3098039 1 1 0.6588236 0.3098039 1 1 0.6588236 0.3098039 1 1 0.6588236 0.3098039 1 1 0.6588236 0.3098039 1 1 0.6588236 0.3098039 1 1 0.6588236 0.3098039 1 1 0.6588236 0.3098039 1 1 0.6588236 0.3098039 1 1 0.6588236 0.3098039 1 1 0.6588236 0.3098039 1 1 0.6588236 0.3098039 1 1 0.6588236 0.3098039 1 1 0.6588236 0.3098039 1 1 0.6588236 0.3098039 1 1 0.6588236 0.3098039 1 1 0.6588236 0.3098039 1 1 0.6588236 0.3098039 1 1 0.6588236 0.3098039 1 1 0.6588236 0.3098039 1 1 0.6588236 0.3098039 1 1 0.6588236 0.3098039 1 1 0.6588236 0.3098039 1 1 0.6588236 0.3098039 1 1 0.6588236 0.3098039 1 1 0.6588236 0.3098039 1 1 0.6588236 0.3098039 1 1 0.6588236 0.3098039 1 1 0.6588236 0.3098039 1 1 0.6588236 0.3098039 1 1 0.6588236 0.3098039 1 1 0.6588236 0.3098039 1 1 0.6588236 0.3098039 1 1 0.6588236 0.3098039 1 1 0.6588236 0.3098039 1 1 0.6588236 0.3098039 1 1 0.6588236 0.3098039 1 1 0.6588236 0.3098039 1 1 0.6588236 0.3098039 1 1 0.6588236 0.3098039 1 1 0.6588236 0.3098039 1 1 0.6588236 0.3098039 1 1 0.6588236 0.3098039 1 1 0.6588236 0.3098039 1 1 0.6588236 0.3098039 1 1 0.6588236 0.3098039 1 1 0.6588236 0.3098039 1 1 0.6588236 0.3098039 1 1 0.6588236 0.3098039 1 1 0.6588236 0.3098039 1 1 0.6588236 0.3098039 1 1 0.6588236 0.3098039 1 1 0.6588236 0.3098039 1 1 0.6588236 0.3098039 1 1 0.6588236 0.3098039 1 1 0.6588236 0.3098039 1 1 0.6588236 0.3098039 1 1 0.6588236 0.3098039 1 1 0.6588236 0.3098039 1 1 0.6588236 0.3098039 1 1 0.6588236 0.3098039 1 1 0.6588236 0.3098039 1 1 0.6588236 0.3098039 1 1 0.6588236 0.3098039 1 1 0.6588236 0.3098039 1 1 0.6588236 0.3098039 1 1 0.6588236 0.3098039 1 1 0.6588236 0.3098039 1 1 0.6588236 0.3098039 1 1 0.6588236 0.3098039 1 1 0.6588236 0.3098039 1 1 0.6588236 0.3098039 1 1 0.6588236 0.3098039 1 1 0.6588236 0.3098039 1 1 0.6588236 0.3098039 1 1 0.6588236 0.3098039 1 1 0.6588236 0.3098039 1 1 0.6588236 0.3098039 1 1 0.6588236 0.3098039 1 1 0.6588236 0.3098039 1 1 0.6588236 0.3098039 1 1 0.6588236 0.3098039 1 1 0.6588236 0.3098039 1 1 0.6588236 0.3098039 1 1 0.6588236 0.3098039 1 1 0.6588236 0.3098039 1 1 0.6588236 0.3098039 1 1 0.6588236 0.3098039 1 1 0.6588236 0.3098039 1 1 0.6588236 0.3098039 1 1 0.6588236 0.3098039 1 1 0.6588236 0.3098039 1 1 0.6588236 0.3098039 1 1 0.6588236 0.3098039 1 1 0.6588236 0.3098039 1 1 0.6588236 0.3098039 1 1 0.6588236 0.3098039 1 1 0.6588236 0.3098039 1 1 0.6588236 0.3098039 1 1 0.6588236 0.3098039 1 1 0.6588236 0.3098039 1 1 0.6588236 0.3098039 1 1 0.6588236 0.3098039 1 1 0.6588236 0.3098039 1 1 0.6588236 0.3098039 1 1 0.6588236 0.3098039 1 1 0.6588236 0.3098039 1 1 0.6588236 0.3098039 1 1 0.6588236 0.3098039 1 1 0.6588236 0.3098039 1 1 0.6588236 0.3098039 1 1 0.6588236 0.3098039 1 1 0.6588236 0.3098039 1 1 0.6588236 0.3098039 1 1 0.6588236 0.3098039 1 1 0.6588236 0.3098039 1 1 0.6588236 0.3098039 1 1 0.6588236 0.3098039 1 1 0.6588236 0.3098039 1 1 0.6588236 0.3098039 1 1 0.6588236 0.3098039 1 1 0.6588236 0.3098039 1 1 0.6588236 0.3098039 1 1 0.6588236 0.3098039 1 1 0.6588236 0.3098039 1 1 0.6588236 0.3098039 1 1 0.6588236 0.3098039 1 1 0.6588236 0.3098039 1 1 0.6588236 0.3098039 1 1 0.6588236 0.3098039 1 1 0.6588236 0.3098039 1 1 0.6588236 0.3098039 1 1 0.6588236 0.3098039 1 1 0.6588236 0.3098039 1 1 0.6588236 0.3098039 1 1 0.6588236 0.3098039 1 1 0.6588236 0.3098039 1 1 0.6588236 0.3098039 1 1 0.6588236 0.3098039 1 1 0.6588236 0.3098039 1 1 0.6588236 0.3098039 1 1 0.6588236 0.3098039 1 1 0.6588236 0.3098039 1 1 0.6588236 0.3098039 1 1 0.6588236 0.3098039 1 1 0.6588236 0.3098039 1 1 0.6588236 0.3098039 1 1 0.6588236 0.3098039 1 1 0.6588236 0.3098039 1 1 0.6588236 0.3098039 1 1 0.6588236 0.3098039 1 1 0.6588236 0.3098039 1 1 0.6588236 0.3098039 1 1 0.6588236 0.3098039 1 1 0.6588236 0.3098039 1 1 0.6588236 0.3098039 1 1 0.6588236 0.3098039 1 1 0.6588236 0.3098039 1 1 0.6588236 0.3098039 1 1 0.6588236 0.3098039 1 1 0.6588236 0.3098039 1 1 0.6588236 0.3098039 1 1 0.6588236 0.3098039 1 1 0.6588236 0.3098039 1 1 0.6588236 0.3098039 1 1 0.6588236 0.3098039 1 1 0.6588236 0.3098039 1 1 0.6588236 0.3098039 1 1 0.6588236 0.3098039 1 1 0.6588236 0.3098039 1 1 0.6588236 0.3098039 1 1 0.6588236 0.3098039 1 1 0.6588236 0.3098039 1 1 0.6588236 0.3098039 1 1 0.6588236 0.3098039 1 1 0.6588236 0.3098039 1 1 0.6588236 0.3098039 1 1 0.6588236 0.3098039 1 1 0.6588236 0.3098039 1 1 0.6588236 0.3098039 1 1 0.6588236 0.3098039 1 1 0.6588236 0.3098039 1 1 0.6588236 0.3098039 1 1 0.6588236 0.3098039 1 1 0.6588236 0.3098039 1 1 0.6588236 0.3098039 1 1 0.6588236 0.3098039 1 1 0.6588236 0.3098039 1 1 0.6588236 0.3098039 1 1 0.6588236 0.3098039 1 1 0.6588236 0.3098039 1 1 0.6588236 0.3098039 1 1 0.6588236 0.3098039 1 1 0.6588236 0.3098039 1 1 0.6588236 0.3098039 1 1 0.6588236 0.3098039 1 1 0.6588236 0.3098039 1 1 0.6588236 0.3098039 1 1 0.6588236 0.3098039 1 1 0.6588236 0.3098039 1 1 0.6588236 0.3098039 1 1 0.6588236 0.3098039 1 1 0.6588236 0.3098039 1 1 0.6588236 0.3098039 1 1 0.6588236 0.3098039 1 1 0.6588236 0.3098039 1 1 0.6588236 0.3098039 1 1 0.6588236 0.3098039 1 1 0.6588236 0.3098039 1 1 0.6588236 0.3098039 1 1 0.6588236 0.3098039 1 1 0.6588236 0.3098039 1 1 0.6588236 0.3098039 1 1 0.6588236 0.3098039 1 1 0.6588236 0.3098039 1 1 0.6588236 0.3098039 1 1 0.6588236 0.3098039 1 1 0.6588236 0.3098039 1 1 0.6588236 0.3098039 1 1 0.6588236 0.3098039 1 1 0.6588236 0.3098039 1 1 0.6588236 0.3098039 1 1 0.6588236 0.3098039 1 1 0.6588236 0.3098039 1 1 0.6588236 0.3098039 1 1 0.6588236 0.3098039 1 1 0.6588236 0.3098039 1 1 0.6588236 0.3098039 1 1 0.6588236 0.3098039 1 1 0.6588236 0.3098039 1 1 0.6588236 0.3098039 1 1 0.6588236 0.3098039 1 1 0.6588236 0.3098039 1 1 0.6588236 0.3098039 1 1 0.6588236 0.3098039 1 1 0.6588236 0.3098039 1 1 0.6588236 0.3098039 1 1 0.6588236 0.3098039 1 1 0.6588236 0.3098039 1 1 0.6588236 0.3098039 1 1 0.6588236 0.3098039 1 1 0.6588236 0.3098039 1 1 0.6588236 0.3098039 1 1 0.6588236 0.3098039 1 1 0.6588236 0.3098039 1 1 0.6588236 0.3098039 1 1 0.6588236 0.3098039 1 1 0.6588236 0.3098039 1 1 0.6588236 0.3098039 1 1 0.6588236 0.3098039 1 1 0.6588236 0.3098039 1 1 0.6588236 0.3098039 1 1 0.6588236 0.3098039 1 1 0.6588236 0.3098039 1 1 0.6588236 0.3098039 1 1 0.6588236 0.3098039 1 1 0.6588236 0.3098039 1 1 0.6588236 0.3098039 1 1 0.6588236 0.3098039 1 1 0.6588236 0.3098039 1 1 0.6588236 0.3098039 1 1 0.6588236 0.3098039 1 1 0.6588236 0.3098039 1 1 0.6588236 0.3098039 1 1 0.6588236 0.3098039 1 1 0.6588236 0.3098039 1 1 0.6588236 0.3098039 1 1 0.6588236 0.3098039 1 1 0.6588236 0.3098039 1 1 0.6588236 0.3098039 1 1 0.6588236 0.3098039 1 1 0.6588236 0.3098039 1 1 0.6588236 0.3098039 1 1 0.6588236 0.3098039 1 1 0.6588236 0.3098039 1 1 0.6588236 0.3098039 1 1 0.6588236 0.3098039 1 1 0.6588236 0.3098039 1 1 0.6588236 0.3098039 1 1 0.6588236 0.3098039 1 1 0.6588236 0.3098039 1 1 0.6588236 0.3098039 1 1 0.6588236 0.3098039 1 1 0.6588236 0.3098039 1 1 0.6588236 0.3098039 1 1 0.6588236 0.3098039 1 1 0.6588236 0.3098039 1 1 0.6588236 0.3098039 1 1 0.6588236 0.3098039 1 1 0.6588236 0.3098039 1 1 0.6588236 0.3098039 1 1 0.6588236 0.3098039 1 1 0.6588236 0.3098039 1 1 0.6588236 0.3098039 1 1 0.6588236 0.3098039 1 1 0.6588236 0.3098039 1 1 0.6588236 0.3098039 1 1 0.6588236 0.3098039 1 1 0.6588236 0.3098039 1 1 0.6588236 0.3098039 1 1 0.6588236 0.3098039 1 1 0.6588236 0.3098039 1 1 0.6588236 0.3098039 1 1 0.6588236 0.3098039 1 1 0.6588236 0.3098039 1 1 0.6588236 0.3098039 1 1 0.6588236 0.3098039 1 1 0.6588236 0.3098039 1 1 0.6588236 0.3098039 1 1 0.6588236 0.3098039 1 1 0.6588236 0.3098039 1 1 0.6588236 0.3098039 1 1 0.6588236 0.3098039 1 1 0.6588236 0.3098039 1 1 0.6588236 0.3098039 1 1 0.6588236 0.3098039 1 1 0.6588236 0.3098039 1 1 0.6588236 0.3098039 1 1 0.6588236 0.3098039 1 1 0.6588236 0.3098039 1 1 0.6588236 0.3098039 1 1 0.6588236 0.3098039 1 1 0.6588236 0.3098039 1 1 0.6588236 0.3098039 1 1 0.6588236 0.3098039 1 1 0.6588236 0.3098039 1 1 0.6588236 0.3098039 1 1 0.6588236 0.3098039 1 1 0.6588236 0.3098039 1 1 0.6588236 0.3098039 1 1 0.6588236 0.3098039 1 1 0.6588236 0.3098039 1 1 0.6588236 0.3098039 1 1 0.6588236 0.3098039 1 1 0.6588236 0.3098039 1 1 0.6588236 0.3098039 1 1 0.6588236 0.3098039 1 1 0.6588236 0.3098039 1 1 0.6588236 0.3098039 1 1 0.6588236 0.3098039 1 1 0.6588236 0.3098039 1 1 0.6588236 0.3098039 1 1 0.6588236 0.3098039 1 1 0.6588236 0.3098039 1 1 0.6588236 0.3098039 1 1 0.6588236 0.3098039 1 1 0.6588236 0.3098039 1 1 0.6588236 0.3098039 1 1 0.6588236 0.3098039 1 1 0.6588236 0.3098039 1 1 0.6588236 0.3098039 1 1 0.6588236 0.3098039 1 1 0.6588236 0.3098039 1 1 0.6588236 0.3098039 1 1 0.6588236 0.3098039 1 1 0.6588236 0.3098039 1 1 0.6588236 0.3098039 1 1 0.6588236 0.3098039 1 1 0.6588236 0.3098039 1 1 0.6588236 0.3098039 1 1 0.6588236 0.3098039 1 1 0.6588236 0.3098039 1 1 0.6588236 0.3098039 1 1 0.6588236 0.3098039 1 1 0.6588236 0.3098039 1 1 0.6588236 0.3098039 1 1 0.6588236 0.3098039 1 1 0.6588236 0.3098039 1 1 0.6588236 0.3098039 1 1 0.6588236 0.3098039 1 1 0.6588236 0.3098039 1 1 0.6588236 0.3098039 1 1 0.6588236 0.3098039 1 1 0.6588236 0.3098039 1 1 0.6588236 0.3098039 1 1 0.6588236 0.3098039 1 1 0.6588236 0.3098039 1 1 0.6588236 0.3098039 1 1 0.6588236 0.3098039 1 1 0.6588236 0.3098039 1 1 0.6588236 0.3098039 1 1 0.6588236 0.3098039 1 1 0.6588236 0.3098039 1 1 0.6588236 0.3098039 1 1 0.6588236 0.3098039 1 1 0.6588236 0.3098039 1 1 0.6588236 0.3098039 1 1 0.6588236 0.3098039 1 1 0.6588236 0.3098039 1 1 0.6588236 0.3098039 1 1 0.6588236 0.3098039 1 1 0.6588236 0.3098039 1 1 0.6588236 0.3098039 1 1 0.6588236 0.3098039 1 1 0.6588236 0.3098039 1 1 0.6588236 0.3098039 1 1 0.6588236 0.3098039 1 1 0.6588236 0.3098039 1 1 0.6588236 0.3098039 1 1 0.6588236 0.3098039 1 1 0.6588236 0.3098039 1 1 0.6588236 0.3098039 1 1 0.6588236 0.3098039 1 1 0.6588236 0.3098039 1 1 0.6588236 0.3098039 1 1 0.6588236 0.3098039 1 1 0.6588236 0.3098039 1 1 0.6588236 0.3098039 1 1 0.6588236 0.3098039 1 1 0.6588236 0.3098039 1 1 0.6588236 0.3098039 1 1 0.6588236 0.3098039 1 1 0.6588236 0.3098039 1 1 0.6588236 0.3098039 1 1 0.6588236 0.3098039 1 1 0.6588236 0.3098039 1 1 0.6588236 0.3098039 1 1 0.6588236 0.3098039 1 1 0.6588236 0.3098039 1 1 0.6588236 0.3098039 1 1 0.6588236 0.3098039 1 1 0.6588236 0.3098039 1 1 0.6588236 0.3098039 1 1 0.6588236 0.3098039 1 1 0.6588236 0.3098039 1 1 0.6588236 0.3098039 1 1 0.6588236 0.3098039 1 1 0.6588236 0.3098039 1 1 0.6588236 0.3098039 1 1 0.6588236 0.3098039 1 1 0.6588236 0.3098039 1 1 0.6588236 0.3098039 1 1 0.6588236 0.3098039 1 1 0.6588236 0.3098039 1 1 0.6588236 0.3098039 1 1 0.6588236 0.3098039 1 1 0.6588236 0.3098039 1 1 0.6588236 0.3098039 1 1 0.6588236 0.3098039 1 1 0.6588236 0.3098039 1 1 0.6588236 0.3098039 1 1 0.6588236 0.3098039 1 1 0.6588236 0.3098039 1 1 0.6588236 0.3098039 1 1 0.6588236 0.3098039 1 1 0.6588236 0.3098039 1 1 0.6588236 0.3098039 1 1 0.6588236 0.3098039 1 1 0.6588236 0.3098039 1 1 0.6588236 0.3098039 1 1 0.6588236 0.3098039 1 1 0.6588236 0.3098039 1 1 0.6588236 0.3098039 1 1 0.6588236 0.3098039 1 1 0.6588236 0.3098039 1 1 0.6588236 0.3098039 1 1 0.6588236 0.3098039 1 1 0.6588236 0.3098039 1 1 0.6588236 0.3098039 1 1 0.6588236 0.3098039 1 1 0.6588236 0.3098039 1 1 0.6588236 0.3098039 1 1 0.6588236 0.3098039 1 1 0.6588236 0.3098039 1 1 0.6588236 0.3098039 1 1 0.6588236 0.3098039 1 1 0.6588236 0.3098039 1 1 0.6588236 0.3098039 1 1 0.6588236 0.3098039 1 1 0.6588236 0.3098039 1 1 0.6588236 0.3098039 1 1 0.6588236 0.3098039 1 1 0.6588236 0.3098039 1 1 0.6588236 0.3098039 1 1 0.6588236 0.3098039 1 1 0.6588236 0.3098039 1 1 0.6588236 0.3098039 1 1 0.6588236 0.3098039 1 1 0.6588236 0.3098039 1 1 0.6588236 0.3098039 1 1 0.6588236 0.3098039 1 1 0.6588236 0.3098039 1 1 0.6588236 0.3098039 1 1 0.6588236 0.3098039 1 1 0.6588236 0.3098039 1 1 0.6588236 0.3098039 1 1 0.6588236 0.3098039 1 1 0.6588236 0.3098039 1 1 0.6588236 0.3098039 1 1 0.6588236 0.3098039 1 1 0.6588236 0.3098039 1 1 0.6588236 0.3098039 1 1 0.6588236 0.3098039 1 1 0.6588236 0.3098039 1 1 0.6588236 0.3098039 1 1 0.6588236 0.3098039 1 1 0.6588236 0.3098039 1 1 0.6588236 0.3098039 1 1 0.6588236 0.3098039 1 1 0.6588236 0.3098039 1 1 0.6588236 0.3098039 1 1 0.6588236 0.3098039 1 1 0.6588236 0.3098039 1 1 0.6588236 0.3098039 1 1 0.6588236 0.3098039 1 1 0.6588236 0.3098039 1 1 0.6588236 0.3098039 1 1 0.6588236 0.3098039 1 1 0.6588236 0.3098039 1 1 0.6588236 0.3098039 1 1 0.6588236 0.3098039 1 1 0.6588236 0.3098039 1 1 0.6588236 0.3098039 1 1 0.6588236 0.3098039 1 1 0.6588236 0.3098039 1 1 0.6588236 0.3098039 1 1 0.6588236 0.3098039 1 1 0.6588236 0.3098039 1 1 0.6588236 0.3098039 1 1 0.6588236 0.3098039 1 1 0.6588236 0.3098039 1 1 0.6588236 0.3098039 1 1 0.6588236 0.3098039 1 1 0.6588236 0.3098039 1 1 0.6588236 0.3098039 1 1 0.6588236 0.3098039 1 1 0.6588236 0.3098039 1 1 0.6588236 0.3098039 1 1 0.6588236 0.3098039 1 1 0.6588236 0.3098039 1 1 0.6588236 0.3098039 1 1 0.6588236 0.3098039 1 1 0.6588236 0.3098039 1 1 0.6588236 0.3098039 1 1 0.6588236 0.3098039 1 1 0.6588236 0.3098039 1 1 0.6588236 0.3098039 1 1 0.6588236 0.3098039 1 1 0.6588236 0.3098039 1 1 0.6588236 0.3098039 1 1 0.6588236 0.3098039 1 1 0.6588236 0.3098039 1 1 0.6588236 0.3098039 1 1 0.6588236 0.3098039 1 1 0.6588236 0.3098039 1 1 0.6588236 0.3098039 1 1 0.6588236 0.3098039 1 1 0.6588236 0.3098039 1 1 0.6588236 0.3098039 1 1 0.6588236 0.3098039 1 1 0.6588236 0.3098039 1 1 0.6588236 0.3098039 1 1 0.6588236 0.3098039 1 1 0.6588236 0.3098039 1 1 0.6588236 0.3098039 1 1 0.6588236 0.3098039 1 1 0.6588236 0.3098039 1 1 0.6588236 0.3098039 1 1 0.6588236 0.3098039 1 1 0.6588236 0.3098039 1 1 0.6588236 0.3098039 1 1 0.6588236 0.3098039 1 1 0.6588236 0.3098039 1 1 0.6588236 0.3098039 1 1 0.6588236 0.3098039 1 1 0.6588236 0.3098039 1 1 0.6588236 0.3098039 1 1 0.6588236 0.3098039 1 1 0.6588236 0.3098039 1 1 0.6588236 0.3098039 1 1 0.6588236 0.3098039 1 1 0.6588236 0.3098039 1 1 0.6588236 0.3098039 1 1 0.6588236 0.3098039 1 1 0.6588236 0.3098039 1 1 0.6588236 0.3098039 1 1 0.6588236 0.3098039 1 1 0.6588236 0.3098039 1 1 0.6588236 0.3098039 1 1 0.6588236 0.3098039 1 1 0.6588236 0.3098039 1 1 0.6588236 0.3098039 1 1 0.6588236 0.3098039 1 1 0.6588236 0.3098039 1 1 0.6588236 0.3098039 1 1 0.6588236 0.3098039 1 1 0.6588236 0.3098039 1 1 0.6588236 0.3098039 1 1 0.6588236 0.3098039 1 1 0.6588236 0.3098039 1 1 0.6588236 0.3098039 1 1 0.6588236 0.3098039 1 1 0.6588236 0.3098039 1 1 0.6588236 0.3098039 1 1 0.6588236 0.3098039 1 1 0.6588236 0.3098039 1 1 0.6588236 0.3098039 1 1 0.6588236 0.3098039 1 1 0.6588236 0.3098039 1 1 0.6588236 0.3098039 1 1 0.6588236 0.3098039 1 1 0.6588236 0.3098039 1 1 0.6588236 0.3098039 1 1 0.6588236 0.3098039 1 1 0.6588236 0.3098039 1 1 0.6588236 0.3098039 1 1 0.6588236 0.3098039 1 1 0.6588236 0.3098039 1 1 0.6588236 0.3098039 1 1 0.6588236 0.3098039 1 1 0.6588236 0.3098039 1 1 0.6588236 0.3098039 1 1 0.6588236 0.3098039 1 1 0.6588236 0.3098039 1 1 0.6588236 0.3098039 1 1 0.6588236 0.3098039 1 1 0.6588236 0.3098039 1 1 0.6588236 0.3098039 1 1 0.6588236 0.3098039 1 1 0.6588236 0.3098039 1 1 0.6588236 0.3098039 1 1 0.6588236 0.3098039 1 1 0.6588236 0.3098039 1 1 0.6588236 0.3098039 1 1 0.6588236 0.3098039 1 1 0.6588236 0.3098039 1 1 0.6588236 0.3098039 1 1 0.6588236 0.3098039 1 1 0.6588236 0.3098039 1 1 0.6588236 0.3098039 1 1 0.6588236 0.3098039 1 1 0.6588236 0.3098039 1 1 0.6588236 0.3098039 1 1 0.6588236 0.3098039 1 1 0.6588236 0.3098039 1 1 0.6588236 0.3098039 1 1 0.6588236 0.3098039 1 1 0.6588236 0.3098039 1 1 0.6588236 0.3098039 1 1 0.6588236 0.3098039 1 1 0.6588236 0.3098039 1 1 0.6588236 0.3098039 1 1 0.6588236 0.3098039 1 1 0.6588236 0.3098039 1 1 0.6588236 0.3098039 1 1 0.6588236 0.3098039 1 1 0.6588236 0.3098039 1 1 0.6588236 0.3098039 1 1 0.6588236 0.3098039 1 1 0.6588236 0.3098039 1 1 0.6588236 0.3098039 1 1 0.6588236 0.3098039 1 1 0.6588236 0.3098039 1 1 0.6588236 0.3098039 1 1 0.6588236 0.3098039 1 1 0.6588236 0.3098039 1 1 0.6588236 0.3098039 1 1 0.6588236 0.3098039 1 1 0.6588236 0.3098039 1 1 0.6588236 0.3098039 1 1 0.6588236 0.3098039 1 1 0.6588236 0.3098039 1 1 0.6588236 0.3098039 1 1 0.6588236 0.3098039 1 1 0.6588236 0.3098039 1 1 0.6588236 0.3098039 1 1 0.6588236 0.3098039 1 1 0.6588236 0.3098039 1 1 0.6588236 0.3098039 1 1 0.6588236 0.3098039 1 1 0.6588236 0.3098039 1 1 0.6588236 0.3098039 1 1 0.6588236 0.3098039 1 1 0.6588236 0.3098039 1 1 0.6588236 0.3098039 1 1 0.6588236 0.3098039 1 1 0.6588236 0.3098039 1 1 0.6588236 0.3098039 1 1 0.6588236 0.3098039 1 1 0.6588236 0.3098039 1 1 0.6588236 0.3098039 1 1 0.6588236 0.3098039 1 1 0.6588236 0.3098039 1 1 0.6588236 0.3098039 1 1 0.6588236 0.3098039 1 1 0.6588236 0.3098039 1 1 0.6588236 0.3098039 1 1 0.6588236 0.3098039 1 1 0.6588236 0.3098039 1 1 0.6588236 0.3098039 1 1 0.6588236 0.3098039 1 1 0.6588236 0.3098039 1 1 0.6588236 0.3098039 1 1 0.6588236 0.3098039 1 1 0.6588236 0.3098039 1 1 0.6588236 0.3098039 1 1 0.6588236 0.3098039 1 1 0.6588236 0.3098039 1 1 0.6588236 0.3098039 1 1 0.6588236 0.3098039 1 1 0.6588236 0.3098039 1 1 0.6588236 0.3098039 1 1 0.6588236 0.3098039 1 1 0.6588236 0.3098039 1 1 0.6588236 0.3098039 1 1 0.6588236 0.3098039 1 1 0.6588236 0.3098039 1 1 0.6588236 0.3098039 1 1 0.6588236 0.3098039 1 1 0.6588236 0.3098039 1 1 0.6588236 0.3098039 1 1 0.6588236 0.3098039 1 1 0.6588236 0.3098039 1 1 0.6588236 0.3098039 1 1 0.6588236 0.3098039 1 1 0.6588236 0.3098039 1 1 0.6588236 0.3098039 1 1 0.6588236 0.3098039 1 1 0.6588236 0.3098039 1 1 0.6588236 0.3098039 1 1 0.6588236 0.3098039 1 1 0.6588236 0.3098039 1 1 0.6588236 0.3098039 1 1 0.6588236 0.3098039 1 1 0.6588236 0.3098039 1 1 0.6588236 0.3098039 1 1 0.6588236 0.3098039 1 1 0.6588236 0.3098039 1 1 0.6588236 0.3098039 1 1 0.6588236 0.3098039 1 1 0.6588236 0.3098039 1 1 0.6588236 0.3098039 1 1 0.6588236 0.3098039 1 1 0.6588236 0.3098039 1 1 0.6588236 0.3098039 1 1 0.6588236 0.3098039 1 1 0.6588236 0.3098039 1 1 0.6588236 0.3098039 1 1 0.6588236 0.3098039 1 1 0.6588236 0.3098039 1 1 0.6588236 0.3098039 1 1 0.6588236 0.3098039 1 1 0.6588236 0.3098039 1 1 0.6588236 0.3098039 1 1 0.6588236 0.3098039 1 1 0.6588236 0.3098039 1 1 0.6588236 0.3098039 1 1 0.6588236 0.3098039 1 1 0.6588236 0.3098039 1 1 0.6588236 0.3098039 1 1 0.6588236 0.3098039 1 1 0.6588236 0.3098039 1 1 0.6588236 0.3098039 1 1 0.6588236 0.3098039 1 1 0.6588236 0.3098039 1 1 0.6588236 0.3098039 1 1 0.6588236 0.3098039 1 1 0.6588236 0.3098039 1 1 0.6588236 0.3098039 1 1 0.6588236 0.3098039 1 1 0.6588236 0.3098039 1 1 0.6588236 0.3098039 1 1 0.6588236 0.3098039 1 1 0.6588236 0.3098039 1 1 0.6588236 0.3098039 1 1 0.6588236 0.3098039 1 1 0.6588236 0.3098039 1 1 0.6588236 0.3098039 1 1 0.6588236 0.3098039 1 1 0.6588236 0.3098039 1 1 0.6588236 0.3098039 1 1 0.6588236 0.3098039 1 1 0.6588236 0.3098039 1 1 0.6588236 0.3098039 1 1 0.6588236 0.3098039 1 1 0.6588236 0.3098039 1 1 0.6588236 0.3098039 1 1 0.6588236 0.3098039 1 1 0.6588236 0.3098039 1 1 0.6588236 0.3098039 1 1 0.6588236 0.3098039 1 1 0.6588236 0.3098039 1 1 0.6588236 0.3098039 1 1 0.6588236 0.3098039 1 1 0.6588236 0.3098039 1 1 0.6588236 0.3098039 1 1 0.6588236 0.3098039 1 1 0.6588236 0.3098039 1 1 0.6588236 0.3098039 1 1 0.6588236 0.3098039 1 1 0.6588236 0.3098039 1 1 0.6588236 0.3098039 1 1 0.6588236 0.3098039 1 1 0.6588236 0.3098039 1 1 0.6588236 0.3098039 1 1 0.6588236 0.3098039 1 1 0.6588236 0.3098039 1 1 0.6588236 0.3098039 1 1 0.6588236 0.3098039 1 1 0.6588236 0.3098039 1 1 0.6588236 0.3098039 1 1 0.6588236 0.3098039 1 1 0.6588236 0.3098039 1 1 0.6588236 0.3098039 1 1 0.6588236 0.3098039 1 1 0.6588236 0.3098039 1 1 0.6588236 0.3098039 1 1 0.6588236 0.3098039 1 1 0.6588236 0.3098039 1 1 0.6588236 0.3098039 1 1 0.6588236 0.3098039 1 1 0.6588236 0.3098039 1 1 0.6588236 0.3098039 1 1 0.6588236 0.3098039 1 1 0.6588236 0.3098039 1 1 0.6588236 0.3098039 1 1 0.6588236 0.3098039 1 1 0.6588236 0.3098039 1 1 0.6588236 0.3098039 1 1 0.6588236 0.3098039 1 1 0.6588236 0.3098039 1 1 0.6588236 0.3098039 1 1 0.6588236 0.3098039 1 1 0.6588236 0.3098039 1 1 0.6588236 0.3098039 1 1 0.6588236 0.3098039 1 1 0.6588236 0.3098039 1 1 0.6588236 0.3098039 1 1 0.6588236 0.3098039 1 1 0.6588236 0.3098039 1 1 0.6588236 0.3098039 1 1 0.6588236 0.3098039 1 1 0.6588236 0.3098039 1 1 0.6588236 0.3098039 1 1 0.6588236 0.3098039 1 1 0.6588236 0.3098039 1 1 0.6588236 0.3098039 1 1 0.6588236 0.3098039 1 1 0.6588236 0.3098039 1 1 0.6588236 0.3098039 1 1 0.6588236 0.3098039 1 1 0.6588236 0.3098039 1 1 0.6588236 0.3098039 1 1 0.6588236 0.3098039 1 1 0.6588236 0.3098039 1 1 0.6588236 0.3098039 1 1 0.6588236 0.3098039 1 1 0.6588236 0.3098039 1 1 0.6588236 0.3098039 1 1 0.6588236 0.3098039 1 1 0.6588236 0.3098039 1 1 0.6588236 0.3098039 1 1 0.6588236 0.3098039 1 1 0.6588236 0.3098039 1 1 0.6588236 0.3098039 1 1 0.6588236 0.3098039 1 1 0.6588236 0.3098039 1 1 0.6588236 0.3098039 1 1 0.6588236 0.3098039 1 1 0.6588236 0.3098039 1 1 0.6588236 0.3098039 1 1 0.6588236 0.3098039 1 1 0.6588236 0.3098039 1 1 0.6588236 0.3098039 1 1 0.6588236 0.3098039 1 1 0.6588236 0.3098039 1 1 0.6588236 0.3098039 1 1 0.6588236 0.3098039 1 1 0.6588236 0.3098039 1 1 0.6588236 0.3098039 1 1 0.6588236 0.3098039 1 1 0.6588236 0.3098039 1 1 0.6588236 0.3098039 1 1 0.6588236 0.3098039 1 1 0.6588236 0.3098039 1 1 0.6588236 0.3098039 1 1 0.6588236 0.3098039 1 1 0.6588236 0.3098039 1 1 0.6588236 0.3098039 1 1 0.6588236 0.3098039 1 1 0.6588236 0.3098039 1 1 0.6588236 0.3098039 1 1 0.6588236 0.3098039 1 1 0.6588236 0.3098039 1 1 0.6588236 0.3098039 1 1 0.6588236 0.3098039 1 1 0.6588236 0.3098039 1 1 0.6588236 0.3098039 1 1 0.6588236 0.3098039 1 1 0.6588236 0.3098039 1 1 0.6588236 0.3098039 1 1 0.6588236 0.3098039 1 1 0.6588236 0.3098039 1 1 0.6588236 0.3098039 1 1 0.6588236 0.3098039 1 1 0.6588236 0.3098039 1 1 0.6588236 0.3098039 1 1 0.6588236 0.3098039 1 1 0.6588236 0.3098039 1 1 0.6588236 0.3098039 1 1 0.6588236 0.3098039 1 1 0.6588236 0.3098039 1 1 0.6588236 0.3098039 1 1 0.6588236 0.3098039 1 1 0.6588236 0.3098039 1 1 0.6588236 0.3098039 1 1 0.6588236 0.3098039 1 1 0.6588236 0.3098039 1 1 0.6588236 0.3098039 1 1 0.6588236 0.3098039 1 1 0.6588236 0.3098039 1 1 0.6588236 0.3098039 1 1 0.6588236 0.3098039 1 1 0.6588236 0.3098039 1 1 0.6588236 0.3098039 1 1 0.6588236 0.3098039 1 1 0.6588236 0.3098039 1 1 0.6588236 0.3098039 1 1 0.6588236 0.3098039 1 1 0.6588236 0.3098039 1 1 0.6588236 0.3098039 1 1 0.6588236 0.3098039 1 1 0.6588236 0.3098039 1 1 0.6588236 0.3098039 1 1 0.6588236 0.3098039 1 1 0.6588236 0.3098039 1 1 0.6588236 0.3098039 1 1 0.6588236 0.3098039 1 1 0.6588236 0.3098039 1 1 0.6588236 0.3098039 1 1 0.6588236 0.3098039 1 1 0.6588236 0.3098039 1 1 0.6588236 0.3098039 1 1 0.6588236 0.3098039 1 1 0.6588236 0.3098039 1 1 0.6588236 0.3098039 1 1 0.6588236 0.3098039 1 1 0.6588236 0.3098039 1 1 0.6588236 0.3098039 1 1 0.6588236 0.3098039 1 1 0.6588236 0.3098039 1 1 0.6588236 0.3098039 1 1 0.6588236 0.3098039 1 1 0.6588236 0.3098039 1 1 0.6588236 0.3098039 1 1 0.6588236 0.3098039 1 1 0.6588236 0.3098039 1 1 0.6588236 0.3098039 1 1 0.6588236 0.3098039 1 1 0.6588236 0.3098039 1 1 0.6588236 0.3098039 1 1 0.6588236 0.3098039 1 1 0.6588236 0.3098039 1 1 0.6588236 0.3098039 1 1 0.6588236 0.3098039 1 1 0.6588236 0.3098039 1 1 0.6588236 0.3098039 1 1 0.6588236 0.3098039 1 1 0.6588236 0.3098039 1 1 0.6588236 0.3098039 1 1 0.6588236 0.3098039 1 1 0.6588236 0.3098039 1 1 0.6588236 0.3098039 1 1 0.6588236 0.3098039 1 1 0.6588236 0.3098039 1 1 0.6588236 0.3098039 1 1 0.6588236 0.3098039 1 1 0.6588236 0.3098039 1 1 0.6588236 0.3098039 1 1 0.6588236 0.3098039 1 1 0.6588236 0.3098039 1 1 0.6588236 0.3098039 1 1 0.6588236 0.3098039 1 1 0.6588236 0.3098039 1 1 0.6588236 0.3098039 1 1 0.6588236 0.3098039 1 1 0.6588236 0.3098039 1 1 0.6588236 0.3098039 1 1 0.6588236 0.3098039 1 1 0.6588236 0.3098039 1 1 0.6588236 0.3098039 1 1 0.6588236 0.3098039 1 1 0.6588236 0.3098039 1 1 0.6588236 0.3098039 1 1 0.6588236 0.3098039 1 1 0.6588236 0.3098039 1 1 0.6588236 0.3098039 1 1 0.6588236 0.3098039 1 1 0.6588236 0.3098039 1 1 0.6588236 0.3098039 1 1 0.6588236 0.3098039 1 1 0.6588236 0.3098039 1 1 0.6588236 0.3098039 1 1 0.6588236 0.3098039 1 1 0.6588236 0.3098039 1 1 0.6588236 0.3098039 1 1 0.6588236 0.3098039 1 1 0.6588236 0.3098039 1 1 0.6588236 0.3098039 1 1 0.6588236 0.3098039 1 1 0.6588236 0.3098039 1 1 0.6588236 0.3098039 1 1 0.6588236 0.3098039 1 1 0.6588236 0.3098039 1 1 0.6588236 0.3098039 1 1 0.6588236 0.3098039 1 1 0.6588236 0.3098039 1 1 0.6588236 0.3098039 1 1 0.6588236 0.3098039 1 1 0.6588236 0.3098039 1 1 0.6588236 0.3098039 1 1 0.6588236 0.3098039 1 1 0.6588236 0.3098039 1 1 0.6588236 0.3098039 1 1 0.6588236 0.3098039 1 1 0.6588236 0.3098039 1 1 0.6588236 0.3098039 1 1 0.6588236 0.3098039 1 1 0.6588236 0.3098039 1 1 0.6588236 0.3098039 1 1 0.6588236 0.3098039 1 1 0.6588236 0.3098039 1 1 0.6588236 0.3098039 1 1 0.6588236 0.3098039 1 1 0.6588236 0.3098039 1 1 0.6588236 0.3098039 1 1 0.6588236 0.3098039 1 1 0.6588236 0.3098039 1 1 0.6588236 0.3098039 1 1 0.6588236 0.3098039 1 1 0.6588236 0.3098039 1 1 0.6588236 0.3098039 1 1 0.6588236 0.3098039 1 1 0.6588236 0.3098039 1 1 0.6588236 0.3098039 1 1 0.6588236 0.3098039 1 1 0.6588236 0.3098039 1 1 0.6588236 0.3098039 1 1 0.6588236 0.3098039 1 1 0.6588236 0.3098039 1 1 0.6588236 0.3098039 1 1 0.6588236 0.3098039 1 1 0.6588236 0.3098039 1 1 0.6588236 0.3098039 1 1 0.6588236 0.3098039 1 1 0.6588236 0.3098039 1 1 0.6588236 0.3098039 1 1 0.6588236 0.3098039 1 1 0.6588236 0.3098039 1 1 0.6588236 0.3098039 1 1 0.6588236 0.3098039 1 1 0.6588236 0.3098039 1 1 0.6588236 0.3098039 1 1 0.6588236 0.3098039 1 1 0.6588236 0.3098039 1 1 0.6588236 0.3098039 1 1 0.6588236 0.3098039 1 1 0.6588236 0.3098039 1 1 0.6588236 0.3098039 1 1 0.6588236 0.3098039 1 1 0.6588236 0.3098039 1 1 0.6588236 0.3098039 1 1 0.6588236 0.3098039 1 1 0.6588236 0.3098039 1 1 0.6588236 0.3098039 1 1 0.6588236 0.3098039 1 1 0.6588236 0.3098039 1 1 0.6588236 0.3098039 1 1 0.6588236 0.3098039 1 1 0.6588236 0.3098039 1 1 0.6588236 0.3098039 1 1 0.6588236 0.3098039 1 1 0.6588236 0.3098039 1 1 0.6588236 0.3098039 1 1 0.6588236 0.3098039 1 1 0.6588236 0.3098039 1 1 0.6588236 0.3098039 1 1 0.6588236 0.3098039 1 1 0.6588236 0.3098039 1 1 0.6588236 0.3098039 1 1 0.6588236 0.3098039 1 1 0.6588236 0.3098039 1 1 0.6588236 0.3098039 1 1 0.6588236 0.3098039 1 1 0.6588236 0.3098039 1 1 0.6588236 0.3098039 1 1 0.6588236 0.3098039 1 1 0.6588236 0.3098039 1 1 0.6588236 0.3098039 1 1 0.6588236 0.3098039 1 1 0.6588236 0.3098039 1 1 0.6588236 0.3098039 1 1 0.6588236 0.3098039 1 1 0.6588236 0.3098039 1 1 0.6588236 0.3098039 1 1 0.6588236 0.3098039 1 1 0.6588236 0.3098039 1 1 0.6588236 0.3098039 1 1 0.6588236 0.3098039 1 1 0.6588236 0.3098039 1 1 0.6588236 0.3098039 1 1 0.6588236 0.3098039 1 1 0.6588236 0.3098039 1 1 0.6588236 0.3098039 1 1 0.6588236 0.3098039 1 1 0.6588236 0.3098039 1 1 0.6588236 0.3098039 1 1 0.6588236 0.3098039 1 1 0.6588236 0.3098039 1 1 0.6588236 0.3098039 1 1 0.6588236 0.3098039 1 1 0.6588236 0.3098039 1 1 0.6588236 0.3098039 1 1 0.6588236 0.3098039 1 1 0.6588236 0.3098039 1 1 0.6588236 0.3098039 1 1 0.6588236 0.3098039 1 1 0.6588236 0.3098039 1 1 0.6588236 0.3098039 1 1 0.6588236 0.3098039 1 1 0.6588236 0.3098039 1 1 0.6588236 0.3098039 1 1 0.6588236 0.3098039 1 1 0.6588236 0.3098039 1 1 0.6588236 0.3098039 1 1 0.6588236 0.3098039 1 1 0.6588236 0.3098039 1 1 0.6588236 0.3098039 1 1 0.6588236 0.3098039 1 1 0.6588236 0.3098039 1 1 0.6588236 0.3098039 1 1 0.6588236 0.3098039 1 1 0.6588236 0.3098039 1 1 0.6588236 0.3098039 1 1 0.6588236 0.3098039 1 1 0.6588236 0.3098039 1 1 0.6588236 0.3098039 1 1 0.6588236 0.3098039 1 1 0.6588236 0.3098039 1 1 0.6588236 0.3098039 1 1 0.6588236 0.3098039 1 1 0.6588236 0.3098039 1 1 0.6588236 0.3098039 1 1 0.6588236 0.3098039 1 1 0.6588236 0.3098039 1 1 0.6588236 0.3098039 1 1 0.6588236 0.3098039 1 1 0.6588236 0.3098039 1 1 0.6588236 0.3098039 1 1 0.6588236 0.3098039 1 1 0.6588236 0.3098039 1 1 0.6588236 0.3098039 1 1 0.6588236 0.3098039 1 1 0.6588236 0.3098039 1 1 0.6588236 0.3098039 1 1 0.6588236 0.3098039 1 1 0.6588236 0.3098039 1 1 0.6588236 0.3098039 1 1 0.6588236 0.3098039 1 1 0.6588236 0.3098039 1 1 0.6588236 0.3098039 1 1 0.6588236 0.3098039 1 1 0.6588236 0.3098039 1 1 0.6588236 0.3098039 1 1 0.6588236 0.3098039 1 1 0.6588236 0.3098039 1 1 0.6588236 0.3098039 1 1 0.6588236 0.3098039 1 1 0.6588236 0.3098039 1 1 0.6588236 0.3098039 1 1 0.6588236 0.3098039 1 1 0.6588236 0.3098039 1 1 0.6588236 0.3098039 1 1 0.6588236 0.3098039 1 1 0.6588236 0.3098039 1 1 0.6588236 0.3098039 1 1 0.6588236 0.3098039 1 1 0.6588236 0.3098039 1 1 0.6588236 0.3098039 1 1 0.6588236 0.3098039 1 1 0.6588236 0.3098039 1 1 0.6588236 0.3098039 1 1 0.6588236 0.3098039 1 1 0.6588236 0.3098039 1 1 0.6588236 0.3098039 1 1 0.6588236 0.3098039 1 1 0.6588236 0.3098039 1 1 0.6588236 0.3098039 1 1 0.6588236 0.3098039 1 1 0.6588236 0.3098039 1 1 0.6588236 0.3098039 1 1 0.6588236 0.3098039 1 1 0.6588236 0.3098039 1 1 0.6588236 0.3098039 1 1 0.6588236 0.3098039 1 1 0.6588236 0.3098039 1 1 0.6588236 0.3098039 1 1 0.6588236 0.3098039 1 1 0.6588236 0.3098039 1 1 0.6588236 0.3098039 1 1 0.6588236 0.3098039 1 1 0.6588236 0.3098039 1 1 0.6588236 0.3098039 1 1 0.6588236 0.3098039 1 1 0.6588236 0.3098039 1 1 0.6588236 0.3098039 1 1 0.6588236 0.3098039 1 1 0.6588236 0.3098039 1 1 0.6588236 0.3098039 1 1 0.6588236 0.3098039 1 1 0.6588236 0.3098039 1 1 0.6588236 0.3098039 1 1 0.6588236 0.3098039 1 1 0.6588236 0.3098039 1 1 0.6588236 0.3098039 1 1 0.6588236 0.3098039 1 1 0.6588236 0.3098039 1 1 0.6588236 0.3098039 1 1 0.6588236 0.3098039 1 1 0.6588236 0.3098039 1 1 0.6588236 0.3098039 1 1 0.6588236 0.3098039 1 1 0.6588236 0.3098039 1 1 0.6588236 0.3098039 1 1 0.6588236 0.3098039 1 1 0.6588236 0.3098039 1 0 0 0 1 0 0 0 1 0 0 0 1 0 0 0 1 0 0 0 1 0 0 0 1 0 0 0 1 0 0 0 1 0 0 0 1 0 0 0 1 0 0 0 1 0 0 0 1 0 0 0 1 0 0 0 1 0 0 0 1 0 0 0 1 0 0 0 1 0 0 0 1 0 0 0 1 0 0 0 1 0 0 0 1 0 0 0 1 0 0 0 1 0 0 0 1 0 0 0 1 0 0 0 1 0 0 0 1 0 0 0 1 0 0 0 1 0 0 0 1 0 0 0 1 0 0 0 1 0 0 0 1 0 0 0 1 0 0 0 1 0 0 0 1 0 0 0 1 0 0 0 1 0 0 0 1 0 0 0 1 0 0 0 1 0 0 0 1 0 0 0 1 0 0 0 1 0 0 0 1 0 0 0 1 0 0 0 1 0 0 0 1 0 0 0 1 0 0 0 1 0 0 0 1 0 0 0 1 0 0 0 1 0 0 0 1 0 0 0 1 0 0 0 1 0 0 0 1 0 0 0 1 0 0 0 1 0 0 0 1 0 0 0 1 0 0 0 1 0 0 0 1 0 0 0 1 0 0 0 1 0 0 0 1 0 0 0 1 0 0 0 1 0 0 0 1 0 0 0 1 0 0 0 1 0 0 0 1 0 0 0 1 0 0 0 1 0 0 0 1 0 0 0 1 0 0 0 1 0 0 0 1 0 0 0 1 0 0 0 1 0 0 0 1 0 0 0 1 0 0 0 1 0 0 0 1 0 0 0 1 0 0 0 1 0 0 0 1 0 0 0 1 0 0 0 1 0 0 0 1 0 0 0 1 0 0 0 1 0 0 0 1 0 0 0 1 0 0 0 1 0 0 0 1 0 0 0 1 0 0 0 1 0 0 0 1 0 0 0 1 0 0 0 1 0 0 0 1 0 0 0 1 0 0 0 1 0 0 0 1 0 0 0 1 0 0 0 1 0 0 0 1 0 0 0 1 0 0 0 1 0 0 0 1 0 0 0 1 0 0 0 1 0 0 0 1 0 0 0 1 0 0 0 1 0 0 0 1 0 0 0 1 0 0 0 1 0 0 0 1 0 0 0 1 0 0 0 1 0 0 0 1 0 0 0 1 0 0 0 1 0 0 0 1 0 0 0 1 0 0 0 1 0 0 0 1 0 0 0 1 0 0 0 1 0 0 0 1 0 0 0 1 0 0 0 1 0 0 0 1 0 0 0 1 0 0 0 1 0 0 0 1 0 0 0 1 0 0 0 1 0 0 0 1 0 0 0 1 0 0 0 1 0 0 0 1 0 0 0 1 0 0 0 1 0 0 0 1 0 0 0 1 0 0 0 1 0 0 0 1 0 0 0 1 0 0 0 1 0 0 0 1 0 0 0 1 0 0 0 1 0 0 0 1 0 0 0 1 0 0 0 1 0 0 0 1 0 0 0 1 0 0 0 1 0 0 0 1 0 0 0 1 0 0 0 1 0 0 0 1 0 0 0 1 0 0 0 1 0 0 0 1 0 0 0 1 0 0 0 1 0 0 0 1 0 0 0 1 0 0 0 1 0 0 0 1 0 0 0 1 0 0 0 1 0 0 0 1 0 0 0 1 0 0 0 1 0 0 0 1 0 0 0 1 0 0 0 1 0 0 0 1 0 0 0 1 0 0 0 1 0 0 0 1 0 0 0 1 0 0 0 1 0 0 0 1 0 0 0 1 0 0 0 1 0 0 0 1 0 0 0 1 0 0 0 1 0 0 0 1 0 0 0 1 0 0 0 1 0 0 0 1 0 0 0 1 0 0 0 1 0 0 0 1 0 0 0 1 0 0 0 1 0 0 0 1 0 0 0 1 0 0 0 1 0 0 0 1 0 0 0 1 0 0 0 1 0 0 0 1 0 0 0 1 0 0 0 1 0 0 0 1 0 0 0 1 0 0 0 1 0 0 0 1 0 0 0 1 0 0 0 1 0 0 0 1 0 0 0 1 0 0 0 1 0 0 0 1 0 0 0 1 0 0 0 1 0 0 0 1 0 0 0 1 0 0 0 1 0 0 0 1 0 0 0 1 0 0 0 1 0 0 0 1 0 0 0 1 0 0 0 1 0 0 0 1 0 0 0 1 0 0 0 1 0 0 0 1 0 0 0 1 0 0 0 1 0 0 0 1 0 0 0 1 0 0 0 1 0 0 0 1 0 0 0 1 0 0 0 1 0 0 0 1 0 0 0 1 0 0 0 1 0 0 0 1 0 0 0 1 0 0 0 1 0 0 0 1 0 0 0 1 0 0 0 1 0 0 0 1 0 0 0 1 0 0 0 1 0 0 0 1 0 0 0 1 0 0 0 1 0 0 0 1 0 0 0 1 0 0 0 1 0 0 0 1 0 0 0 1 0 0 0 1 0 0 0 1 0 0 0 1 0 0 0 1 0 0 0 1 0 0 0 1 0 0 0 1 0 0 0 1 0 0 0 1 0 0 0 1 0 0 0 1 0 0 0 1 0 0 0 1 0 0 0 1 0 0 0 1 0 0 0 1 0 0 0 1 0 0 0 1 0 0 0 1 0 0 0 1 0 0 0 1 0 0 0 1 0 0 0 1 0 0 0 1 0 0 0 1 0 0 0 1 0 0 0 1 0 0 0 1 0 0 0 1 0 0 0 1 0 0 0 1 0 0 0 1 0 0 0 1 0 0 0 1 0 0 0 1 0 0 0 1 0 0 0 1 0 0 0 1 0 0 0 1 0 0 0 1 0 0 0 1 0 0 0 1 0 0 0 1 0 0 0 1 0 0 0 1 0 0 0 1 0 0 0 1 0 0 0 1 0 0 0 1 0 0 0 1 0 0 0 1 0 0 0 1 0 0 0 1 0 0 0 1 0 0 0 1 0 0 0 1 0 0 0 1 0 0 0 1 0 0 0 1 0 0 0 1 0 0 0 1 0 0 0 1 0 0 0 1 0 0 0 1 0 0 0 1 0 0 0 1 0 0 0 1 0 0 0 1 0 0 0 1 0 0 0 1 0 0 0 1 0 0 0 1 0 0 0 1 0 0 0 1 0 0 0 1 0 0 0 1 0 0 0 1 0 0 0 1 0 0 0 1 0 0 0 1 0 0 0 1 0 0 0 1 0 0 0 1 0 0 0 1 0 0 0 1 0 0 0 1 0 0 0 1 0 0 0 1 0 0 0 1 0 0 0 1 0 0 0 1 0 0 0 1 0 0 0 1 0 0 0 1 0 0 0 1 0 0 0 1 0 0 0 1 0 0 0 1 0 0 0 1 0 0 0 1 0 0 0 1 0 0 0 1 0 0 0 1 0 0 0 1 0 0 0 1 0 0 0 1 0 0 0 1 0 0 0 1 0 0 0 1 0 0 0 1 0 0 0 1 0 0 0 1 0 0 0 1 0 0 0 1 0 0 0 1 0 0 0 1 0 0 0 1 0 0 0 1 0 0 0 1 0 0 0 1 0 0 0 1 0 0 0 1 0 0 0 1 0 0 0 1 0 0 0 1 0 0 0 1 0 0 0 1 0 0 0 1 0 0 0 1 0 0 0 1 0 0 0 1 0 0 0 1 0 0 0 1 0 0 0 1 0 0 0 1 0 0 0 1 0 0 0 1 0 0 0 1 0 0 0 1 0 0 0 1 0 0 0 1 0 0 0 1 0 0 0 1 0 0 0 1 0 0 0 1 0 0 0 1 0 0 0 1 0 0 0 1 0 0 0 1 0 0 0 1 0 0 0 1 0 0 0 1 0 0 0 1 0 0 0 1 0 0 0 1 0 0 0 1 0 0 0 1 0 0 0 1 0 0 0 1 0 0 0 1 0 0 0 1 0 0 0 1 0 0 0 1 0 0 0 1 0 0 0 1 0 0 0 1 0 0 0 1 0 0 0 1 0 0 0 1 0 0 0 1 0 0 0 1 0 0 0 1 0 0 0 1 0 0 0 1 0 0 0 1 0 0 0 1 0 0 0 1 0 0 0 1 0 0 0 1 0 0 0 1 0 0 0 1 0 0 0 1 0 0 0 1 0 0 0 1 0 0 0 1 0 0 0 1 0 0 0 1 0 0 0 1 0 0 0 1 0 0 0 1 0 0 0 1 0 0 0 1 0 0 0 1 0 0 0 1 0 0 0 1 0 0 0 1 0 0 0 1 0 0 0 1 0 0 0 1 0 0 0 1 0 0 0 1 0 0 0 1 0 0 0 1 0 0 0 1 0 0 0 1 0 0 0 1 0 0 0 1 0 0 0 1 0 0 0 1 0 0 0 1 0 0 0 1 0 0 0 1 0 0 0 1 0 0 0 1 0 0 0 1 0 0 0 1 0 0 0 1 0 0 0 1 0 0 0 1 0 0 0 1 0 0 0 1 0 0 0 1 0 0 0 1 0 0 0 1 0 0 0 1 0 0 0 1 0 0 0 1 0 0 0 1 0 0 0 1 0 0 0 1 0 0 0 1 0 0 0 1 0 0 0 1 0 0 0 1 0 0 0 1 0 0 0 1 0 0 0 1 0 0 0 1 0 0 0 1 0 0 0 1 0 0 0 1 0 0 0 1 0 0 0 1 0 0 0 1 0 0 0 1 0 0 0 1 0 0 0 1 0 0 0 1 0 0 0 1 0 0 0 1 0 0 0 1 0 0 0 1 0 0 0 1 0 0 0 1 0 0 0 1 0 0 0 1 0 0 0 1 0 0 0 1 0 0 0 1 0 0 0 1 0 0 0 1 0 0 0 1 0 0 0 1 0 0 0 1 0 0 0 1 0 0 0 1 0 0 0 1 0 0 0 1 0 0 0 1 0 0 0 1 0 0 0 1 0 0 0 1 0 0 0 1 0 0 0 1 0 0 0 1 0 0 0 1 0 0 0 1 0 0 0 1 0 0 0 1 0 0 0 1 0 0 0 1 0 0 0 1 0 0 0 1 0 0 0 1 0 0 0 1 0 0 0 1 0 0 0 1 0 0 0 1 0 0 0 1 0 0 0 1 0 0 0 1 0 0 0 1 0 0 0 1 0 0 0 1 0 0 0 1 0 0 0 1 0 0 0 1 0 0 0 1 0 0 0 1 0 0 0 1 0 0 0 1 0 0 0 1 0 0 0 1 0 0 0 1 0 0 0 1 0 0 0 1 0 0 0 1 0 0 0 1 0 0 0 1 0 0 0 1 0 0 0 1 0 0 0 1 0 0 0 1 0 0 0 1 0 0 0 1 0 0 0 1 0 0 0 1 0 0 0 1 0 0 0 1 0 0 0 1 0 0 0 1 0 0 0 1 0 0 0 1 0 0 0 1 0 0 0 1 0 0 0 1 0 0 0 1 0 0 0 1 0 0 0 1 0 0 0 1 0 0 0 1 0 0 0 1 0 0 0 1 0 0 0 1 0 0 0 1 0 0 0 1 0 0 0 1 0 0 0 1 0 0 0 1 0 0 0 1 0 0 0 1 0 0 0 1 0 0 0 1 0 0 0 1 0 0 0 1 0 0 0 1 0 0 0 1 0 0 0 1 0 0 0 1 0 0 0 1 0 0 0 1 0 0 0 1 0 0 0 1 0 0 0 1 0 0 0 1 0 0 0 1 0 0 0 1 0 0 0 1 0 0 0 1 0 0 0 1 0 0 0 1 0 0 0 1 0 0 0 1 0 0 0 1 0 0 0 1 0 0 0 1 0 0 0 1 0 0 0 1 0 0 0 1 0 0 0 1 0 0 0 1 0 0 0 1 0 0 0 1 0 0 0 1 0 0 0 1 0 0 0 1 0 0 0 1 0 0 0 1 0 0 0 1 0 0 0 1 0 0 0 1 0 0 0 1 0 0 0 1 0 0 0 1 0 0 0 1 0 0 0 1 0 0 0 1 0 0 0 1 0 0 0 1 0 0 0 1 0 0 0 1 0 0 0 1 0 0 0 1 0 0 0 1 0 0 0 1 0 0 0 1 0 0 0 1 0 0 0 1 0 0 0 1 0 0 0 1 0 0 0 1 0 0 0 1 0 0 0 1 0 0 0 1 0 0 0 1 0 0 0 1 0 0 0 1 0 0 0 1 0 0 0 1 0 0 0 1 0 0 0 1 0 0 0 1 0 0 0 1 0 0 0 1 0 0 0 1 0 0 0 1 0 0 0 1 0 0 0 1 0 0 0 1 0 0 0 1 0 0 0 1 0 0 0 1 0 0 0 1 0 0 0 1 0 0 0 1 0 0 0 1 0 0 0 1 0 0 0 1 0 0 0 1 0 0 0 1 0 0 0 1 0 0 0 1 0 0 0 1 0 0 0 1 0 0 0 1 0 0 0 1 0 0 0 1 0 0 0 1 0 0 0 1 0 0 0 1 0 0 0 1 0 0 0 1 0 0 0 1 0 0 0 1 0 0 0 1 0 0 0 1 0 0 0 1 0 0 0 1 0 0 0 1 0 0 0 1 0 0 0 1 0 0 0 1 0 0 0 1 0 0 0 1 0 0 0 1 0 0 0 1 0 0 0 1 0 0 0 1 0 0 0 1 0 0 0 1 0 0 0 1 0 0 0 1 0 0 0 1 0 0 0 1 0 0 0 1 0 0 0 1 0 0 0 1 0 0 0 1 0 0 0 1 0 0 0 1 0 0 0 1 0 0 0 1 0 0 0 1 0 0 0 1 0 0 0 1 0 0 0 1 0 0 0 1 0 0 0 1 0 0 0 1 0 0 0 1 0 0 0 1 0 0 0 1 0 0 0 1 0 0 0 1 0 0 0 1 0 0 0 1 0 0 0 1 0 0 0 1 0 0 0 1 0 0 0 1 0 0 0 1 0 0 0 1 0 0 0 1 0 0 0 1 0 0 0 1 0 0 0 1 0 0 0 1 0 0 0 1 0 0 0 1 0 0 0 1 0 0 0 1 0 0 0 1 0 0 0 1 0 0 0 1 0 0 0 1 0 0 0 1 0 0 0 1 0 0 0 1 0 0 0 1 0 0 0 1 0 0 0 1 0 0 0 1 0 0 0 1 0 0 0 1 0 0 0 1 0 0 0 1 0 0 0 1 0 0 0 1 0 0 0 1 0 0 0 1 0 0 0 1 0 0 0 1 0 0 0 1 0 0 0 1 0 0 0 1 0 0 0 1 0 0 0 1 0 0 0 1 0 0 0 1 0 0 0 1 0 0 0 1 0 0 0 1 0 0 0 1 0 0 0 1 0 0 0 1 0 0 0 1 0 0 0 1 0 0 0 1 0 0 0 1 0 0 0 1 0 0 0 1 0 0 0 1 0 0 0 1 0 0 0 1 0 0 0 1 0 0 0 1 0 0 0 1 0 0 0 1 0 0 0 1 0 0 0 1 0 0 0 1 0 0 0 1 0 0 0 1 0 0 0 1 0 0 0 1 0 0 0 1 0 0 0 1 0 0 0 1 0 0 0 1 0 0 0 1 0 0 0 1 0 0 0 1 0 0 0 1 0 0 0 1 0 0 0 1 0 0 0 1 0 0 0 1 0 0 0 1 0 0 0 1 0 0 0 1 0 0 0 1 0 0 0 1 0 0 0 1 0 0 0 1 0 0 0 1 0 0 0 1 0 0 0 1 0 0 0 1 0 0 0 1 0 0 0 1 0 0 0 1 0 0 0 1 0 0 0 1 0 0 0 1 0 0 0 1 0 0 0 1 0 0 0 1 0 0 0 1 0 0 0 1 0 0 0 1 0 0 0 1 0 0 0 1 0 0 0 1 0 0 0 1 0 0 0 1 0 0 0 1 0 0 0 1 0 0 0 1 0 0 0 1 0 0 0 1 0 0 0 1 0 0 0 1 0 0 0 1 0 0 0 1 0 0 0 1 0 0 0 1 0 0 0 1 0 0 0 1 0 0 0 1 0 0 0 1 0 0 0 1 0 0 0 1 0 0 0 1 0 0 0 1 0 0 0 1 0 0 0 1 0 0 0 1 0 0 0 1 0 0 0 1 0 0 0 1 0 0 0 1 0 0 0 1 0 0 0 1 0 0 0 1 0 0 0 1 0 0 0 1 0 0 0 1 0 0 0 1 0 0 0 1 0 0 0 1 0 0 0 1 0 0 0 1 0 0 0 1 0 0 0 1 0 0 0 1 0 0 0 1 0 0 0 1 0 0 0 1 0 0 0 1 0 0 0 1 0 0 0 1 0 0 0 1 0 0 0 1 0 0 0 1 0 0 0 1 0 0 0 1 0 0 0 1 0 0 0 1 0 0 0 1 0 0 0 1 0 0 0 1 0 0 0 1 0 0 0 1 0 0 0 1 0 0 0 1 0 0 0 1 0 0 0 1 0 0 0 1 0 0 0 1 0 0 0 1 0 0 0 1 0 0 0 1 0 0 0 1 0 0 0 1 0 0 0 1 0 0 0 1 0 0 0 1 0 0 0 1 0 0 0 1 0 0 0 1 0 0 0 1 0 0 0 1 0 0 0 1 0 0 0 1 0 0 0 1 0 0 0 1 0 0 0 1 0 0 0 1 0 0 0 1 0 0 0 1 0 0 0 1 0 0 0 1 0 0 0 1 0 0 0 1 0 0 0 1 0 0 0 1 0 0 0 1 0 0 0 1 0 0 0 1 0 0 0 1 0 0 0 1 0 0 0 1 0 0 0 1 0 0 0 1 0 0 0 1 0 0 0 1 0 0 0 1 0 0 0 1 0 0 0 1 0 0 0 1 0 0 0 1 0 0 0 1 0 0 0 1 0 0 0 1 0 0 0 1 0 0 0 1 0 0 0 1 0 0 0 1 0 0 0 1 0 0 0 1 0 0 0 1 0 0 0 1 0 0 0 1 0 0 0 1 0 0 0 1 0 0 0 1 0 0 0 1 0 0 0 1 0 0 0 1 0 0 0 1 0 0 0 1 0 0 0 1 0 0 0 1 0 0 0 1 0 0 0 1 0 0 0 1 0 0 0 1 0 0 0 1 0 0 0 1 0 0 0 1 0 0 0 1 0 0 0 1 0 0 0 1 0 0 0 1 0 0 0 1 0 0 0 1 0 0 0 1 0 0 0 1 0 0 0 1 0 0 0 1 0 0 0 1 0 0 0 1 0 0 0 1 0 0 0 1 0 0 0 1 0 0 0 1 0 0 0 1 0 0 0 1 0 0 0 1 0 0 0 1 0 0 0 1 0 0 0 1 0 0 0 1 0 0 0 1 0 0 0 1 0 0 0 1 0 0 0 1 0 0 0 1 0 0 0 1 0 0 0 1 0 0 0 1 0 0 0 1 0 0 0 1 0 0 0 1 0 0 0 1 0 0 0 1 0 0 0 1 0 0 0 1 0 0 0 1 0 0 0 1 0 0 0 1 0 0 0 1 0 0 0 1 0 0 0 1 0 0 0 1 0 0 0 1 0 0 0 1 0 0 0 1 0 0 0 1 0 0 0 1 0 0 0 1 0 0 0 1 0 0 0 1 0 0 0 1 0 0 0 1 0 0 0 1 0 0 0 1 0 0 0 1 0 0 0 1 0 0 0 1 0 0 0 1 0 0 0 1 0 0 0 1 0 0 0 1 0 0 0 1 0 0 0 1 0 0 0 1 0 0 0 1 0 0 0 1 0 0 0 1 0 0 0 1 0 0 0 1 0 0 0 1 0 0 0 1 0 0 0 1 0 0 0 1 0 0 0 1 0 0 0 1 0 0 0 1 0 0 0 1 0 0 0 1 0 0 0 1 0 0 0 1 0 0 0 1 0 0 0 1 0 0 0 1 0 0 0 1 0 0 0 1 0 0 0 1 0 0 0 1 0 0 0 1 0 0 0 1 0 0 0 1 0 0 0 1 0 0 0 1 0 0 0 1 0 0 0 1 0 0 0 1 0 0 0 1 0 0 0 1 0 0 0 1 0 0 0 1 0 0 0 1 0 0 0 1 0 0 0 1 0 0 0 1 0 0 0 1 0 0 0 1 0 0 0 1 0 0 0 1 0 0 0 1 0 0 0 1 0 0 0 1 0 0 0 1 0 0 0 1 0 0 0 1 0 0 0 1 0 0 0 1 0 0 0 1 0 0 0 1 0 0 0 1 0 0 0 1 0 0 0 1 0 0 0 1 0 0 0 1 0 0 0 1 0 0 0 1 0 0 0 1 0 0 0 1 0 0 0 1 0 0 0 1 0 0 0 1 0 0 0 1 0 0 0 1 0 0 0 1 0 0 0 1 0 0 0 1 0 0 0 1 0 0 0 1 0 0 0 1 0 0 0 1 0 0 0 1 0 0 0 1 0 0 0 1 0 0 0 1 0 0 0 1 0 0 0 1 0 0 0 1 0 0 0 1 0 0 0 1 0 0 0 1 0 0 0 1 0 0 0 1 0 0 0 1 0 0 0 1 0 0 0 1 0 0 0 1 0 0 0 1 0 0 0 1 0 0 0 1 0 0 0 1 0 0 0 1 0 0 0 1 0 0 0 1 0 0 0 1 0 0 0 1 0 0 0 1 0 0 0 1 0 0 0 1 0 0 0 1 0 0 0 1 0 0 0 1 0 0 0 1 0 0 0 1 0 0 0 1 0 0 0 1 0 0 0 1 0 0 0 1 0 0 0 1 0 0 0 1 0 0 0 1 0 0 0 1 0 0 0 1 0 0 0 1 0 0 0 1 0 0 0 1 0 0 0 1 0 0 0 1 0 0 0 1 0 0 0 1 0 0 0 1 0 0 0 1 0 0 0 1 0 0 0 1 0 0 0 1 0 0 0 1 0 0 0 1 0 0 0 1 0 0 0 1 0 0 0 1 0 0 0 1 0 0 0 1 0 0 0 1 0 0 0 1 0 0 0 1 0 0 0 1 0 0 0 1 0 0 0 1 0 0 0 1 0 0 0 1 0 0 0 1 0 0 0 1 0 0 0 1 0 0 0 1 0 0 0 1 0 0 0 1 0 0 0 1 0 0 0 1 0 0 0 1 0 0 0 1 0 0 0 1 0 0 0 1 0 0 0 1 0 0 0 1 0 0 0 1 0 0 0 1 0 0 0 1 0 0 0 1 0 0 0 1 0 0 0 1 0 0 0 1 0 0 0 1 0 0 0 1 0 0 0 1 0 0 0 1 0 0 0 1 0 0 0 1 0 0 0 1 0 0 0 1 0 0 0 1 0 0 0 1 0 0 0 1 0 0 0 1 0 0 0 1 0 0 0 1 0 0 0 1 0 0 0 1 0 0 0 1 0 0 0 1 0 0 0 1 0 0 0 1 0 0 0 1 0 0 0 1 0 0 0 1 0 0 0 1 0 0 0 1 0 0 0 1 0 0 0 1 0 0 0 1 0 0 0 1 0 0 0 1 0 0 0 1 0 0 0 1 0 0 0 1 0 0 0 1 0 0 0 1 0 0 0 1 0 0 0 1 0 0 0 1 0 0 0 1 0 0 0 1 0 0 0 1 0 0 0 1 0 0 0 1 0 0 0 1 0 0 0 1 0 0 0 1 0 0 0 1 0 0 0 1 0 0 0 1 0 0 0 1 0 0 0 1 0 0 0 1 0 0 0 1 0 0 0 1 0 0 0 1 0 0 0 1 0 0 0 1 0 0 0 1 0 0 0 1 0 0 0 1 0 0 0 1 0 0 0 1 0 0 0 1 0 0 0 1 0 0 0 1 0 0 0 1 0 0 0 1 0 0 0 1 0 0 0 1 0 0 0 1 0 0 0 1 0 0 0 1 0 0 0 1 0 0 0 1 0 0 0 1 0 0 0 1 0 0 0 1 0 0 0 1 0 0 0 1 0 0 0 1 0 0 0 1 0 0 0 1 0 0 0 1 0 0 0 1 0 0 0 1 0 0 0 1 0 0 0 1 0 0 0 1 0 0 0 1 0 0 0 1 0 0 0 1 0 0 0 1 0 0 0 1 0 0 0 1 0 0 0 1 0 0 0 1 0 0 0 1 0 0 0 1 0 0 0 1 0 0 0 1 0 0 0 1 0 0 0 1 0 0 0 1 0 0 0 1 0 0 0 1 0 0 0 1 0 0 0 1 0 0 0 1 0 0 0 1 0 0 0 1 0 0 0 1 0 0 0 1 0 0 0 1 0 0 0 1 0 0 0 1 0 0 0 1 0 0 0 1 0 0 0 1 0 0 0 1 0 0 0 1 0 0 0 1 0 0 0 1 0 0 0 1 0 0 0 1 0 0 0 1 0 0 0 1 0 0 0 1 0 0 0 1 0 0 0 1 0 0 0 1 0 0 0 1 0 0 0 1 0 0 0 1 0 0 0 1 0 0 0 1 0 0 0 1 0 0 0 1 0 0 0 1 0 0 0 1 0 0 0 1 0 0 0 1 0 0 0 1 0 0 0 1 0 0 0 1 0 0 0 1 0 0 0 1 0 0 0 1 0 0 0 1 0 0 0 1 0 0 0 1 0 0 0 1 0 0 0 1 0 0 0 1 0 0 0 1 0 0 0 1 0 0 0 1 0 0 0 1 0 0 0 1 0 0 0 1 0 0 0 1 0 0 0 1 0 0 0 1 0 0 0 1 0 0 0 1 0 0 0 1 0 0 0 1 0 0 0 1 0 0 0 1 0 0 0 1 0 0 0 1 0 0 0 1 0 0 0 1 0 0 0 1 0 0 0 1 0 0 0 1 0 0 0 1 0 0 0 1 0 0 0 1 0 0 0 1 0 0 0 1 0 0 0 1 0 0 0 1 0 0 0 1 0 0 0 1 0 0 0 1 0 0 0 1 0 0 0 1 0 0 0 1 0 0 0 1 0 0 0 1 0 0 0 1 0 0 0 1 0 0 0 1 0 0 0 1 0 0 0 1 0 0 0 1 0 0 0 1 0 0 0 1 0 0 0 1 0 0 0 1 0 0 0 1 0 0 0 1 0 0 0 1 0 0 0 1 0 0 0 1 0 0 0 1 0 0 0 1 0 0 0 1 0 0 0 1 0 0 0 1 0 0 0 1 0 0 0 1 0 0 0 1 0 0 0 1 0 0 0 1 0 0 0 1 0 0 0 1 0 0 0 1 0 0 0 1 0 0 0 1 0 0 0 1 0 0 0 1 0 0 0 1 0 0 0 1 0 0 0 1 0 0 0 1 0 0 0 1 0 0 0 1 0 0 0 1 0 0 0 1 0 0 0 1 0 0 0 1 0 0 0 1 0 0 0 1 0 0 0 1 0 0 0 1 0 0 0 1 0 0 0 1 0 0 0 1 0 0 0 1 0 0 0 1 0 0 0 1 0 0 0 1 0 0 0 1 0 0 0 1 0 0 0 1 0 0 0 1 0 0 0 1 0 0 0 1 0 0 0 1 0 0 0 1 0 0 0 1 0 0 0 1 0 0 0 1 0 0 0 1 0 0 0 1 0 0 0 1 0 0 0 1 0 0 0 1 0 0 0 1 0 0 0 1 0 0 0 1 0 0 0 1 0 0 0 1 0 0 0 1 0 0 0 1 0 0 0 1 0 0 0 1 0 0 0 1 0 0 0 1 0 0 0 1 0 0 0 1 0 0 0 1 0 0 0 1 0 0 0 1 0 0 0 1 0 0 0 1 0 0 0 1 0 0 0 1 0 0 0 1 0 0 0 1 0 0 0 1 0 0 0 1 0 0 0 1 0 0 0 1 0 0 0 1 0 0 0 1 0 0 0 1 0 0 0 1 0 0 0 1 0 0 0 1 0 0 0 1 0 0 0 1 0 0 0 1 0 0 0 1 0 0 0 1 0 0 0 1 0 0 0 1 0 0 0 1 0 0 0 1 0 0 0 1 0 0 0 1 0 0 0 1 0 0 0 1 0 0 0 1 0 0 0 1 0 0 0 1 0 0 0 1 0 0 0 1 0 0 0 1 0 0 0 1 0 0 0 1 0 0 0 1 0 0 0 1 0 0 0 1 0 0 0 1 0 0 0 1 0 0 0 1 0 0 0 1 0 0 0 1 0 0 0 1 0 0 0 1 0 0 0 1 0 0 0 1 0 0 0 1 0 0 0 1 0 0 0 1 0 0 0 1 0 0 0 1 0 0 0 1 0 0 0 1 0 0 0 1 0 0 0 1 0 0 0 1 0 0 0 1 0 0 0 1 0 0 0 1 0 0 0 1 0 0 0 1 0 0 0 1 0 0 0 1 0 0 0 1 0 0 0 1 0 0 0 1 0 0 0 1 0 0 0 1 0 0 0 1 0 0 0 1 0 0 0 1 0 0 0 1 0 0 0 1 0 0 0 1 0 0 0 1 0 0 0 1 0 0 0 1 0 0 0 1 0 0 0 1 0 0 0 1 0 0 0 1 0 0 0 1 0 0 0 1 0 0 0 1 0 0 0 1 0 0 0 1 0 0 0 1 0 0 0 1 0 0 0 1 0 0 0 1 0 0 0 1 0 0 0 1 0 0 0 1 0 0 0 1 0 0 0 1 0 0 0 1 0 0 0 1 0 0 0 1 0 0 0 1 0 0 0 1 0 0 0 1 0 0 0 1 0 0 0 1 0 0 0 1 0 0 0 1 0 0 0 1 0 0 0 1 0 0 0 1 0 0 0 1 0 0 0 1 0 0 0 1 0 0 0 1 0 0 0 1 0 0 0 1 0 0 0 1 0 0 0 1 0 0 0 1 0 0 0 1 0 0 0 1 0 0 0 1 0 0 0 1 0 0 0 1 0 0 0 1 0 0 0 1 0 0 0 1 0 0 0 1 0 0 0 1 0 0 0 1 0 0 0 1 0 0 0 1 0 0 0 1 0 0 0 1 0 0 0 1 0 0 0 1 0 0 0 1 0 0 0 1 0 0 0 1 0 0 0 1 0 0 0 1 0 0 0 1 0 0 0 1 0 0 0 1 0 0 0 1 0 0 0 1 0 0 0 1 0 0 0 1 0 0 0 1 0 0 0 1 0 0 0 1 0 0 0 1 0 0 0 1 0 0 0 1 0 0 0 1 0 0 0 1 0 0 0 1 0 0 0 1 0 0 0 1 0 0 0 1 0 0 0 1 0 0 0 1 0 0 0 1 0 0 0 1 0 0 0 1 0 0 0 1 0 0 0 1 0 0 0 1 0 0 0 1 0 0 0 1 0 0 0 1 0 0 0 1 0 0 0 1 0 0 0 1 0 0 0 1 0 0 0 1 0 0 0 1 0 0 0 1 0 0 0 1 0 0 0 1 0 0 0 1 0 0 0 1 0 0 0 1 0 0 0 1 0 0 0 1 0 0 0 1 0 0 0 1 0 0 0 1 0 0 0 1 0 0 0 1 0 0 0 1 0 0 0 1 0 0 0 1 0 0 0 1 0 0 0 1 0 0 0 1 0 0 0 1 0 0 0 1 0 0 0 1 0 0 0 1 0 0 0 1 0 0 0 1 0 0 0 1 0 0 0 1 0 0 0 1 0 0 0 1 0 0 0 1 0 0 0 1 0 0 0 1 0 0 0 1 0 0 0 1 0 0 0 1 0 0 0 1 0 0 0 1 0 0 0 1 0 0 0 1 0 0 0 1 0 0 0 1 0 0 0 1 0 0 0 1 0 0 0 1 0 0 0 1 0 0 0 1 0 0 0 1 0 0 0 1 0 0 0 1 0 0 0 1 0 0 0 1 0 0 0 1 0 0 0 1 0 0 0 1 0 0 0 1 0 0 0 1 0 0 0 1 0 0 0 1 0 0 0 1 0 0 0 1 0 0 0 1 0 0 0 1 0 0 0 1 0 0 0 1 0 0 0 1 0 0 0 1 0 0 0 1 0 0 0 1 0 0 0 1 0 0 0 1 0 0 0 1 0 0 0 1 0 0 0 1 0 0 0 1 0 0 0 1 0 0 0 1 0 0 0 1 0 0 0 1 0 0 0 1 0 0 0 1 0 0 0 1 0 0 0 1 0 0 0 1 0 0 0 1 0 0 0 1 0 0 0 1 0 0 0 1 0 0 0 1 0 0 0 1 0 0 0 1 0 0 0 1 0 0 0 1 0 0 0 1 0 0 0 1 0 0 0 1 0 0 0 1 0 0 0 1 0 0 0 1 0 0 0 1 0 0 0 1 0 0 0 1 0 0 0 1 0 0 0 1 0 0 0 1 0 0 0 1 0 0 0 1 0 0 0 1 0 0 0 1 0 0 0 1 0 0 0 1 0 0 0 1 0 0 0 1 0 0 0 1 0 0 0 1 0 0 0 1 0 0 0 1 0 0 0 1 0 0 0 1 0 0 0 1 0 0 0 1 0 0 0 1 0 0 0 1 0 0 0 1 0 0 0 1 0 0 0 1 0 0 0 1 0 0 0 1 0 0 0 1 0 0 0 1 0 0 0 1 0 0 0 1 0 0 0 1 0 0 0 1 0 0 0 1 0 0 0 1 0 0 0 1 0 0 0 1 0 0 0 1 0 0 0 1 0 0 0 1 0 0 0 1 0 0 0 1 0 0 0 1 0 0 0 1 0 0 0 1 0 0 0 1 0 0 0 1 0 0 0 1 0 0 0 1 0 0 0 1 0 0 0 1 0 0 0 1 0 0 0 1 0 0 0 1 0 0 0 1 0 0 0 1 0 0 0 1 0 0 0 1 0 0 0 1 0 0 0 1 0 0 0 1 0 0 0 1 0 0 0 1 0 0 0 1 0 0 0 1 0 0 0 1 0 0 0 1 0 0 0 1 0 0 0 1 0 0 0 1 0 0 0 1 0 0 0 1 0 0 0 1 0 0 0 1 0 0 0 1 0 0 0 1 0 0 0 1 0 0 0 1 0 0 0 1 0 0 0 1 0 0 0 1 0 0 0 1 0 0 0 1 0 0 0 1 0 0 0 1 0 0 0 1 0 0 0 1 0 0 0 1 0 0 0 1 0 0 0 1 0 0 0 1 0 0 0 1 0 0 0 1 0 0 0 1 0 0 0 1 0 0 0 1 0 0 0 1 0 0 0 1 0 0 0 1 0 0 0 1 0 0 0 1 0 0 0 1 0 0 0 1 0 0 0 1 0 0 0 1 0 0 0 1 0 0 0 1 0 0 0 1 0 0 0 1 0 0 0 1 0 0 0 1 0 0 0 1 0 0 0 1 0 0 0 1 0 0 0 1 0 0 0 1 0 0 0 1 0 0 0 1 0 0 0 1 0 0 0 1 0 0 0 1 0 0 0 1 0 0 0 1 0 0 0 1 0 0 0 1 0 0 0 1 0 0 0 1 0 0 0 1 0 0 0 1 0 0 0 1 0 0 0 1 0 0 0 1 0 0 0 1 0 0 0 1 0 0 0 1 0 0 0 1 0 0 0 1 0 0 0 1 0 0 0 1 0 0 0 1 0 0 0 1 0 0 0 1 0 0 0 1 0 0 0 1 0 0 0 1 0 0 0 1 0 0 0 1 0 0 0 1 0 0 0 1 0 0 0 1 0 0 0 1 0 0 0 1 0 0 0 1 0 0 0 1 0 0 0 1 0 0 0 1 0 0 0 1 0 0 0 1 0 0 0 1 0 0 0 1 0 0 0 1 0 0 0 1 0 0 0 1 0 0 0 1 0 0 0 1 0 0 0 1 0 0 0 1 0 0 0 1 0 0 0 1 0 0 0 1 0 0 0 1 0 0 0 1 0 0 0 1 0 0 0 1 0 0 0 1 0 0 0 1 0 0 0 1 0 0 0 1 0 0 0 1 0 0 0 1 0 0 0 1 0 0 0 1 0 0 0 1 0 0 0 1 0 0 0 1 0 0 0 1 0 0 0 1 0 0 0 1 0 0 0 1 0 0 0 1 0 0 0 1 0 0 0 1 0 0 0 1 0 0 0 1 0 0 0 1 0 0 0 1 0 0 0 1 0 0 0 1 0 0 0 1 0 0 0 1 0 0 0 1 0 0 0 1 0 0 0 1 0 0 0 1 0 0 0 1 0 0 0 1 0 0 0 1 0 0 0 1 0 0 0 1 0 0 0 1 0 0 0 1 0 0 0 1 0 0 0 1 0 0 0 1 0 0 0 1 0 0 0 1 0 0 0 1 0 0 0 1 0 0 0 1 0 0 0 1 0 0 0 1 0 0 0 1 0 0 0 1 0 0 0 1 0 0 0 1 0 0 0 1 0 0 0 1 0 0 0 1 0 0 0 1 0 0 0 1 0 0 0 1 0 0 0 1 0 0 0 1 0 0 0 1 0 0 0 1 0 0 0 1 0 0 0 1 0 0 0 1 0 0 0 1 0 0 0 1 0 0 0 1 0 0 0 1 0 0 0 1 0 0 0 1 0 0 0 1 0 0 0 1 0 0 0 1 0 0 0 1 0 0 0 1 0 0 0 1 0 0 0 1 0 0 0 1 0 0 0 1 0 0 0 1 0 0 0 1 0 0 0 1 0 0 0 1 0 0 0 1 0 0 0 1 0 0 0 1 0 0 0 1 0 0 0 1 0 0 0 1 0 0 0 1 0 0 0 1 0 0 0 1 0 0 0 1 0 0 0 1 0 0 0 1 0 0 0 1 0 0 0 1 0 0 0 1 0 0 0 1 0 0 0 1 0 0 0 1 0 0 0 1 0 0 0 1 0 0 0 1 0 0 0 1 0 0 0 1 0 0 0 1 0 0 0 1 0 0 0 1 0 0 0 1 0 0 0 1 0 0 0 1 0 0 0 1 0 0 0 1 0 0 0 1 0 0 0 1 0 0 0 1 0 0 0 1 0 0 0 1 0 0 0 1 0 0 0 1 0 0 0 1 0 0 0 1 0 0 0 1 0 0 0 1 0 0 0 1 0 0 0 1 0 0 0 1 0 0 0 1 0 0 0 1 0 0 0 1 0 0 0 1 0 0 0 1 0 0 0 1 0 0 0 1 0 0 0 1 0 0 0 1 0 0 0 1 0 0 0 1 0 0 0 1 0 0 0 1 0 0 0 1 0 0 0 1 0 0 0 1 0 0 0 1 0 0 0 1 0 0 0 1 0 0 0 1 0 0 0 1 0 0 0 1 0 0 0 1 0 0 0 1 0 0 0 1 0 0 0 1 0 0 0 1 0 0 0 1 0 0 0 1 0 0 0 1 0 0 0 1 0 0 0 1 0 0 0 1 0 0 0 1 0 0 0 1 0 0 0 1 0 0 0 1 0 0 0 1 0 0 0 1 0 0 0 1 0 0 0 1 0 0 0 1 0 0 0 1 0 0 0 1 0 0 0 1 0 0 0 1 0 0 0 1 0 0 0 1 0 0 0 1 0 0 0 1 0 0 0 1 0 0 0 1 0 0 0 1 0 0 0 1 0 0 0 1 0 0 0 1 0 0 0 1 0 0 0 1 0 0 0 1 0 0 0 1 0 0 0 1 0 0 0 1 0 0 0 1 0 0 0 1 0 0 0 1 0 0 0 1 0 0 0 1 0 0 0 1 0 0 0 1 0 0 0 1 0 0 0 1 0 0 0 1 0 0 0 1 0 0 0 1 0 0 0 1 0 0 0 1 0 0 0 1 0 0 0 1 0 0 0 1 0 0 0 1 0 0 0 1 0 0 0 1 0 0 0 1 0 0 0 1 0 0 0 1 0 0 0 1 0 0 0 1 0 0 0 1 0 0 0 1 0 0 0 1 0 0 0 1 0 0 0 1 0 0 0 1 0 0 0 1 0 0 0 1 0 0 0 1 0 0 0 1 0 0 0 1 0 0 0 1 0 0 0 1 0 0 0 1 0 0 0 1 0 0 0 1 0 0 0 1 0 0 0 1 0 0 0 1 0 0 0 1 0 0 0 1 0 0 0 1 0 0 0 1 0 0 0 1 0 0 0 1 0 0 0 1 0 0 0 1 0 0 0 1 0 0 0 1 0 0 0 1 0 0 0 1 0 0 0 1 0 0 0 1 0 0 0 1 0 0 0 1 0 0 0 1 0 0 0 1 0 0 0 1 0 0 0 1 0 0 0 1 0 0 0 1 0 0 0 1 0 0 0 1 0 0 0 1 0 0 0 1 0 0 0 1 0 0 0 1 0 0 0 1 0 0 0 1 0 0 0 1 0 0 0 1 0 0 0 1 0 0 0 1 0 0 0 1 0 0 0 1 0 0 0 1 0 0 0 1 0 0 0 1 0 0 0 1 0 0 0 1 0 0 0 1 0 0 0 1 0 0 0 1 0 0 0 1 0 0 0 1 0 0 0 1 0 0 0 1 0 0 0 1 0 0 0 1 0 0 0 1 0 0 0 1 0 0 0 1 0 0 0 1 0 0 0 1 0 0 0 1 0 0 0 1 0 0 0 1 0 0 0 1 0 0 0 1 0 0 0 1 0 0 0 1 0 0 0 1 0 0 0 1 0 0 0 1 0 0 0 1 0 0 0 1 0 0 0 1 0 0 0 1 0 0 0 1 0 0 0 1 0 0 0 1 0 0 0 1 0 0 0 1 0 0 0 1 0 0 0 1 0 0 0 1 0 0 0 1 0 0 0 1 0 0 0 1 0 0 0 1 0 0 0 1 0 0 0 1 0 0 0 1 0 0 0 1 0 0 0 1 0 0 0 1 0 0 0 1 0 0 0 1 0 0 0 1 0 0 0 1 0 0 0 1 0 0 0 1 0 0 0 1 0 0 0 1 0 0 0 1 0 0 0 1 0 0 0 1 0 0 0 1 0 0 0 1 0 0 0 1 0 0 0 1 0 0 0 1 0 0 0 1 0 0 0 1 0 0 0 1 0 0 0 1 0 0 0 1 0 0 0 1 0 0 0 1 0 0 0 1 0 0 0 1 0 0 0 1 0 0 0 1 0 0 0 1 0 0 0 1 0 0 0 1 0 0 0 1 0 0 0 1 0 0 0 1 0 0 0 1 0 0 0 1 0 0 0 1 0 0 0 1 0 0 0 1 0 0 0 1 0 0 0 1 0 0 0 1 0 0 0 1 0 0 0 1 0 0 0 1 0 0 0 1 0 0 0 1 0 0 0 1 0 0 0 1 0 0 0 1 0 0 0 1 0 0 0 1 0 0 0 1 0 0 0 1 0 0 0 1 0 0 0 1 0 0 0 1 0 0 0 1 0 0 0 1 0 0 0 1 0 0 0 1 0 0 0 1 0 0 0 1 0 0 0 1 0 0 0 1 0 0 0 1 0 0 0 1 0 0 0 1 0 0 0 1 0 0 0 1 0 0 0 1 0 0 0 1 0 0 0 1 0 0 0 1 0 0 0 1 0 0 0 1 0 0 0 1 0 0 0 1 0 0 0 1 0 0 0 1 0 0 0 1 0 0 0 1 0 0 0 1 0 0 0 1 0 0 0 1 0 0 0 1 0 0 0 1 0 0 0 1 0 0 0 1 0 0 0 1 0 0 0 1 0 0 0 1 0 0 0 1 0 0 0 1 0 0 0 1 0 0 0 1 0 0 0 1 0 0 0 1 0 0 0 1 0 0 0 1 0 0 0 1 0 0 0 1 0 0 0 1 0 0 0 1 0 0 0 1 0 0 0 1 0 0 0 1 0 0 0 1 0 0 0 1 0 0 0 1 0 0 0 1 0 0 0 1 0 0 0 1 0 0 0 1 0 0 0 1 0 0 0 1 0 0 0 1 0 0 0 1 0 0 0 1 0 0 0 1 0 0 0 1 0 0 0 1 0 0 0 1 0 0 0 1 0 0 0 1 0 0 0 1 0 0 0 1 0 0 0 1 0 0 0 1 0 0 0 1 0 0 0 1 0 0 0 1 0 0 0 1 0 0 0 1 0 0 0 1 0 0 0 1 0 0 0 1 0 0 0 1 0 0 0 1 0 0 0 1 0 0 0 1 0 0 0 1 0 0 0 1 0 0 0 1 0 0 0 1 0 0 0 1 0 0 0 1 0 0 0 1 0 0 0 1 0 0 0 1 0 0 0 1 0 0 0 1 0 0 0 1 0 0 0 1 0 0 0 1 0 0 0 1 0 0 0 1 0 0 0 1 0 0 0 1 0 0 0 1 0 0 0 1 0 0 0 1 0 0 0 1 0 0 0 1 0 0 0 1 0 0 0 1 0 0 0 1 0 0 0 1 0 0 0 1 0 0 0 1 0 0 0 1 0 0 0 1 0 0 0 1 0 0 0 1 0 0 0 1 0 0 0 1 0 0 0 1 0 0 0 1 0 0 0 1 0 0 0 1 0 0 0 1 0 0 0 1 0 0 0 1 0 0 0 1 0 0 0 1 0 0 0 1 0 0 0 1 0 0 0 1 0 0 0 1 0 0 0 1 0 0 0 1 0 0 0 1 0 0 0 1 0 0 0 1 0 0 0 1 0 0 0 1 0 0 0 1 0 0 0 1 0 0 0 1 0 0 0 1 0 0 0 1 0 0 0 1 0 0 0 1 0 0 0 1 0 0 0 1 0 0 0 1 0 0 0 1 0 0 0 1 0 0 0 1 0 0 0 1 0 0 0 1 0 0 0 1 0 0 0 1 0 0 0 1 0 0 0 1 0 0 0 1 0 0 0 1 0 0 0 1 0 0 0 1 0 0 0 1 0 0 0 1 0 0 0 1 0 0 0 1 0 0 0 1 0 0 0 1 0 0 0 1 0 0 0 1 0 0 0 1 0 0 0 1 0 0 0 1 0 0 0 1 0 0 0 1 0 0 0 1 0 0 0 1 0 0 0 1 0 0 0 1 0 0 0 1 0 0 0 1 0 0 0 1 0 0 0 1 0 0 0 1 0 0 0 1 0 0 0 1 0 0 0 1 0 0 0 1 0 0 0 1 0 0 0 1 0 0 0 1 0 0 0 1 0 0 0 1 0 0 0 1 0 0 0 1 0 0 0 1 0 0 0 1 0 0 0 1 0 0 0 1 0 0 0 1 0 0 0 1 0 0 0 1 0 0 0 1 0 0 0 1 0 0 0 1 0 0 0 1 0 0 0 1 0 0 0 1 0 0 0 1 0 0 0 1 0 0 0 1 0 0 0 1 0 0 0 1 0 0 0 1 0 0 0 1 0 0 0 1 0 0 0 1 0 0 0 1 0 0 0 1 0 0 0 1 0 0 0 1 0 0 0 1 0 0 0 1 0 0 0 1 0 0 0 1 0 0 0 1 0 0 0 1 0 0 0 1 0 0 0 1 0 0 0 1 0 0 0 1 0 0 0 1 0 0 0 1 0 0 0 1 0 0 0 1 0 0 0 1 0 0 0 1 0 0 0 1 0 0 0 1 0 0 0 1 0 0 0 1 0 0 0 1 0 0 0 1 0 0 0 1 0 0 0 1 0 0 0 1 0 0 0 1 0 0 0 1 0 0 0 1 0 0 0 1 0 0 0 1 0 0 0 1 0 0 0 1 0 0 0 1 0 0 0 1 0 0 0 1 0 0 0 1 0 0 0 1 0 0 0 1 0 0 0 1 0 0 0 1 0 0 0 1 0 0 0 1 0 0 0 1 0 0 0 1 0 0 0 1 0 0 0 1 0 0 0 1 0 0 0 1 0 0 0 1 0 0 0 1 0 0 0 1 0 0 0 1 0 0 0 1 0 0 0 1 0 0 0 1 0 0 0 1 0 0 0 1 0 0 0 1 0 0 0 1 0 0 0 1 0 0 0 1 0 0 0 1 0 0 0 1 0 0 0 1 0 0 0 1 0 0 0 1 0 0 0 1 0 0 0 1 0 0 0 1 0 0 0 1 0 0 0 1 0 0 0 1 0 0 0 1 0 0 0 1 0 0 0 1 0 0 0 1 0 0 0 1 0 0 0 1 0 0 0 1 0 0 0 1 0 0 0 1 0 0 0 1 0 0 0 1 0 0 0 1 0 0 0 1 0 0 0 1 0 0 0 1 0 0 0 1 0 0 0 1 0 0 0 1 0 0 0 1 0 0 0 1 0 0 0 1 0 0 0 1 0 0 0 1 0 0 0 1 0 0 0 1 0 0 0 1 0 0 0 1 0 0 0 1 0 0 0 1 0 0 0 1 0 0 0 1 0 0 0 1 0 0 0 1 0 0 0 1 0 0 0 1 0 0 0 1 0 0 0 1 0 0 0 1 0 0 0 1 0 0 0 1 0 0 0 1 0 0 0 1 0 0 0 1 0 0 0 1 0 0 0 1 0 0 0 1 0 0 0 1 0 0 0 1 0 0 0 1 0 0 0 1 0 0 0 1 0 0 0 1 0 0 0 1 0 0 0 1 0 0 0 1 0 0 0 1 0 0 0 1 0 0 0 1 0 0 0 1 0 0 0 1 0 0 0 1 0 0 0 1 0 0 0 1 0 0 0 1 0 0 0 1 0 0 0 1 0 0 0 1 0 0 0 1 0 0 0 1 0 0 0 1 0 0 0 1 0 0 0 1 0 0 0 1 0 0 0 1 0 0 0 1 0 0 0 1 0 0 0 1 0 0 0 1 0 0 0 1 0 0 0 1 0 0 0 1 0 0 0 1 0 0 0 1 0 0 0 1 0 0 0 1 0 0 0 1 0 0 0 1 0 0 0 1 0 0 0 1 0 0 0 1 0 0 0 1 0 0 0 1 0 0 0 1 0 0 0 1 0 0 0 1 0 0 0 1 0 0 0 1 0 0 0 1 0 0 0 1 0 0 0 1 0 0 0 1 0 0 0 1 0 0 0 1 0 0 0 1 0 0 0 1 0 0 0 1 0 0 0 1 0 0 0 1 0 0 0 1 0 0 0 1 0 0 0 1 0 0 0 1 0 0 0 1 0 0 0 1 0 0 0 1 0 0 0 1 0 0 0 1 0 0 0 1 0 0 0 1 0 0 0 1 0 0 0 1 0 0 0 1 0 0 0 1 0 0 0 1 0 0 0 1 0 0 0 1 0 0 0 1 0 0 0 1 0 0 0 1 0 0 0 1 0 0 0 1 0 0 0 1 0 0 0 1 0 0 0 1 0 0 0 1 0 0 0 1 0 0 0 1 0 0 0 1 0 0 0 1 0 0 0 1 0 0 0 1 0 0 0 1 0 0 0 1 0 0 0 1 0 0 0 1 0 0 0 1 0 0 0 1 0 0 0 1 0 0 0 1 0 0 0 1 0 0 0 1 0 0 0 1 0 0 0 1 0 0 0 1 0 0 0 1 0 0 0 1 0 0 0 1 0 0 0 1 0 0 0 1 0 0 0 1 0 0 0 1 0 0 0 1 0 0 0 1 0 0 0 1 0 0 0 1 0 0 0 1 0 0 0 1 0 0 0 1 0 0 0 1 0 0 0 1 0 0 0 1 0 0 0 1 0 0 0 1 0 0 0 1 0 0 0 1 0 0 0 1 0 0 0 1 0 0 0 1 0 0 0 1 0 0 0 1 0 0 0 1 0 0 0 1 0 0 0 1 0 0 0 1 0 0 0 1 0 0 0 1 0 0 0 1 0 0 0 1 0 0 0 1 0 0 0 1 0 0 0 1 0 0 0 1 0 0 0 1 0 0 0 1 0 0 0 1 0 0 0 1 0 0 0 1 0 0 0 1 0 0 0 1 0 0 0 1 0 0 0 1 0 0 0 1 0 0 0 1 0 0 0 1 0 0 0 1 0 0 0 1 0 0 0 1 0 0 0 1 0 0 0 1 0 0 0 1 0 0 0 1 0 0 0 1 0 0 0 1 0 0 0 1 0 0 0 1 0 0 0 1 0 0 0 1 0 0 0 1 0 0 0 1 0 0 0 1 0 0 0 1 0 0 0 1 0 0 0 1 0 0 0 1 0 0 0 1 0 0 0 1 0 0 0 1 0 0 0 1 0 0 0 1 0 0 0 1 0 0 0 1 0 0 0 1 0 0 0 1 0 0 0 1 0 0 0 1 0 0 0 1 0 0 0 1 0 0 0 1 0 0 0 1 0 0 0 1 0 0 0 1 0 0 0 1 0 0 0 1 0 0 0 1 0 0 0 1 0 0 0 1 0 0 0 1 0 0 0 1 0 0 0 1 0 0 0 1 0 0 0 1 0 0 0 1 0 0 0 1 0 0 0 1 0 0 0 1 0 0 0 1 0 0 0 1 0 0 0 1 0 0 0 1 0 0 0 1 0 0 0 1 0 0 0 1 0 0 0 1 0 0 0 1 0 0 0 1 0 0 0 1 0 0 0 1 0 0 0 1 0 0 0 1 0 0 0 1 0 0 0 1 0 0 0 1 0 0 0 1 0 0 0 1 0 0 0 1 0 0 0 1 0 0 0 1 0 0 0 1 0 0 0 1 0 0 0 1 0 0 0 1 0 0 0 1 0 0 0 1 0 0 0 1 0 0 0 1 0 0 0 1 0 0 0 1 0 0 0 1 0 0 0 1 0 0 0 1 0 0 0 1 0 0 0 1 0 0 0 1 0 0 0 1 0 0 0 1 0 0 0 1 0 0 0 1 0 0 0 1 0 0 0 1 0 0 0 1 0 0 0 1 0 0 0 1 0 0 0 1 0 0 0 1 0 0 0 1 0 0 0 1 0 0 0 1 0 0 0 1 0 0 0 1 0 0 0 1 0 0 0 1 0 0 0 1 0 0 0 1 0 0 0 1 0 0 0 1 0 0 0 1 0 0 0 1 0 0 0 1 0 0 0 1 0 0 0 1 0 0 0 1 0 0 0 1 0 0 0 1 0 0 0 1 0 0 0 1 0 0 0 1 0 0 0 1 0 0 0 1 0 0 0 1 0 0 0 1 0 0 0 1 0 0 0 1 0 0 0 1 0 0 0 1 0 0 0 1 0 0 0 1 0 0 0 1 0 0 0 1 0 0 0 1 0 0 0 1 0 0 0 1 0 0 0 1 0 0 0 1 0 0 0 1 0 0 0 1 0 0 0 1 0 0 0 1 0 0 0 1 0 0 0 1 0 0 0 1 0 0 0 1 0 0 0 1 0 0 0 1 0 0 0 1 0 0 0 1 0 0 0 1 0 0 0 1 0 0 0 1 0 0 0 1 0 0 0 1 0 0 0 1 0 0 0 1 0 0 0 1 0 0 0 1 0 0 0 1 0 0 0 1 0 0 0 1 0 0 0 1 0 0 0 1 0 0 0 1 0 0 0 1 0 0 0 1 0 0 0 1 0 0 0 1 0 0 0 1 0 0 0 1 0 0 0 1 0 0 0 1 0 0 0 1 0 0 0 1 0 0 0 1 0 0 0 1 0 0 0 1 0 0 0 1 0 0 0 1 0 0 0 1 0 0 0 1 0 0 0 1 0 0 0 1 0 0 0 1 0 0 0 1 0 0 0 1 0 0 0 1 0 0 0 1 0 0 0 1 0 0 0 1 0 0 0 1 0 0 0 1 0 0 0 1 0 0 0 1 0 0 0 1 0 0 0 1 0 0 0 1 0 0 0 1 0 0 0 1 0 0 0 1 0 0 0 1 0 0 0 1 0 0 0 1 0 0 0 1 0 0 0 1 0 0 0 1 0 0 0 1 0 0 0 1 0 0 0 1 0 0 0 1 0 0 0 1 0 0 0 1 0 0 0 1 0 0 0 1 0 0 0 1 0 0 0 1 0 0 0 1 0 0 0 1 0 0 0 1 0 0 0 1 0 0 0 1 0 0 0 1 0 0 0 1 0 0 0 1 0 0 0 1 0 0 0 1 0 0 0 1 0 0 0 1 0 0 0 1 0 0 0 1 0 0 0 1 0 0 0 1 0 0 0 1 0 0 0 1 0 0 0 1 0 0 0 1 0 0 0 1 0 0 0 1 0 0 0 1 0 0 0 1 0 0 0 1 0 0 0 1 0 0 0 1 0 0 0 1 0 0 0 1 0 0 0 1 0 0 0 1 0 0 0 1 0 0 0 1 0 0 0 1 0 0 0 1 0 0 0 1 0 0 0 1 0 0 0 1 0 0 0 1 0 0 0 1 0 0 0 1 0 0 0 1 0 0 0 1 0 0 0 1 0 0 0 1 0 0 0 1 0 0 0 1 0 0 0 1 0 0 0 1 0 0 0 1 0 0 0 1 0 0 0 1 0 0 0 1 0 0 0 1 0 0 0 1 0 0 0 1 0 0 0 1 0 0 0 1 0 0 0 1 0 0 0 1 0 0 0 1 0 0 0 1 0 0 0 1 0 0 0 1 0 0 0 1 0 0 0 1 0 0 0 1 0 0 0 1 0 0 0 1 0 0 0 1 0 0 0 1 0 0 0 1 0 0 0 1 0 0 0 1 0 0 0 1 0 0 0 1 0 0 0 1 0 0 0 1 0 0 0 1 0 0 0 1 0 0 0 1 0 0 0 1 0 0 0 1 0 0 0 1 0 0 0 1 0 0 0 1 0 0 0 1 0 0 0 1 0 0 0 1 0 0 0 1 0 0 0 1 0 0 0 1 0 0 0 1 0 0 0 1 0 0 0 1 0 0 0 1 0 0 0 1 0 0 0 1 0 0 0 1 0 0 0 1 0 0 0 1 0 0 0 1 0 0 0 1 0 0 0 1 0 0 0 1 0 0 0 1 0 0 0 1 0 0 0 1 0 0 0 1 0 0 0 1 0 0 0 1 0 0 0 1 0 0 0 1 0 0 0 1 0 0 0 1 0 0 0 1 0 0 0 1 0 0 0 1 0 0 0 1 0 0 0 1 0 0 0 1 0 0 0 1 0 0 0 1 0 0 0 1 0 0 0 1 0 0 0 1 0 0 0 1 0 0 0 1 0 0 0 1 0 0 0 1 0 0 0 1 0 0 0 1 0 0 0 1 0 0 0 1 0 0 0 1 0 0 0 1 0 0 0 1 0 0 0 1 0 0 0 1 0 0 0 1 0 0 0 1 0 0 0 1 0 0 0 1 0 0 0 1 0 0 0 1 0 0 0 1 0 0 0 1 0 0 0 1 0 0 0 1 0 0 0 1 0 0 0 1 0 0 0 1 0 0 0 1 0 0 0 1 0 0 0 1 0 0 0 1 0 0 0 1 0 0 0 1 0 0 0 1 0 0 0 1 0 0 0 1 0 0 0 1 0 0 0 1 0 0 0 1 0 0 0 1 0 0 0 1 0 0 0 1 0 0 0 1 0 0 0 1 0 0 0 1 0 0 0 1 0 0 0 1 0 0 0 1 0 0 0 1 0 0 0 1 0 0 0 1 0 0 0 1 0 0 0 1 0 0 0 1 0 0 0 1 0 0 0 1 0 0 0 1 0 0 0 1 0 0 0 1 0 0 0 1 0 0 0 1 0 0 0 1 0 0 0 1 0 0 0 1 0 0 0 1 0 0 0 1 0 0 0 1 0 0 0 1 0 0 0 1 0 0 0 1 0 0 0 1 0 0 0 1 0 0 0 1 0 0 0 1 0 0 0 1 0 0 0 1 0 0 0 1 0 0 0 1 0 0 0 1 0 0 0 1 0 0 0 1 0 0 0 1 0 0 0 1 0 0 0 1 0 0 0 1 0 0 0 1 0 0 0 1 0 0 0 1 0 0 0 1 0 0 0 1 0 0 0 1 0 0 0 1 0 0 0 1 0 0 0 1 0 0 0 1 0 0 0 1 0 0 0 1 0 0 0 1 0 0 0 1 0 0 0 1 0 0 0 1 0 0 0 1 0 0 0 1 0 0 0 1 0 0 0 1 0 0 0 1 0 0 0 1 0 0 0 1 0 0 0 1 0 0 0 1 0 0 0 1 0 0 0 1 0 0 0 1 0 0 0 1 0 0 0 1 0 0 0 1 0 0 0 1 0 0 0 1 0 0 0 1 0 0 0 1 0 0 0 1 0 0 0 1 0 0 0 1 0 0 0 1 0 0 0 1 0 0 0 1 0 0 0 1 0 0 0 1 0 0 0 1 0 0 0 1 0 0 0 1 0 0 0 1 0 0 0 1 0 0 0 1 0 0 0 1 0 0 0 1 0 0 0 1 0 0 0 1 0 0 0 1 0 0 0 1 0 0 0 1 0 0 0 1 0 0 0 1 0 0 0 1 0 0 0 1 0 0 0 1 0 0 0 1 0 0 0 1 0 0 0 1 0 0 0 1 0 0 0 1 0 0 0 1 0 0 0 1 0 0 0 1 0 0 0 1 0 0 0 1 0 0 0 1 0 0 0 1 0 0 0 1 0 0 0 1 0 0 0 1 0 0 0 1 0 0 0 1 0 0 0 1 0 0 0 1 0 0 0 1 0 0 0 1 0 0 0 1 0 0 0 1 0 0 0 1 0 0 0 1 0 0 0 1 0 0 0 1 0 0 0 1 0 0 0 1 0 0 0 1 0 0 0 1 0 0 0 1 0 0 0 1 0 0 0 1 0 0 0 1 0 0 0 1 0 0 0 1 0 0 0 1 0 0 0 1 0 0 0 1 0 0 0 1 0 0 0 1 0 0 0 1 0 0 0 1 0 0 0 1 0 0 0 1 0 0 0 1 0 0 0 1 0 0 0 1 0 0 0 1 0 0 0 1 0 0 0 1 0 0 0 1 0 0 0 1 0 0 0 1 0 0 0 1 0 0 0 1 0 0 0 1 0 0 0 1 0 0 0 1 0 0 0 1 0 0 0 1 0 0 0 1 0 0 0 1 0 0 0 1 0 0 0 1 0 0 0 1 0 0 0 1 0 0 0 1 0 0 0 1 0 0 0 1 0 0 0 1 0 0 0 1 0 0 0 1 0 0 0 1 0 0 0 1 0 0 0 1 0 0 0 1 0 0 0 1 0 0 0 1 0 0 0 1 0 0 0 1 0 0 0 1 0 0 0 1 0 0 0 1 0 0 0 1 0 0 0 1 0 0 0 1 0 0 0 1 0 0 0 1 0 0 0 1 0 0 0 1 0 0 0 1 0 0 0 1 0 0 0 1 0 0 0 1 0 0 0 1 0 0 0 1 0 0 0 1 0 0 0 1 0 0 0 1 0 0 0 1 0 0 0 1 0 0 0 1 0 0 0 1 0 0 0 1 0 0 0 1 0 0 0 1 0 0 0 1 0 0 0 1 0 0 0 1 0 0 0 1 0 0 0 1 0 0 0 1 0 0 0 1 0 0 0 1 0 0 0 1 0 0 0 1 0 0 0 1 0 0 0 1 0 0 0 1 0 0 0 1 0 0 0 1 0 0 0 1 0 0 0 1 0 0 0 1 0 0 0 1 0 0 0 1 0 0 0 1 0 0 0 1 0 0 0 1 0 0 0 1 0 0 0 1 0 0 0 1 0 0 0 1 0 0 0 1 0 0 0 1 0 0 0 1 0 0 0 1 0 0 0 1 0 0 0 1 0 0 0 1 0 0 0 1 0 0 0 1 0 0 0 1 0 0 0 1 0 0 0 1 0 0 0 1 0 0 0 1 0 0 0 1 0 0 0 1 0 0 0 1 0 0 0 1 0 0 0 1 0 0 0 1 0 0 0 1 0 0 0 1 0 0 0 1 0 0 0 1 0 0 0 1 0 0 0 1 0 0 0 1 0 0 0 1 0 0 0 1 0 0 0 1 0 0 0 1 0 0 0 1 0 0 0 1 0 0 0 1 0 0 0 1 0 0 0 1 0 0 0 1 0 0 0 1 0 0 0 1 0 0 0 1 0 0 0 1 0 0 0 1 0 0 0 1 0 0 0 1 0 0 0 1 0 0 0 1 0 0 0 1 0 0 0 1 0 0 0 1 0 0 0 1 0 0 0 1 0 0 0 1 0 0 0 1 0 0 0 1 0 0 0 1 0 0 0 1 0 0 0 1 0 0 0 1 0 0 0 1 0 0 0 1 0 0 0 1 0 0 0 1 0 0 0 1 0 0 0 1 0 0 0 1 0 0 0 1 0 0 0 1 0 0 0 1 0 0 0 1 0 0 0 1 0 0 0 1 0 0 0 1 0 0 0 1 0 0 0 1 0 0 0 1 0 0 0 1 0 0 0 1 0 0 0 1 0 0 0 1 0 0 0 1 0 0 0 1 0 0 0 1 0 0 0 1 0 0 0 1 0 0 0 1 0 0 0 1 0 0 0 1 0 0 0 1 0 0 0 1 0 0 0 1 0 0 0 1 0 0 0 1 0 0 0 1 0 0 0 1 0 0 0 1 0 0 0 1 0 0 0 1 0 0 0 1 0 0 0 1 0 0 0 1 0 0 0 1 0 0 0 1 0 0 0 1 0 0 0 1 0 0 0 1 0 0 0 1 0 0 0 1 0 0 0 1 0 0 0 1 0 0 0 1 0 0 0 1 0 0 0 1 0 0 0 1 0 0 0 1 0 0 0 1 0 0 0 1 0 0 0 1 0 0 0 1 0 0 0 1 0 0 0 1 0 0 0 1 0 0 0 1 0 0 0 1 0 0 0 1 0 0 0 1 0 0 0 1 0 0 0 1 0 0 0 1 0 0 0 1 0 0 0 1 0 0 0 1 0 0 0 1 0 0 0 1 0 0 0 1 0 0 0 1 0 0 0 1 0 0 0 1 0 0 0 1 0 0 0 1 0 0 0 1 0 0 0 1 0 0 0 1 0 0 0 1 0 0 0 1 0 0 0 1 0 0 0 1 0 0 0 1 0 0 0 1 0 0 0 1 0 0 0 1 0 0 0 1 0 0 0 1 0 0 0 1 0 0 0 1 0 0 0 1 0 0 0 1 0 0 0 1 0 0 0 1 0 0 0 1 0 0 0 1 0 0 0 1 0 0 0 1 0 0 0 1 0 0 0 1 0 0 0 1 0 0 0 1 0 0 0 1 0 0 0 1 0 0 0 1 0 0 0 1 0 0 0 1 0 0 0 1 0 0 0 1 0 0 0 1 0 0 0 1 0 0 0 1 0 0 0 1 0 0 0 1 0 0 0 1 0 0 0 1 0 0 0 1 0 0 0 1 0 0 0 1 0 0 0 1 0 0 0 1 0 0 0 1 0 0 0 1 0 0 0 1 0 0 0 1 0 0 0 1 0 0 0 1 0 0 0 1 0 0 0 1 0 0 0 1 0 0 0 1 0 0 0 1 0 0 0 1 0 0 0 1 0 0 0 1 0 0 0 1 0 0 0 1 0 0 0 1 0 0 0 1 0 0 0 1 0 0 0 1 0 0 0 1 0 0 0 1 0 0 0 1 0 0 0 1 0 0 0 1 0 0 0 1 0 0 0 1 0 0 0 1 0 0 0 1 0 0 0 1 0 0 0 1 0 0 0 1 0 0 0 1 0 0 0 1 0 0 0 1 0 0 0 1 0 0 0 1 0 0 0 1 0 0 0 1 0 0 0 1 0 0 0 1 0 0 0 1 0 0 0 1 0 0 0 1 0 0 0 1 0 0 0 1 0 0 0 1 0 0 0 1 0 0 0 1 0 0 0 1 0 0 0 1 0 0 0 1 0 0 0 1 0 0 0 1 0 0 0 1 0 0 0 1 0 0 0 1 0 0 0 1 0 0 0 1 0 0 0 1 0 0 0 1 0 0 0 1 0 0 0 1 0 0 0 1 0 0 0 1 0 0 0 1 0 0 0 1 0 0 0 1 0 0 0 1 0 0 0 1 0 0 0 1 0 0 0 1 0 0 0 1 0 0 0 1 0 0 0 1 0 0 0 1 0 0 0 1 0 0 0 1 0 0 0 1 0 0 0 1 0 0 0 1 0 0 0 1 0 0 0 1 0 0 0 1 0 0 0 1 0 0 0 1 0 0 0 1 0 0 0 1 0 0 0 1 0 0 0 1 0 0 0 1 0 0 0 1 0 0 0 1 0 0 0 1 0 0 0 1 0 0 0 1 0 0 0 1 0 0 0 1 0 0 0 1 0 0 0 1 0 0 0 1 0 0 0 1 0 0 0 1 0 0 0 1 0 0 0 1 0 0 0 1 0 0 0 1 0 0 0 1 0 0 0 1 0 0 0 1 0 0 0 1 0 0 0 1 0 0 0 1 0 0 0 1 0 0 0 1 0 0 0 1 0 0 0 1 0 0 0 1 0 0 0 1 0 0 0 1 0 0 0 1 0 0 0 1 0 0 0 1 0 0 0 1 0 0 0 1 0 0 0 1 0 0 0 1 0 0 0 1 0 0 0 1 0 0 0 1 0 0 0 1 0 0 0 1 0 0 0 1 0 0 0 1 0 0 0 1 0 0 0 1 0 0 0 1 0 0 0 1 0 0 0 1 0 0 0 1 0 0 0 1 0 0 0 1 0 0 0 1 0 0 0 1 0 0 0 1 0 0 0 1 0 0 0 1 0 0 0 1 0 0 0 1 0 0 0 1 0 0 0 1 0 0 0 1 0 0 0 1 0 0 0 1 0 0 0 1 0 0 0 1 0 0 0 1 0 0 0 1 0 0 0 1 0 0 0 1 0 0 0 1 0 0 0 1 0 0 0 1 0 0 0 1 0 0 0 1 0 0 0 1 0 0 0 1 0 0 0 1 0 0 0 1 0 0 0 1 0 0 0 1 0 0 0 1 0 0 0 1 0 0 0 1 0 0 0 1 0 0 0 1 0 0 0 1 0 0 0 1 0 0 0 1 0 0 0 1 0 0 0 1 0 0 0 1 0 0 0 1 0 0 0 1 0 0 0 1 0 0 0 1 0 0 0 1 0 0 0 1 0 0 0 1 0 0 0 1 0 0 0 1 0 0 0 1 0 0 0 1 0 0 0 1 0 0 0 1 0 0 0 1 0 0 0 1 0 0 0 1 0 0 0 1 0 0 0 1 0 0 0 1 0 0 0 1 0 0 0 1 0 0 0 1 0 0 0 1 0 0 0 1 0 0 0 1 0 0 0 1 0 0 0 1 0 0 0 1 0 0 0 1 0 0 0 1 0 0 0 1 0 0 0 1 0 0 0 1 0 0 0 1 0 0 0 1 0 0 0 1 0 0 0 1 0 0 0 1 0 0 0 1 0 0 0 1 0 0 0 1 0 0 0 1 0 0 0 1 0 0 0 1 0 0 0 1 0 0 0 1 0 0 0 1 0 0 0 1 0 0 0 1 0 0 0 1 0 0 0 1 0 0 0 1 0 0 0 1 0 0 0 1 0 0 0 1 0 0 0 1 0 0 0 1 0 0 0 1 0 0 0 1 0 0 0 1 0 0 0 1 0 0 0 1 0 0 0 1 0 0 0 1 0 0 0 1 0 0 0 1 0 0 0 1 0 0 0 1 0 0 0 1 0 0 0 1 0 0 0 1 0 0 0 1 0 0 0 1 0 0 0 1 0 0 0 1 0 0 0 1 0 0 0 1 0 0 0 1 0 0 0 1 0 0 0 1 0 0 0 1 0 0 0 1 0 0 0 1 0 0 0 1 0 0 0 1 0 0 0 1 0 0 0 1 0 0 0 1 0 0 0 1 0 0 0 1 0 0 0 1 0 0 0 1 0 0 0 1 0 0 0 1 0 0 0 1 0 0 0 1 0 0 0 1 0 0 0 1 0 0 0 1 0 0 0 1 0 0 0 1 0 0 0 1 0 0 0 1 0 0 0 1 0 0 0 1 0 0 0 1 0 0 0 1 0 0 0 1 0 0 0 1 0 0 0 1 0 0 0 1 0 0 0 1 0 0 0 1 0 0 0 1 0 0 0 1 0 0 0 1 0 0 0 1 0 0 0 1 0 0 0 1 0 0 0 1 0 0 0 1 0 0 0 1 0 0 0 1 0 0 0 1 0 0 0 1 0 0 0 1 0 0 0 1 0 0 0 1 0 0 0 1 0 0 0 1 0 0 0 1 0 0 0 1 0 0 0 1 0 0 0 1 0 0 0 1 0 0 0 1 0 0 0 1 0 0 0 1 0 0 0 1 0 0 0 1 0 0 0 1 0 0 0 1 0 0 0 1 0 0 0 1 0 0 0 1 0 0 0 1 0 0 0 1 0 0 0 1 0 0 0 1 0 0 0 1 0 0 0 1 0 0 0 1 0 0 0 1 0 0 0 1 0 0 0 1 0 0 0 1 0 0 0 1 0 0 0 1 0 0 0 1 0 0 0 1 0 0 0 1 0 0 0 1 0 0 0 1 0 0 0 1 0 0 0 1 0 0 0 1 0 0 0 1 0 0 0 1 0 0 0 1 0 0 0 1 0 0 0 1 0 0 0 1 0 0 0 1 0 0 0 1 0 0 0 1 0 0 0 1 0 0 0 1 0 0 0 1 0 0 0 1 0 0 0 1 0 0 0 1 0 0 0 1 0 0 0 1 0 0 0 1 0 0 0 1 0 0 0 1 0 0 0 1 0 0 0 1 0 0 0 1 0 0 0 1 0 0 0 1 0 0 0 1 0 0 0 1 0 0 0 1 0 0 0 1 0 0 0 1 0 0 0 1 0 0 0 1 0 0 0 1 0 0 0 1 0 0 0 1 0 0 0 1 0 0 0 1 0 0 0 1 0 0 0 1 0 0 0 1 0 0 0 1 0 0 0 1 0 0 0 1 0 0 0 1 0 0 0 1 0 0 0 1 0 0 0 1 0 0 0 1 0 0 0 1 0 0 0 1 0 0 0 1 0 0 0 1 0 0 0 1 0 0 0 1 0 0 0 1 0 0 0 1 0 0 0 1 0 0 0 1 0 0 0 1 0 0 0 1 0 0 0 1 0 0 0 1 0 0 0 1 0 0 0 1 0 0 0 1 0 0 0 1 0 0 0 1 0 0 0 1 0 0 0 1 0 0 0 1 0 0 0 1 0 0 0 1 0 0 0 1 0 0 0 1 0 0 0 1 0 0 0 1 0 0 0 1 0 0 0 1 0 0 0 1 0 0 0 1 0 0 0 1 0 0 0 1 0 0 0 1 0 0 0 1 0 0 0 1 0 0 0 1 0 0 0 1 0 0 0 1 0 0 0 1 0 0 0 1 0 0 0 1 0 0 0 1 0 0 0 1 0 0 0 1 0 0 0 1 0 0 0 1 0 0 0 1 0 0 0 1 0 0 0 1 0 0 0 1 0 0 0 1 0 0 0 1 0 0 0 1 0 0 0 1 0 0 0 1 0 0 0 1 0 0 0 1 0 0 0 1 0 0 0 1 0 0 0 1 0 0 0 1 0 0 0 1 0 0 0 1 0 0 0 1 0 0 0 1 0 0 0 1 0 0 0 1 0 0 0 1 0 0 0 1 0 0 0 1 0 0 0 1 0 0 0 1 0 0 0 1 0 0 0 1 0 0 0 1 0 0 0 1 0 0 0 1 0 0 0 1 0 0 0 1 0 0 0 1 0 0 0 1 0 0 0 1 0 0 0 1 0 0 0 1 0 0 0 1 0 0 0 1 0 0 0 1 0 0 0 1 0 0 0 1 0 0 0 1 0 0 0 1 0 0 0 1 0 0 0 1 0 0 0 1 0 0 0 1 0 0 0 1 0 0 0 1 0 0 0 1 0 0 0 1 0 0 0 1 0 0 0 1 0 0 0 1 0 0 0 1 0 0 0 1 0 0 0 1 0 0 0 1 0 0 0 1 0 0 0 1 0 0 0 1 0 0 0 1 0 0 0 1 0 0 0 1 0 0 0 1 0 0 0 1 0 0 0 1 0 0 0 1 0 0 0 1 0 0 0 1 0 0 0 1 0 0 0 1 0 0 0 1 0 0 0 1 0 0 0 1 0 0 0 1 0 0 0 1 0 0 0 1 0 0 0 1 0 0 0 1 0 0 0 1 0 0 0 1 0 0 0 1 0 0 0 1 0 0 0 1 0 0 0 1 0 0 0 1 0 0 0 1 0 0 0 1 0 0 0 1 0 0 0 1 0 0 0 1 0 0 0 1 0 0 0 1 0 0 0 1 0 0 0 1 0 0 0 1 0 0 0 1 0 0 0 1 0 0 0 1 0 0 0 1 0 0 0 1 0 0 0 1 0 0 0 1 0 0 0 1 0 0 0 1 0 0 0 1 0 0 0 1 0 0 0 1 0 0 0 1 0 0 0 1 0 0 0 1 0 0 0 1 0 0 0 1 0 0 0 1 0 0 0 1 0 0 0 1 0 0 0 1 0 0 0 1 0 0 0 1 0 0 0 1 0 0 0 1 0 0 0 1 0 0 0 1 0 0 0 1 0 0 0 1 0 0 0 1 0 0 0 1 0 0 0 1 0 0 0 1 0 0 0 1 0 0 0 1 0 0 0 1 0 0 0 1 0 0 0 1 0 0 0 1 0 0 0 1 0 0 0 1 0 0 0 1 0 0 0 1 0 0 0 1 0 0 0 1 0 0 0 1 0 0 0 1 0 0 0 1 0 0 0 1 0 0 0 1 0 0 0 1 0 0 0 1 0 0 0 1 0 0 0 1 0 0 0 1 0 0 0 1 0 0 0 1 0 0 0 1 0 0 0 1 0 0 0 1 0 0 0 1 0 0 0 1 0 0 0 1 0 0 0 1 0 0 0 1 0 0 0 1 0 0 0 1 0 0 0 1 0 0 0 1 0 0 0 1 0 0 0 1 0 0 0 1 0 0 0 1 0 0 0 1 0 0 0 1 0 0 0 1 0 0 0 1 0 0 0 1 0 0 0 1 0 0 0 1 0 0 0 1 0 0 0 1 0 0 0 1 0 0 0 1 0 0 0 1 0 0 0 1 0 0 0 1 0 0 0 1 0 0 0 1 0 0 0 1 0 0 0 1 0 0 0 1 0 0 0 1 0 0 0 1 0 0 0 1 0 0 0 1 0 0 0 1 0 0 0 1 0 0 0 1 0 0 0 1 0 0 0 1 0 0 0 1 0 0 0 1 0 0 0 1 0 0 0 1 0 0 0 1 0 0 0 1 0 0 0 1 0 0 0 1 0 0 0 1 0 0 0 1 0 0 0 1 0 0 0 1 0 0 0 1 0 0 0 1 0 0 0 1 0 0 0 1 0 0 0 1 0 0 0 1 0 0 0 1 0 0 0 1 0 0 0 1 0 0 0 1 0 0 0 1 0 0 0 1 0 0 0 1 0 0 0 1 0 0 0 1 0 0 0 1 0 0 0 1 0 0 0 1 0 0 0 1 0 0 0 1 0 0 0 1 0 0 0 1 0 0 0 1 0 0 0 1 0 0 0 1 0 0 0 1 0 0 0 1 0 0 0 1 0 0 0 1 0 0 0 1 0 0 0 1 0 0 0 1 0 0 0 1 0 0 0 1 0 0 0 1 0 0 0 1 0 0 0 1 0 0 0 1 0 0 0 1 0 0 0 1 0 0 0 1 0 0 0 1 0 0 0 1 0 0 0 1 0 0 0 1 0 0 0 1 0 0 0 1 0 0 0 1 0 0 0 1 0 0 0 1 0 0 0 1 0 0 0 1 0 0 0 1 0 0 0 1 0 0 0 1 0 0 0 1 0 0 0 1 0 0 0 1 0 0 0 1 0 0 0 1 0 0 0 1 0 0 0 1 0 0 0 1 0 0 0 1 0 0 0 1 0 0 0 1 0 0 0 1 0 0 0 1 0 0 0 1 0 0 0 1 0 0 0 1 0 0 0 1 0 0 0 1 0 0 0 1 0 0 0 1 0 0 0 1 0 0 0 1 0 0 0 1 0 0 0 1 0 0 0 1 0 0 0 1 0 0 0 1 0 0 0 1 0 0 0 1 0 0 0 1 0 0 0 1 0 0 0 1 0 0 0 1 0 0 0 1 0 0 0 1 0 0 0 1 0 0 0 1 0 0 0 1 0 0 0 1 0 0 0 1 0 0 0 1 0 0 0 1 0 0 0 1 0 0 0 1 0 0 0 1 0 0 0 1 0 0 0 1 0 0 0 1 0 0 0 1 0 0 0 1 0 0 0 1 0 0 0 1 0 0 0 1 0 0 0 1 0 0 0 1 0 0 0 1 0 0 0 1 0 0 0 1 0 0 0 1 0 0 0 1 0 0 0 1 0 0 0 1 0 0 0 1 0 0 0 1 0 0 0 1 0 0 0 1 0 0 0 1 0 0 0 1 0 0 0 1 0 0 0 1 0 0 0 1 0 0 0 1 0 0 0 1 0 0 0 1 0 0 0 1 0 0 0 1 0 0 0 1 0 0 0 1 0 0 0 1 0 0 0 1 0 0 0 1 0 0 0 1 0 0 0 1 0 0 0 1 0 0 0 1 0 0 0 1 0 0 0 1 0 0 0 1 0 0 0 1 0 0 0 1 0 0 0 1 0 0 0 1 0 0 0 1 0 0 0 1 0 0 0 1 0 0 0 1 0 0 0 1 0 0 0 1 0 0 0 1 0 0 0 1 0 0 0 1 0 0 0 1 0 0 0 1 0 0 0 1 0 0 0 1 0 0 0 1 0 0 0 1 0 0 0 1 0 0 0 1 0 0 0 1 0 0 0 1 0 0 0 1 0 0 0 1 0 0 0 1 0 0 0 1 0 0 0 1 0 0 0 1 0 0 0 1 0 0 0 1 0 0 0 1 0 0 0 1 0 0 0 1 0 0 0 1 0 0 0 1 0 0 0 1 0 0 0 1 0 0 0 1 0 0 0 1 0 0 0 1 0 0 0 1 0 0 0 1 0 0 0 1 0 0 0 1 0 0 0 1 0 0 0 1 0 0 0 1 0 0 0 1 0 0 0 1 0 0 0 1 0 0 0 1 0 0 0 1 0 0 0 1 0 0 0 1 0 0 0 1 0 0 0 1 0 0 0 1 0 0 0 1 0 0 0 1 0 0 0 1 0 0 0 1 0 0 0 1 0 0 0 1 0 0 0 1 0 0 0 1 0 0 0 1 0 0 0 1 0 0 0 1 0 0 0 1 0 0 0 1 0 0 0 1 0 0 0 1 0 0 0 1 0 0 0 1 0 0 0 1 0 0 0 1 0 0 0 1 0 0 0 1 0 0 0 1 0 0 0 1 0 0 0 1 0 0 0 1 0 0 0 1 0 0 0 1 0 0 0 1 0 0 0 1 0 0 0 1 0 0 0 1 0 0 0 1 0 0 0 1 0 0 0 1 0 0 0 1 0 0 0 1 0 0 0 1 0 0 0 1 0 0 0 1 0 0 0 1 0 0 0 1 0 0 0 1 0 0 0 1 0 0 0 1 0 0 0 1 0 0 0 1 0 0 0 1 0 0 0 1 0 0 0 1 0 0 0 1 0 0 0 1 0 0 0 1 0 0 0 1 0 0 0 1 0 0 0 1 0 0 0 1 0 0 0 1 0 0 0 1 0 0 0 1 0 0 0 1 0 0 0 1 0 0 0 1 0 0 0 1 0 0 0 1 0 0 0 1 0 0 0 1 0 0 0 1 0 0 0 1 0 0 0 1 0 0 0 1 0 0 0 1 0 0 0 1 0 0 0 1 0 0 0 1 0 0 0 1 0 0 0 1 0 0 0 1 0 0 0 1 0 0 0 1 0 0 0 1 0 0 0 1 0 0 0 1 0 0 0 1 0 0 0 1 0 0 0 1 0 0 0 1 0 0 0 1 0 0 0 1 0 0 0 1 0 0 0 1 0 0 0 1 0 0 0 1 0 0 0 1 0 0 0 1 0 0 0 1 0 0 0 1 0 0 0 1 0 0 0 1 0 0 0 1 0 0 0 1 0 0 0 1 0 0 0 1 0 0 0 1 0 0 0 1 0 0 0 1 0 0 0 1 0 0 0 1 0 0 0 1 0 0 0 1 0 0 0 1 0 0 0 1 0 0 0 1 0 0 0 1 0 0 0 1 0 0 0 1 0 0 0 1 0 0 0 1 0 0 0 1 0 0 0 1 0 0 0 1 0 0 0 1 0 0 0 1 0 0 0 1 0 0 0 1 0 0 0 1 0 0 0 1 0 0 0 1 0 0 0 1 0 0 0 1 0 0 0 1 0 0 0 1 0 0 0 1 0 0 0 1 0 0 0 1 0 0 0 1 0 0 0 1 0 0 0 1 0 0 0 1 0 0 0 1 0 0 0 1 0 0 0 1 0 0 0 1 0 0 0 1 0 0 0 1 0 0 0 1 0 0 0 1 0 0 0 1 0 0 0 1 0 0 0 1 0 0 0 1 0 0 0 1 0 0 0 1 0 0 0 1 0 0 0 1 0 0 0 1 0 0 0 1 0 0 0 1 0 0 0 1 0 0 0 1 0 0 0 1 0 0 0 1 0 0 0 1 0 0 0 1 0 0 0 1 0 0 0 1 0 0 0 1 0 0 0 1 0 0 0 1 0 0 0 1 0 0 0 1 0 0 0 1 0 0 0 1 0 0 0 1 0 0 0 1 0 0 0 1 0 0 0 1 0 0 0 1 0 0 0 1 0 0 0 1 0 0 0 1 0 0 0 1 0 0 0 1 0 0 0 1 0 0 0 1 0 0 0 1 0 0 0 1 0 0 0 1 0 0 0 1 0 0 0 1 0 0 0 1 0 0 0 1 0 0 0 1 0 0 0 1 0 0 0 1 0 0 0 1 0 0 0 1 0 0 0 1 0 0 0 1 0 0 0 1 0 0 0 1 0 0 0 1 0 0 0 1 0 0 0 1 0 0 0 1 0 0 0 1 0 0 0 1 0 0 0 1 0 0 0 1 0 0 0 1 0 0 0 1 0 0 0 1 0 0 0 1 0 0 0 1 0 0 0 1 0 0 0 1 0 0 0 1 0 0 0 1 0 0 0 1 0 0 0 1 0 0 0 1 0 0 0 1 0 0 0 1 0 0 0 1 0 0 0 1 0 0 0 1 0 0 0 1 0 0 0 1 0 0 0 1 0 0 0 1 0 0 0 1 0 0 0 1 0 0 0 1 0 0 0 1 0 0 0 1 0 0 0 1 0 0 0 1 0 0 0 1 0 0 0 1 0 0 0 1 0 0 0 1 0 0 0 1 0 0 0 1 0 0 0 1 0 0 0 1 0 0 0 1 0 0 0 1 0 0 0 1 0 0 0 1 0 0 0 1 0 0 0 1 0 0 0 1 0 0 0 1 0 0 0 1 0 0 0 1 0 0 0 1 0 0 0 1 0 0 0 1 0 0 0 1 0 0 0 1 0 0 0 1 0 0 0 1 0 0 0 1 0 0 0 1 0 0 0 1 0 0 0 1 0 0 0 1 0 0 0 1 0 0 0 1 0 0 0 1 0 0 0 1 0 0 0 1 0 0 0 1 0 0 0 1 0 0 0 1 0 0 0 1 0 0 0 1 0 0 0 1 0 0 0 1 0 0 0 1 0 0 0 1 0 0 0 1 0 0 0 1 0 0 0 1 0 0 0 1 0 0 0 1 0 0 0 1 0 0 0 1 0 0 0 1 0 0 0 1 0 0 0 1 0 0 0 1 0 0 0 1 0 0 0 1 0 0 0 1 0 0 0 1 0 0 0 1 0 0 0 1 0 0 0 1 0 0 0 1 0 0 0 1 0 0 0 1 0 0 0 1 0 0 0 1 0 0 0 1 0 0 0 1 0 0 0 1 0 0 0 1 0 0 0 1 0 0 0 1 0 0 0 1 0 0 0 1 0 0 0 1 0 0 0 1 0 0 0 1 0 0 0 1 0 0 0 1 0 0 0 1 0 0 0 1 0 0 0 1 0 0 0 1 0 0 0 1 0 0 0 1 0 0 0 1 0 0 0 1 0 0 0 1 0 0 0 1 0 0 0 1 0 0 0 1 0 0 0 1 0 0 0 1 0 0 0 1 0 0 0 1 0 0 0 1 0 0 0 1 0 0 0 1 0 0 0 1 0 0 0 1 0 0 0 1 0 0 0 1 0 0 0 1 0 0 0 1 0 0 0 1 0 0 0 1 0 0 0 1 0 0 0 1 0 0 0 1 0 0 0 1 0 0 0 1 0 0 0 1</float_array>
          <technique_common>
            <accessor source="#s_slopgear_sign-mesh-colors-Attribute-array" count="7221" stride="4">
              <param name="R" type="float"/>
              <param name="G" type="float"/>
              <param name="B" type="float"/>
              <param name="A" type="float"/>
            </accessor>
          </technique_common>
        </source>
        <vertices id="s_slopgear_sign-mesh-vertices">
          <input semantic="POSITION" source="#s_slopgear_sign-mesh-positions"/>
        </vertices>
        <triangles material="m_metal_new_01-material" count="2407">
          <input semantic="VERTEX" source="#s_slopgear_sign-mesh-vertices" offset="0"/>
          <input semantic="NORMAL" source="#s_slopgear_sign-mesh-normals" offset="1"/>
          <input semantic="TEXCOORD" source="#s_slopgear_sign-mesh-map-0" offset="2" set="0"/>
          <input semantic="COLOR" source="#s_slopgear_sign-mesh-colors-Attribute" offset="3" set="0"/>
          <p>235 0 0 0 185 0 1 1 190 0 2 2 122 0 3 3 123 0 4 4 167 0 5 5 123 0 6 6 166 0 7 7 167 0 8 8 417 0 9 9 418 0 10 10 366 0 11 11 231 0 12 12 168 0 13 13 169 0 14 14 230 0 15 15 231 0 16 16 242 0 17 17 231 0 18 18 169 0 19 19 242 0 20 20 170 0 21 21 242 0 22 22 169 0 23 23 242 0 24 24 170 0 25 25 171 0 26 26 171 0 27 27 241 0 28 28 242 0 29 29 239 0 30 30 240 0 31 31 172 0 32 32 240 0 33 33 241 0 34 34 172 0 35 35 241 0 36 36 171 0 37 37 172 0 38 38 238 0 39 39 239 0 40 40 173 0 41 41 172 0 42 42 173 0 43 43 239 0 44 44 237 0 45 45 238 0 46 46 175 0 47 47 238 0 48 48 173 0 49 49 174 0 50 50 174 0 51 51 175 0 52 52 238 0 53 53 175 0 54 54 176 0 55 55 237 0 56 56 176 0 57 57 177 0 58 58 183 0 59 59 177 0 60 60 182 0 61 61 183 0 62 62 178 0 63 63 179 0 64 64 182 0 65 65 177 0 66 66 178 0 67 67 182 0 68 68 237 0 69 69 176 0 70 70 183 0 71 71 179 0 72 72 180 0 73 73 181 0 74 74 181 0 75 75 182 0 76 76 179 0 77 77 704 0 78 78 705 0 79 79 703 0 80 80 703 0 81 81 705 0 82 82 734 0 83 83 733 0 84 84 734 0 85 85 706 0 86 86 732 0 87 87 733 0 88 88 709 0 89 89 731 0 90 90 732 0 91 91 710 0 92 92 730 0 93 93 731 0 94 94 728 0 95 95 726 0 96 96 727 0 97 97 728 0 98 98 726 0 99 99 728 0 100 100 725 0 101 101 724 0 102 102 725 0 103 103 710 0 104 104 725 0 105 105 728 0 106 106 710 0 107 107 728 0 108 108 729 0 109 109 730 0 110 110 723 0 111 111 724 0 112 112 710 0 113 113 728 0 114 114 731 0 115 115 710 0 116 116 722 0 117 117 723 0 118 118 710 0 119 119 734 0 120 120 705 0 121 121 706 0 122 122 733 0 123 123 706 0 124 124 707 0 125 125 733 0 126 126 708 0 127 127 709 0 128 128 733 0 129 129 707 0 130 130 708 0 131 131 719 0 132 132 720 0 133 133 711 0 134 134 720 0 135 135 721 0 136 136 711 0 137 137 717 0 138 138 718 0 139 139 713 0 140 140 718 0 141 141 719 0 142 142 712 0 143 143 721 0 144 144 722 0 145 145 711 0 146 146 719 0 147 147 711 0 148 148 712 0 149 149 711 0 150 150 722 0 151 151 710 0 152 152 710 0 153 153 732 0 154 154 709 0 155 155 718 0 156 156 712 0 157 157 713 0 158 158 716 0 159 159 717 0 160 160 715 0 161 161 717 0 162 162 713 0 163 163 714 0 164 164 714 0 165 165 715 0 166 166 717 0 167 167 215 0 168 168 216 0 169 169 208 0 170 170 208 0 171 171 216 0 172 172 207 0 173 173 216 0 174 174 217 0 175 175 206 0 176 176 217 0 177 177 218 0 178 178 206 0 179 179 207 0 180 180 216 0 181 181 206 0 182 182 214 0 183 183 215 0 184 184 208 0 185 185 213 0 186 186 214 0 187 187 210 0 188 188 211 0 189 189 212 0 190 190 213 0 191 191 211 0 192 192 213 0 193 193 210 0 194 194 218 0 195 195 219 0 196 196 204 0 197 197 219 0 198 198 220 0 199 199 203 0 200 200 206 0 201 201 218 0 202 202 205 0 203 203 221 0 204 204 222 0 205 205 232 0 206 206 222 0 207 207 223 0 208 208 232 0 209 209 214 0 210 210 208 0 211 211 210 0 212 212 209 0 213 213 210 0 214 214 208 0 215 215 205 0 216 216 218 0 217 217 204 0 218 218 204 0 219 219 219 0 220 220 203 0 221 221 199 0 222 222 200 0 223 223 195 0 224 224 200 0 225 225 201 0 226 226 194 0 227 227 201 0 228 228 202 0 229 229 193 0 230 230 193 0 231 231 202 0 232 232 192 0 233 233 194 0 234 234 201 0 235 235 193 0 236 236 200 0 237 237 194 0 238 238 195 0 239 239 202 0 240 240 203 0 241 241 191 0 242 242 198 0 243 243 199 0 244 244 196 0 245 245 196 0 246 246 197 0 247 247 198 0 248 248 195 0 249 249 196 0 250 250 199 0 251 251 191 0 252 252 192 0 253 253 202 0 254 254 190 0 255 255 191 0 256 256 203 0 257 257 203 0 258 258 220 0 259 259 190 0 260 260 220 0 261 261 221 0 262 262 233 0 263 263 190 0 264 264 220 0 265 265 235 0 266 266 221 0 267 267 232 0 268 268 233 0 269 269 188 0 270 270 189 0 271 271 185 0 272 272 189 0 273 273 190 0 274 274 185 0 275 275 234 0 276 276 220 0 277 277 233 0 278 278 223 0 279 279 224 0 280 280 232 0 281 281 220 0 282 282 234 0 283 283 235 0 284 284 187 0 285 285 188 0 286 286 186 0 287 287 224 0 288 288 225 0 289 289 232 0 290 290 184 0 291 291 185 0 292 292 235 0 293 293 183 0 294 294 184 0 295 295 235 0 296 296 185 0 297 297 186 0 298 298 188 0 299 299 226 0 300 300 227 0 301 301 244 0 302 302 227 0 303 303 228 0 304 304 244 0 305 305 225 0 306 306 226 0 307 307 244 0 308 308 232 0 309 309 225 0 310 310 244 0 311 311 183 0 312 312 235 0 313 313 236 0 314 314 230 0 315 315 242 0 316 316 229 0 317 317 242 0 318 318 243 0 319 319 229 0 320 320 243 0 321 321 244 0 322 322 229 0 323 323 229 0 324 324 244 0 325 325 228 0 326 326 237 0 327 327 183 0 328 328 236 0 329 329 671 0 330 330 672 0 331 331 689 0 332 332 673 0 333 333 674 0 334 334 688 0 335 335 674 0 336 336 675 0 337 337 688 0 338 338 672 0 339 339 673 0 340 340 689 0 341 341 689 0 342 342 673 0 343 343 688 0 344 344 671 0 345 345 689 0 346 346 670 0 347 347 668 0 348 348 669 0 349 349 689 0 350 350 669 0 351 351 670 0 352 352 689 0 353 353 666 0 354 354 667 0 355 355 690 0 356 356 667 0 357 357 668 0 358 358 689 0 359 359 665 0 360 360 666 0 361 361 690 0 362 362 662 0 363 363 663 0 364 364 693 0 365 365 663 0 366 366 664 0 367 367 692 0 368 368 664 0 369 369 665 0 370 370 691 0 371 371 693 0 372 372 694 0 373 373 662 0 374 374 693 0 375 375 663 0 376 376 692 0 377 377 667 0 378 378 689 0 379 379 690 0 380 380 675 0 381 381 676 0 382 382 687 0 383 383 688 0 384 384 675 0 385 385 687 0 386 386 692 0 387 387 664 0 388 388 691 0 389 389 691 0 390 390 665 0 391 391 690 0 392 392 677 0 393 393 686 0 394 394 676 0 395 395 677 0 396 396 678 0 397 397 685 0 398 398 687 0 399 399 676 0 400 400 686 0 401 401 678 0 402 402 679 0 403 403 684 0 404 404 685 0 405 405 678 0 406 406 684 0 407 407 686 0 408 408 677 0 409 409 685 0 410 410 684 0 411 411 679 0 412 412 683 0 413 413 680 0 414 414 681 0 415 415 682 0 416 416 679 0 417 417 680 0 418 418 683 0 419 419 683 0 420 420 680 0 421 421 682 0 422 422 682 0 423 423 681 0 424 424 702 0 425 425 681 0 426 426 644 0 427 427 702 0 428 428 736 0 429 429 737 0 430 430 802 0 431 431 737 0 432 432 738 0 433 433 802 0 434 434 738 0 435 435 739 0 436 436 802 0 437 437 806 0 438 438 735 0 439 439 803 0 440 440 735 0 441 441 736 0 442 442 803 0 443 443 803 0 444 444 736 0 445 445 802 0 446 446 740 0 447 447 741 0 448 448 742 0 449 449 742 0 450 450 743 0 451 451 801 0 452 452 739 0 453 453 740 0 454 454 742 0 455 455 803 0 456 456 804 0 457 457 806 0 458 458 804 0 459 459 805 0 460 460 806 0 461 461 739 0 462 462 742 0 463 463 802 0 464 464 743 0 465 465 744 0 466 466 801 0 467 467 745 0 468 468 800 0 469 469 744 0 470 470 800 0 471 471 746 0 472 472 747 0 473 473 745 0 474 474 746 0 475 475 800 0 476 476 747 0 477 477 748 0 478 478 799 0 479 479 748 0 480 480 749 0 481 481 798 0 482 482 749 0 483 483 750 0 484 484 797 0 485 485 750 0 486 486 751 0 487 487 796 0 488 488 751 0 489 489 752 0 490 490 795 0 491 491 795 0 492 492 752 0 493 493 754 0 494 494 752 0 495 495 753 0 496 496 754 0 497 497 749 0 498 498 797 0 499 499 798 0 500 500 747 0 501 501 799 0 502 502 800 0 503 503 801 0 504 504 802 0 505 505 742 0 506 506 799 0 507 507 748 0 508 508 798 0 509 509 800 0 510 510 801 0 511 511 744 0 512 512 795 0 513 513 754 0 514 514 755 0 515 515 795 0 516 516 755 0 517 517 794 0 518 518 755 0 519 519 756 0 520 520 757 0 521 521 758 0 522 522 759 0 523 523 793 0 524 524 757 0 525 525 758 0 526 526 793 0 527 527 755 0 528 528 757 0 529 529 793 0 530 530 759 0 531 531 760 0 532 532 792 0 533 533 797 0 534 534 750 0 535 535 796 0 536 536 760 0 537 537 761 0 538 538 792 0 539 539 795 0 540 540 796 0 541 541 751 0 542 542 794 0 543 543 755 0 544 544 793 0 545 545 793 0 546 546 759 0 547 547 792 0 548 548 792 0 549 549 761 0 550 550 791 0 551 551 791 0 552 552 761 0 553 553 789 0 554 554 790 0 555 555 791 0 556 556 789 0 557 557 788 0 558 558 789 0 559 559 761 0 560 560 788 0 561 561 761 0 562 562 787 0 563 563 761 0 564 564 762 0 565 565 785 0 566 566 786 0 567 567 761 0 568 568 785 0 569 569 761 0 570 570 786 0 571 571 787 0 572 572 762 0 573 573 763 0 574 574 784 0 575 575 785 0 576 576 762 0 577 577 784 0 578 578 784 0 579 579 763 0 580 580 783 0 581 581 763 0 582 582 764 0 583 583 783 0 584 584 781 0 585 585 782 0 586 586 765 0 587 587 782 0 588 588 783 0 589 589 764 0 590 590 782 0 591 591 764 0 592 592 765 0 593 593 780 0 594 594 781 0 595 595 765 0 596 596 780 0 597 597 765 0 598 598 766 0 599 599 780 0 600 600 766 0 601 601 778 0 602 602 780 0 603 603 778 0 604 604 779 0 605 605 766 0 606 606 767 0 607 607 777 0 608 608 767 0 609 609 768 0 610 610 775 0 611 611 769 0 612 612 770 0 613 613 772 0 614 614 770 0 615 615 771 0 616 616 772 0 617 617 768 0 618 618 769 0 619 619 774 0 620 620 772 0 621 621 773 0 622 622 769 0 623 623 773 0 624 624 774 0 625 625 769 0 626 626 774 0 627 627 775 0 628 628 768 0 629 629 778 0 630 630 766 0 631 631 777 0 632 632 777 0 633 633 767 0 634 634 776 0 635 635 767 0 636 636 775 0 637 637 776 0 638 638 463 0 639 639 464 0 640 640 426 0 641 641 464 0 642 642 465 0 643 643 426 0 644 644 426 0 645 645 465 0 646 646 467 0 647 647 465 0 648 648 466 0 649 649 467 0 650 650 462 0 651 651 463 0 652 652 468 0 653 653 463 0 654 654 426 0 655 655 427 0 656 656 427 0 657 657 468 0 658 658 463 0 659 659 468 0 660 660 469 0 661 661 461 0 662 662 462 0 663 663 468 0 664 664 461 0 665 665 469 0 666 666 470 0 667 667 444 0 668 668 470 0 669 669 471 0 670 670 443 0 671 671 443 0 672 672 444 0 673 673 470 0 674 674 461 0 675 675 469 0 676 676 460 0 677 677 460 0 678 678 469 0 679 679 459 0 680 680 469 0 681 681 444 0 682 682 445 0 683 683 469 0 684 684 445 0 685 685 446 0 686 686 458 0 687 687 459 0 688 688 469 0 689 689 469 0 690 690 446 0 691 691 458 0 692 692 458 0 693 693 446 0 694 694 449 0 695 695 456 0 696 696 457 0 697 697 449 0 698 698 457 0 699 699 458 0 700 700 449 0 701 701 446 0 702 702 447 0 703 703 448 0 704 704 448 0 705 705 449 0 706 706 446 0 707 707 449 0 708 708 450 0 709 709 456 0 710 710 456 0 711 711 450 0 712 712 455 0 713 713 450 0 714 714 451 0 715 715 455 0 716 716 454 0 717 717 455 0 718 718 451 0 719 719 451 0 720 720 452 0 721 721 454 0 722 722 452 0 723 723 453 0 724 724 454 0 725 725 637 0 726 726 638 0 727 727 604 0 728 728 638 0 729 729 639 0 730 730 595 0 731 731 639 0 732 732 640 0 733 733 595 0 734 734 596 0 735 735 638 0 736 736 595 0 737 737 604 0 738 738 596 0 739 739 598 0 740 740 603 0 741 741 604 0 742 742 602 0 743 743 604 0 744 744 638 0 745 745 596 0 746 746 604 0 747 747 599 0 748 748 602 0 749 749 599 0 750 750 604 0 751 751 598 0 752 752 600 0 753 753 601 0 754 754 599 0 755 755 599 0 756 756 601 0 757 757 602 0 758 758 640 0 759 759 641 0 760 760 594 0 761 761 597 0 762 762 598 0 763 763 596 0 764 764 641 0 765 765 642 0 766 766 593 0 767 767 595 0 768 768 640 0 769 769 594 0 770 770 641 0 771 771 593 0 772 772 594 0 773 773 592 0 774 774 593 0 775 775 642 0 776 776 631 0 777 777 591 0 778 778 642 0 779 779 592 0 780 780 642 0 781 781 591 0 782 782 630 0 783 783 631 0 784 784 642 0 785 785 630 0 786 786 642 0 787 787 643 0 788 788 629 0 789 789 630 0 790 790 643 0 791 791 628 0 792 792 629 0 793 793 632 0 794 794 632 0 795 795 629 0 796 796 643 0 797 797 632 0 798 798 633 0 799 799 628 0 800 800 627 0 801 801 628 0 802 802 633 0 803 803 627 0 804 804 633 0 805 805 634 0 806 806 634 0 807 807 635 0 808 808 626 0 809 809 627 0 810 810 634 0 811 811 626 0 812 812 635 0 813 813 636 0 814 814 606 0 815 815 636 0 816 816 637 0 817 817 605 0 818 818 605 0 819 819 637 0 820 820 604 0 821 821 625 0 822 822 626 0 823 823 635 0 824 824 625 0 825 825 635 0 826 826 608 0 827 827 623 0 828 828 624 0 829 829 615 0 830 830 624 0 831 831 625 0 832 832 614 0 833 833 636 0 834 834 605 0 835 835 606 0 836 836 635 0 837 837 606 0 838 838 607 0 839 839 608 0 840 840 635 0 841 841 607 0 842 842 622 0 843 843 623 0 844 844 621 0 845 845 616 0 846 846 621 0 847 847 623 0 848 848 625 0 849 849 608 0 850 850 613 0 851 851 621 0 852 852 616 0 853 853 617 0 854 854 620 0 855 855 621 0 856 856 617 0 857 857 618 0 858 858 620 0 859 859 617 0 860 860 625 0 861 861 613 0 862 862 614 0 863 863 610 0 864 864 611 0 865 865 612 0 866 866 609 0 867 867 610 0 868 868 608 0 869 869 620 0 870 870 618 0 871 871 619 0 872 872 610 0 873 873 612 0 874 874 613 0 875 875 608 0 876 876 610 0 877 877 613 0 878 878 614 0 879 879 615 0 880 880 624 0 881 881 615 0 882 882 616 0 883 883 623 0 884 884 653 0 885 885 654 0 886 886 655 0 887 887 652 0 888 888 653 0 889 889 655 0 890 890 651 0 891 891 652 0 892 892 698 0 893 893 652 0 894 894 655 0 895 895 698 0 896 896 655 0 897 897 656 0 898 898 697 0 899 899 698 0 900 900 655 0 901 901 697 0 902 902 650 0 903 903 651 0 904 904 698 0 905 905 656 0 906 906 657 0 907 907 697 0 908 908 649 0 909 909 650 0 910 910 699 0 911 911 697 0 912 912 657 0 913 913 696 0 914 914 658 0 915 915 659 0 916 916 695 0 917 917 658 0 918 918 695 0 919 919 657 0 920 920 650 0 921 921 698 0 922 922 699 0 923 923 657 0 924 924 695 0 925 925 696 0 926 926 659 0 927 927 660 0 928 928 695 0 929 929 660 0 930 930 661 0 931 931 695 0 932 932 661 0 933 933 662 0 934 934 694 0 935 935 695 0 936 936 661 0 937 937 694 0 938 938 647 0 939 939 648 0 940 940 700 0 941 941 648 0 942 942 649 0 943 943 700 0 944 944 646 0 945 945 647 0 946 946 702 0 947 947 645 0 948 948 646 0 949 949 702 0 950 950 644 0 951 951 645 0 952 952 702 0 953 953 701 0 954 954 702 0 955 955 647 0 956 956 700 0 957 957 701 0 958 958 647 0 959 959 699 0 960 960 700 0 961 961 649 0 962 962 45 0 963 963 46 0 964 964 51 0 965 965 46 0 966 966 47 0 967 967 51 0 968 968 47 0 969 969 48 0 970 970 50 0 971 971 49 0 972 972 50 0 973 973 48 0 974 974 50 0 975 975 51 0 976 976 47 0 977 977 45 0 978 978 51 0 979 979 52 0 980 980 44 0 981 981 45 0 982 982 52 0 983 983 44 0 984 984 52 0 985 985 43 0 986 986 52 0 987 987 53 0 988 988 40 0 989 989 43 0 990 990 52 0 991 991 40 0 992 992 42 0 993 993 43 0 994 994 41 0 995 995 43 0 996 996 40 0 997 997 41 0 998 998 53 0 999 999 54 0 1000 1000 55 0 1001 1001 56 0 1002 1002 57 0 1003 1003 36 0 1004 1004 55 0 1005 1005 56 0 1006 1006 37 0 1007 1007 55 0 1008 1008 37 0 1009 1009 53 0 1010 1010 40 0 1011 1011 53 0 1012 1012 39 0 1013 1013 39 0 1014 1014 53 0 1015 1015 37 0 1016 1016 37 0 1017 1017 38 0 1018 1018 39 0 1019 1019 37 0 1020 1020 56 0 1021 1021 36 0 1022 1022 35 0 1023 1023 36 0 1024 1024 57 0 1025 1025 35 0 1026 1026 57 0 1027 1027 34 0 1028 1028 34 0 1029 1029 57 0 1030 1030 58 0 1031 1031 32 0 1032 1032 33 0 1033 1033 34 0 1034 1034 31 0 1035 1035 32 0 1036 1036 34 0 1037 1037 30 0 1038 1038 31 0 1039 1039 10 0 1040 1040 34 0 1041 1041 58 0 1042 1042 31 0 1043 1043 58 0 1044 1044 0 0 1045 1045 31 0 1046 1046 28 0 1047 1047 29 0 1048 1048 11 0 1049 1049 29 0 1050 1050 30 0 1051 1051 10 0 1052 1052 10 0 1053 1053 31 0 1054 1054 0 0 1055 1055 27 0 1056 1056 28 0 1057 1057 11 0 1058 1058 11 0 1059 1059 29 0 1060 1060 10 0 1061 1061 0 0 1062 1062 1 0 1063 1063 10 0 1064 1064 27 0 1065 1065 11 0 1066 1066 26 0 1067 1067 25 0 1068 1068 26 0 1069 1069 24 0 1070 1070 2 0 1071 1071 3 0 1072 1072 9 0 1073 1073 2 0 1074 1074 9 0 1075 1075 1 0 1076 1076 9 0 1077 1077 3 0 1078 1078 8 0 1079 1079 3 0 1080 1080 4 0 1081 1081 7 0 1082 1082 3 0 1083 1083 7 0 1084 1084 8 0 1085 1085 4 0 1086 1086 5 0 1087 1087 6 0 1088 1088 22 0 1089 1089 23 0 1090 1090 14 0 1091 1091 23 0 1092 1092 24 0 1093 1093 13 0 1094 1094 14 0 1095 1095 23 0 1096 1096 13 0 1097 1097 21 0 1098 1098 22 0 1099 1099 14 0 1100 1100 15 0 1101 1101 21 0 1102 1102 14 0 1103 1103 7 0 1104 1104 4 0 1105 1105 6 0 1106 1106 20 0 1107 1107 21 0 1108 1108 15 0 1109 1109 19 0 1110 1110 20 0 1111 1111 15 0 1112 1112 18 0 1113 1113 19 0 1114 1114 15 0 1115 1115 1 0 1116 1116 9 0 1117 1117 10 0 1118 1118 26 0 1119 1119 11 0 1120 1120 24 0 1121 1121 18 0 1122 1122 15 0 1123 1123 16 0 1124 1124 16 0 1125 1125 17 0 1126 1126 18 0 1127 1127 12 0 1128 1128 13 0 1129 1129 24 0 1130 1130 12 0 1131 1131 24 0 1132 1132 11 0 1133 1133 246 0 1134 1134 290 0 1135 1135 281 0 1136 1136 290 0 1137 1137 286 0 1138 1138 279 0 1139 1139 281 0 1140 1140 290 0 1141 1141 280 0 1142 1142 286 0 1143 1143 287 0 1144 1144 263 0 1145 1145 263 0 1146 1146 287 0 1147 1147 262 0 1148 1148 280 0 1149 1149 290 0 1150 1150 279 0 1151 1151 245 0 1152 1152 246 0 1153 1153 281 0 1154 1154 285 0 1155 1155 245 0 1156 1156 283 0 1157 1157 284 0 1158 1158 285 0 1159 1159 283 0 1160 1160 282 0 1161 1161 283 0 1162 1162 245 0 1163 1163 281 0 1164 1164 282 0 1165 1165 245 0 1166 1166 287 0 1167 1167 288 0 1168 1168 261 0 1169 1169 288 0 1170 1170 289 0 1171 1171 247 0 1172 1172 247 0 1173 1173 289 0 1174 1174 246 0 1175 1175 289 0 1176 1176 290 0 1177 1177 246 0 1178 1178 247 0 1179 1179 248 0 1180 1180 288 0 1181 1181 248 0 1182 1182 249 0 1183 1183 288 0 1184 1184 288 0 1185 1185 249 0 1186 1186 250 0 1187 1187 288 0 1188 1188 250 0 1189 1189 260 0 1190 1190 251 0 1191 1191 252 0 1192 1192 259 0 1193 1193 252 0 1194 1194 253 0 1195 1195 259 0 1196 1196 250 0 1197 1197 251 0 1198 1198 259 0 1199 1199 260 0 1200 1200 250 0 1201 1201 259 0 1202 1202 288 0 1203 1203 260 0 1204 1204 261 0 1205 1205 253 0 1206 1206 254 0 1207 1207 257 0 1208 1208 253 0 1209 1209 257 0 1210 1210 259 0 1211 1211 256 0 1212 1212 257 0 1213 1213 254 0 1214 1214 257 0 1215 1215 258 0 1216 1216 259 0 1217 1217 254 0 1218 1218 255 0 1219 1219 256 0 1220 1220 261 0 1221 1221 262 0 1222 1222 287 0 1223 1223 286 0 1224 1224 263 0 1225 1225 264 0 1226 1226 286 0 1227 1227 264 0 1228 1228 265 0 1229 1229 279 0 1230 1230 286 0 1231 1231 278 0 1232 1232 286 0 1233 1233 265 0 1234 1234 276 0 1235 1235 278 0 1236 1236 286 0 1237 1237 277 0 1238 1238 277 0 1239 1239 286 0 1240 1240 276 0 1241 1241 276 0 1242 1242 265 0 1243 1243 268 0 1244 1244 267 0 1245 1245 268 0 1246 1246 265 0 1247 1247 265 0 1248 1248 266 0 1249 1249 267 0 1250 1250 274 0 1251 1251 275 0 1252 1252 268 0 1253 1253 275 0 1254 1254 276 0 1255 1255 268 0 1256 1256 268 0 1257 1257 269 0 1258 1258 274 0 1259 1259 269 0 1260 1260 270 0 1261 1261 273 0 1262 1262 273 0 1263 1263 274 0 1264 1264 269 0 1265 1265 272 0 1266 1266 273 0 1267 1267 270 0 1268 1268 270 0 1269 1269 271 0 1270 1270 272 0 1271 1271 416 0 1272 1272 417 0 1273 1273 366 0 1274 1274 415 0 1275 1275 416 0 1276 1276 367 0 1277 1277 413 0 1278 1278 414 0 1279 1279 401 0 1280 1280 416 0 1281 1281 366 0 1282 1282 367 0 1283 1283 412 0 1284 1284 413 0 1285 1285 402 0 1286 1286 413 0 1287 1287 401 0 1288 1288 402 0 1289 1289 401 0 1290 1290 414 0 1291 1291 415 0 1292 1292 415 0 1293 1293 367 0 1294 1294 368 0 1295 1295 415 0 1296 1296 368 0 1297 1297 369 0 1298 1298 415 0 1299 1299 369 0 1300 1300 372 0 1301 1301 369 0 1302 1302 370 0 1303 1303 371 0 1304 1304 372 0 1305 1305 369 0 1306 1306 371 0 1307 1307 415 0 1308 1308 372 0 1309 1309 401 0 1310 1310 401 0 1311 1311 372 0 1312 1312 385 0 1313 1313 412 0 1314 1314 403 0 1315 1315 404 0 1316 1316 372 0 1317 1317 373 0 1318 1318 385 0 1319 1319 373 0 1320 1320 374 0 1321 1321 384 0 1322 1322 412 0 1323 1323 402 0 1324 1324 403 0 1325 1325 424 0 1326 1326 425 0 1327 1327 410 0 1328 1328 425 0 1329 1329 412 0 1330 1330 406 0 1331 1331 374 0 1332 1332 375 0 1333 1333 384 0 1334 1334 375 0 1335 1335 376 0 1336 1336 383 0 1337 1337 376 0 1338 1338 377 0 1339 1339 382 0 1340 1340 352 0 1341 1341 423 0 1342 1342 411 0 1343 1343 380 0 1344 1344 378 0 1345 1345 379 0 1346 1346 377 0 1347 1347 378 0 1348 1348 380 0 1349 1349 377 0 1350 1350 380 0 1351 1351 381 0 1352 1352 383 0 1353 1353 376 0 1354 1354 382 0 1355 1355 375 0 1356 1356 383 0 1357 1357 384 0 1358 1358 377 0 1359 1359 381 0 1360 1360 382 0 1361 1361 373 0 1362 1362 384 0 1363 1363 385 0 1364 1364 385 0 1365 1365 386 0 1366 1366 400 0 1367 1367 400 0 1368 1368 386 0 1369 1369 399 0 1370 1370 387 0 1371 1371 388 0 1372 1372 397 0 1373 1373 396 0 1374 1374 389 0 1375 1375 395 0 1376 1376 389 0 1377 1377 396 0 1378 1378 388 0 1379 1379 386 0 1380 1380 387 0 1381 1381 399 0 1382 1382 420 0 1383 1383 421 0 1384 1384 355 0 1385 1385 421 0 1386 1386 422 0 1387 1387 355 0 1388 1388 419 0 1389 1389 420 0 1390 1390 356 0 1391 1391 419 0 1392 1392 356 0 1393 1393 357 0 1394 1394 365 0 1395 1395 366 0 1396 1396 360 0 1397 1397 366 0 1398 1398 418 0 1399 1399 359 0 1400 1400 418 0 1401 1401 419 0 1402 1402 358 0 1403 1403 364 0 1404 1404 365 0 1405 1405 362 0 1406 1406 362 0 1407 1407 363 0 1408 1408 364 0 1409 1409 365 0 1410 1410 360 0 1411 1411 361 0 1412 1412 360 0 1413 1413 366 0 1414 1414 359 0 1415 1415 359 0 1416 1416 418 0 1417 1417 358 0 1418 1418 361 0 1419 1419 362 0 1420 1420 365 0 1421 1421 357 0 1422 1422 358 0 1423 1423 419 0 1424 1424 422 0 1425 1425 423 0 1426 1426 354 0 1427 1427 355 0 1428 1428 422 0 1429 1429 354 0 1430 1430 356 0 1431 1431 420 0 1432 1432 355 0 1433 1433 354 0 1434 1434 423 0 1435 1435 353 0 1436 1436 353 0 1437 1437 423 0 1438 1438 352 0 1439 1439 423 0 1440 1440 424 0 1441 1441 410 0 1442 1442 389 0 1443 1443 390 0 1444 1444 391 0 1445 1445 395 0 1446 1446 389 0 1447 1447 391 0 1448 1448 385 0 1449 1449 400 0 1450 1450 401 0 1451 1451 411 0 1452 1452 423 0 1453 1453 410 0 1454 1454 395 0 1455 1455 391 0 1456 1456 394 0 1457 1457 391 0 1458 1458 392 0 1459 1459 394 0 1460 1460 411 0 1461 1461 351 0 1462 1462 352 0 1463 1463 393 0 1464 1464 394 0 1465 1465 392 0 1466 1466 410 0 1467 1467 425 0 1468 1468 409 0 1469 1469 387 0 1470 1470 397 0 1471 1471 398 0 1472 1472 387 0 1473 1473 398 0 1474 1474 399 0 1475 1475 409 0 1476 1476 425 0 1477 1477 408 0 1478 1478 388 0 1479 1479 396 0 1480 1480 397 0 1481 1481 425 0 1482 1482 407 0 1483 1483 408 0 1484 1484 407 0 1485 1485 425 0 1486 1486 406 0 1487 1487 405 0 1488 1488 406 0 1489 1489 412 0 1490 1490 405 0 1491 1491 412 0 1492 1492 404 0 1493 1493 64 0 1494 1494 65 0 1495 1495 66 0 1496 1496 63 0 1497 1497 64 0 1498 1498 62 0 1499 1499 64 0 1500 1500 66 0 1501 1501 113 0 1502 1502 66 0 1503 1503 67 0 1504 1504 112 0 1505 1505 111 0 1506 1506 67 0 1507 1507 68 0 1508 1508 61 0 1509 1509 62 0 1510 1510 113 0 1511 1511 113 0 1512 1512 62 0 1513 1513 64 0 1514 1514 60 0 1515 1515 61 0 1516 1516 113 0 1517 1517 59 0 1518 1518 60 0 1519 1519 115 0 1520 1520 67 0 1521 1521 111 0 1522 1522 112 0 1523 1523 68 0 1524 1524 69 0 1525 1525 111 0 1526 1526 69 0 1527 1527 70 0 1528 1528 111 0 1529 1529 70 0 1530 1530 71 0 1531 1531 110 0 1532 1532 111 0 1533 1533 70 0 1534 1534 110 0 1535 1535 71 0 1536 1536 72 0 1537 1537 110 0 1538 1538 72 0 1539 1539 73 0 1540 1540 109 0 1541 1541 73 0 1542 1542 74 0 1543 1543 108 0 1544 1544 60 0 1545 1545 113 0 1546 1546 114 0 1547 1547 117 0 1548 1548 118 0 1549 1549 116 0 1550 1550 118 0 1551 1551 59 0 1552 1552 116 0 1553 1553 60 0 1554 1554 114 0 1555 1555 115 0 1556 1556 109 0 1557 1557 73 0 1558 1558 108 0 1559 1559 115 0 1560 1560 116 0 1561 1561 59 0 1562 1562 110 0 1563 1563 72 0 1564 1564 109 0 1565 1565 112 0 1566 1566 113 0 1567 1567 66 0 1568 1568 74 0 1569 1569 75 0 1570 1570 107 0 1571 1571 75 0 1572 1572 76 0 1573 1573 106 0 1574 1574 76 0 1575 1575 77 0 1576 1576 104 0 1577 1577 77 0 1578 1578 78 0 1579 1579 104 0 1580 1580 78 0 1581 1581 79 0 1582 1582 103 0 1583 1583 104 0 1584 1584 78 0 1585 1585 103 0 1586 1586 80 0 1587 1587 81 0 1588 1588 79 0 1589 1589 108 0 1590 1590 74 0 1591 1591 107 0 1592 1592 106 0 1593 1593 107 0 1594 1594 75 0 1595 1595 79 0 1596 1596 81 0 1597 1597 103 0 1598 1598 104 0 1599 1599 105 0 1600 1600 76 0 1601 1601 105 0 1602 1602 106 0 1603 1603 76 0 1604 1604 102 0 1605 1605 103 0 1606 1606 81 0 1607 1607 81 0 1608 1608 82 0 1609 1609 102 0 1610 1610 82 0 1611 1611 83 0 1612 1612 101 0 1613 1613 83 0 1614 1614 84 0 1615 1615 101 0 1616 1616 84 0 1617 1617 85 0 1618 1618 100 0 1619 1619 84 0 1620 1620 100 0 1621 1621 101 0 1622 1622 82 0 1623 1623 101 0 1624 1624 102 0 1625 1625 85 0 1626 1626 86 0 1627 1627 100 0 1628 1628 86 0 1629 1629 87 0 1630 1630 100 0 1631 1631 87 0 1632 1632 88 0 1633 1633 99 0 1634 1634 99 0 1635 1635 88 0 1636 1636 98 0 1637 1637 88 0 1638 1638 89 0 1639 1639 98 0 1640 1640 89 0 1641 1641 90 0 1642 1642 92 0 1643 1643 90 0 1644 1644 91 0 1645 1645 92 0 1646 1646 92 0 1647 1647 93 0 1648 1648 98 0 1649 1649 93 0 1650 1650 94 0 1651 1651 98 0 1652 1652 94 0 1653 1653 95 0 1654 1654 96 0 1655 1655 89 0 1656 1656 92 0 1657 1657 98 0 1658 1658 99 0 1659 1659 100 0 1660 1660 87 0 1661 1661 97 0 1662 1662 98 0 1663 1663 96 0 1664 1664 98 0 1665 1665 94 0 1666 1666 96 0 1667 1667 163 0 1668 1668 164 0 1669 1669 139 0 1670 1670 162 0 1671 1671 163 0 1672 1672 155 0 1673 1673 122 0 1674 1674 167 0 1675 1675 121 0 1676 1676 167 0 1677 1677 162 0 1678 1678 157 0 1679 1679 167 0 1680 1680 120 0 1681 1681 121 0 1682 1682 120 0 1683 1683 167 0 1684 1684 157 0 1685 1685 162 0 1686 1686 156 0 1687 1687 157 0 1688 1688 119 0 1689 1689 120 0 1690 1690 157 0 1691 1691 161 0 1692 1692 119 0 1693 1693 159 0 1694 1694 158 0 1695 1695 119 0 1696 1696 157 0 1697 1697 119 0 1698 1698 158 0 1699 1699 159 0 1700 1700 160 0 1701 1701 161 0 1702 1702 159 0 1703 1703 164 0 1704 1704 165 0 1705 1705 137 0 1706 1706 165 0 1707 1707 166 0 1708 1708 124 0 1709 1709 166 0 1710 1710 123 0 1711 1711 124 0 1712 1712 124 0 1713 1713 125 0 1714 1714 165 0 1715 1715 125 0 1716 1716 126 0 1717 1717 165 0 1718 1718 165 0 1719 1719 126 0 1720 1720 136 0 1721 1721 127 0 1722 1722 128 0 1723 1723 135 0 1724 1724 128 0 1725 1725 129 0 1726 1726 135 0 1727 1727 126 0 1728 1728 127 0 1729 1729 135 0 1730 1730 136 0 1731 1731 126 0 1732 1732 135 0 1733 1733 165 0 1734 1734 136 0 1735 1735 137 0 1736 1736 129 0 1737 1737 130 0 1738 1738 133 0 1739 1739 135 0 1740 1740 129 0 1741 1741 133 0 1742 1742 156 0 1743 1743 162 0 1744 1744 155 0 1745 1745 132 0 1746 1746 133 0 1747 1747 130 0 1748 1748 133 0 1749 1749 134 0 1750 1750 135 0 1751 1751 131 0 1752 1752 132 0 1753 1753 130 0 1754 1754 137 0 1755 1755 138 0 1756 1756 164 0 1757 1757 155 0 1758 1758 163 0 1759 1759 154 0 1760 1760 164 0 1761 1761 138 0 1762 1762 139 0 1763 1763 154 0 1764 1764 163 0 1765 1765 153 0 1766 1766 163 0 1767 1767 139 0 1768 1768 140 0 1769 1769 163 0 1770 1770 140 0 1771 1771 141 0 1772 1772 163 0 1773 1773 141 0 1774 1774 153 0 1775 1775 143 0 1776 1776 144 0 1777 1777 141 0 1778 1778 153 0 1779 1779 141 0 1780 1780 144 0 1781 1781 141 0 1782 1782 142 0 1783 1783 143 0 1784 1784 151 0 1785 1785 152 0 1786 1786 144 0 1787 1787 152 0 1788 1788 153 0 1789 1789 144 0 1790 1790 150 0 1791 1791 151 0 1792 1792 145 0 1793 1793 151 0 1794 1794 144 0 1795 1795 145 0 1796 1796 145 0 1797 1797 146 0 1798 1798 150 0 1799 1799 149 0 1800 1800 150 0 1801 1801 146 0 1802 1802 146 0 1803 1803 147 0 1804 1804 149 0 1805 1805 149 0 1806 1806 147 0 1807 1807 148 0 1808 1808 296 0 1809 1809 297 0 1810 1810 298 0 1811 1811 295 0 1812 1812 296 0 1813 1813 294 0 1814 1814 293 0 1815 1815 294 0 1816 1816 345 0 1817 1817 345 0 1818 1818 292 0 1819 1819 293 0 1820 1820 345 0 1821 1821 294 0 1822 1822 296 0 1823 1823 296 0 1824 1824 298 0 1825 1825 345 0 1826 1826 298 0 1827 1827 299 0 1828 1828 344 0 1829 1829 343 0 1830 1830 300 0 1831 1831 301 0 1832 1832 299 0 1833 1833 300 0 1834 1834 343 0 1835 1835 301 0 1836 1836 302 0 1837 1837 343 0 1838 1838 302 0 1839 1839 303 0 1840 1840 342 0 1841 1841 343 0 1842 1842 302 0 1843 1843 342 0 1844 1844 299 0 1845 1845 343 0 1846 1846 344 0 1847 1847 291 0 1848 1848 292 0 1849 1849 347 0 1850 1850 345 0 1851 1851 298 0 1852 1852 344 0 1853 1853 303 0 1854 1854 304 0 1855 1855 342 0 1856 1856 304 0 1857 1857 305 0 1858 1858 341 0 1859 1859 304 0 1860 1860 341 0 1861 1861 342 0 1862 1862 305 0 1863 1863 306 0 1864 1864 340 0 1865 1865 341 0 1866 1866 305 0 1867 1867 340 0 1868 1868 292 0 1869 1869 346 0 1870 1870 347 0 1871 1871 292 0 1872 1872 345 0 1873 1873 346 0 1874 1874 349 0 1875 1875 350 0 1876 1876 348 0 1877 1877 350 0 1878 1878 291 0 1879 1879 348 0 1880 1880 347 0 1881 1881 348 0 1882 1882 291 0 1883 1883 306 0 1884 1884 307 0 1885 1885 339 0 1886 1886 307 0 1887 1887 308 0 1888 1888 338 0 1889 1889 340 0 1890 1890 306 0 1891 1891 339 0 1892 1892 309 0 1893 1893 310 0 1894 1894 336 0 1895 1895 310 0 1896 1896 311 0 1897 1897 312 0 1898 1898 308 0 1899 1899 309 0 1900 1900 336 0 1901 1901 310 0 1902 1902 312 0 1903 1903 335 0 1904 1904 310 0 1905 1905 335 0 1906 1906 336 0 1907 1907 312 0 1908 1908 313 0 1909 1909 335 0 1910 1910 338 0 1911 1911 339 0 1912 1912 307 0 1913 1913 338 0 1914 1914 308 0 1915 1915 337 0 1916 1916 335 0 1917 1917 313 0 1918 1918 334 0 1919 1919 313 0 1920 1920 314 0 1921 1921 334 0 1922 1922 314 0 1923 1923 315 0 1924 1924 333 0 1925 1925 315 0 1926 1926 316 0 1927 1927 333 0 1928 1928 316 0 1929 1929 317 0 1930 1930 332 0 1931 1931 337 0 1932 1932 308 0 1933 1933 336 0 1934 1934 333 0 1935 1935 316 0 1936 1936 332 0 1937 1937 334 0 1938 1938 314 0 1939 1939 333 0 1940 1940 317 0 1941 1941 318 0 1942 1942 332 0 1943 1943 318 0 1944 1944 319 0 1945 1945 332 0 1946 1946 319 0 1947 1947 320 0 1948 1948 331 0 1949 1949 331 0 1950 1950 320 0 1951 1951 330 0 1952 1952 320 0 1953 1953 321 0 1954 1954 330 0 1955 1955 321 0 1956 1956 322 0 1957 1957 324 0 1958 1958 322 0 1959 1959 323 0 1960 1960 324 0 1961 1961 324 0 1962 1962 325 0 1963 1963 330 0 1964 1964 325 0 1965 1965 326 0 1966 1966 330 0 1967 1967 326 0 1968 1968 327 0 1969 1969 328 0 1970 1970 321 0 1971 1971 324 0 1972 1972 330 0 1973 1973 331 0 1974 1974 332 0 1975 1975 319 0 1976 1976 326 0 1977 1977 328 0 1978 1978 329 0 1979 1979 330 0 1980 1980 326 0 1981 1981 329 0 1982 1982 433 0 1983 1983 434 0 1984 1984 441 0 1985 1985 434 0 1986 1986 435 0 1987 1987 441 0 1988 1988 433 0 1989 1989 441 0 1990 1990 432 0 1991 1991 432 0 1992 1992 441 0 1993 1993 442 0 1994 1994 430 0 1995 1995 431 0 1996 1996 471 0 1997 1997 431 0 1998 1998 432 0 1999 1999 471 0 2000 2000 429 0 2001 2001 430 0 2002 2002 471 0 2003 2003 432 0 2004 2004 442 0 2005 2005 471 0 2006 2006 427 0 2007 2007 428 0 2008 2008 472 0 2009 2009 428 0 2010 2010 429 0 2011 2011 472 0 2012 2012 468 0 2013 2013 427 0 2014 2014 472 0 2015 2015 471 0 2016 2016 472 0 2017 2017 429 0 2018 2018 435 0 2019 2019 436 0 2020 2020 439 0 2021 2021 438 0 2022 2022 439 0 2023 2023 436 0 2024 2024 439 0 2025 2025 440 0 2026 2026 441 0 2027 2027 437 0 2028 2028 438 0 2029 2029 436 0 2030 2030 442 0 2031 2031 443 0 2032 2032 471 0 2033 2033 439 0 2034 2034 441 0 2035 2035 435 0 2036 2036 479 0 2037 2037 480 0 2038 2038 478 0 2039 2039 480 0 2040 2040 481 0 2041 2041 476 0 2042 2042 478 0 2043 2043 480 0 2044 2044 477 0 2045 2045 481 0 2046 2046 482 0 2047 2047 476 0 2048 2048 483 0 2049 2049 484 0 2050 2050 503 0 2051 2051 504 0 2052 2052 483 0 2053 2053 503 0 2054 2054 482 0 2055 2055 483 0 2056 2056 474 0 2057 2057 480 0 2058 2058 476 0 2059 2059 477 0 2060 2060 476 0 2061 2061 482 0 2062 2062 475 0 2063 2063 475 0 2064 2064 482 0 2065 2065 474 0 2066 2066 473 0 2067 2067 474 0 2068 2068 483 0 2069 2069 473 0 2070 2070 483 0 2071 2071 505 0 2072 2072 505 0 2073 2073 483 0 2074 2074 504 0 2075 2075 531 0 2076 2076 473 0 2077 2077 508 0 2078 2078 530 0 2079 2079 531 0 2080 2080 510 0 2081 2081 529 0 2082 2082 530 0 2083 2083 510 0 2084 2084 531 0 2085 2085 508 0 2086 2086 509 0 2087 2087 526 0 2088 2088 527 0 2089 2089 528 0 2090 2090 526 0 2091 2091 528 0 2092 2092 511 0 2093 2093 528 0 2094 2094 529 0 2095 2095 511 0 2096 2096 526 0 2097 2097 514 0 2098 2098 525 0 2099 2099 523 0 2100 2100 524 0 2101 2101 519 0 2102 2102 524 0 2103 2103 525 0 2104 2104 517 0 2105 2105 517 0 2106 2106 525 0 2107 2107 516 0 2108 2108 522 0 2109 2109 523 0 2110 2110 520 0 2111 2111 520 0 2112 2112 521 0 2113 2113 522 0 2114 2114 519 0 2115 2115 520 0 2116 2116 523 0 2117 2117 517 0 2118 2118 518 0 2119 2119 524 0 2120 2120 518 0 2121 2121 519 0 2122 2122 524 0 2123 2123 515 0 2124 2124 516 0 2125 2125 514 0 2126 2126 516 0 2127 2127 525 0 2128 2128 514 0 2129 2129 514 0 2130 2130 526 0 2131 2131 513 0 2132 2132 513 0 2133 2133 526 0 2134 2134 511 0 2135 2135 511 0 2136 2136 512 0 2137 2137 513 0 2138 2138 511 0 2139 2139 529 0 2140 2140 510 0 2141 2141 509 0 2142 2142 510 0 2143 2143 531 0 2144 2144 508 0 2145 2145 473 0 2146 2146 505 0 2147 2147 506 0 2148 2148 507 0 2149 2149 508 0 2150 2150 505 0 2151 2151 506 0 2152 2152 508 0 2153 2153 503 0 2154 2154 484 0 2155 2155 502 0 2156 2156 485 0 2157 2157 486 0 2158 2158 497 0 2159 2159 486 0 2160 2160 487 0 2161 2161 496 0 2162 2162 485 0 2163 2163 497 0 2164 2164 484 0 2165 2165 484 0 2166 2166 501 0 2167 2167 502 0 2168 2168 487 0 2169 2169 488 0 2170 2170 494 0 2171 2171 501 0 2172 2172 484 0 2173 2173 499 0 2174 2174 488 0 2175 2175 489 0 2176 2176 491 0 2177 2177 489 0 2178 2178 490 0 2179 2179 491 0 2180 2180 497 0 2181 2181 486 0 2182 2182 496 0 2183 2183 500 0 2184 2184 501 0 2185 2185 499 0 2186 2186 495 0 2187 2187 487 0 2188 2188 494 0 2189 2189 487 0 2190 2190 495 0 2191 2191 496 0 2192 2192 484 0 2193 2193 497 0 2194 2194 499 0 2195 2195 491 0 2196 2196 492 0 2197 2197 488 0 2198 2198 492 0 2199 2199 493 0 2200 2200 488 0 2201 2201 493 0 2202 2202 494 0 2203 2203 488 0 2204 2204 497 0 2205 2205 498 0 2206 2206 499 0 2207 2207 537 0 2208 2208 538 0 2209 2209 539 0 2210 2210 536 0 2211 2211 537 0 2212 2212 535 0 2213 2213 537 0 2214 2214 539 0 2215 2215 585 0 2216 2216 539 0 2217 2217 540 0 2218 2218 584 0 2219 2219 583 0 2220 2220 540 0 2221 2221 541 0 2222 2222 534 0 2223 2223 535 0 2224 2224 585 0 2225 2225 585 0 2226 2226 535 0 2227 2227 537 0 2228 2228 533 0 2229 2229 534 0 2230 2230 585 0 2231 2231 532 0 2232 2232 533 0 2233 2233 587 0 2234 2234 540 0 2235 2235 583 0 2236 2236 584 0 2237 2237 541 0 2238 2238 542 0 2239 2239 583 0 2240 2240 542 0 2241 2241 543 0 2242 2242 583 0 2243 2243 543 0 2244 2244 544 0 2245 2245 582 0 2246 2246 583 0 2247 2247 543 0 2248 2248 582 0 2249 2249 544 0 2250 2250 545 0 2251 2251 582 0 2252 2252 545 0 2253 2253 546 0 2254 2254 581 0 2255 2255 546 0 2256 2256 547 0 2257 2257 580 0 2258 2258 533 0 2259 2259 585 0 2260 2260 586 0 2261 2261 589 0 2262 2262 590 0 2263 2263 588 0 2264 2264 590 0 2265 2265 532 0 2266 2266 588 0 2267 2267 533 0 2268 2268 586 0 2269 2269 587 0 2270 2270 581 0 2271 2271 546 0 2272 2272 580 0 2273 2273 587 0 2274 2274 588 0 2275 2275 532 0 2276 2276 582 0 2277 2277 545 0 2278 2278 581 0 2279 2279 584 0 2280 2280 585 0 2281 2281 539 0 2282 2282 547 0 2283 2283 548 0 2284 2284 579 0 2285 2285 548 0 2286 2286 549 0 2287 2287 578 0 2288 2288 549 0 2289 2289 550 0 2290 2290 576 0 2291 2291 550 0 2292 2292 551 0 2293 2293 576 0 2294 2294 551 0 2295 2295 552 0 2296 2296 575 0 2297 2297 576 0 2298 2298 551 0 2299 2299 575 0 2300 2300 580 0 2301 2301 547 0 2302 2302 579 0 2303 2303 578 0 2304 2304 579 0 2305 2305 548 0 2306 2306 552 0 2307 2307 553 0 2308 2308 575 0 2309 2309 576 0 2310 2310 577 0 2311 2311 549 0 2312 2312 577 0 2313 2313 578 0 2314 2314 549 0 2315 2315 574 0 2316 2316 575 0 2317 2317 553 0 2318 2318 553 0 2319 2319 554 0 2320 2320 574 0 2321 2321 554 0 2322 2322 555 0 2323 2323 573 0 2324 2324 555 0 2325 2325 556 0 2326 2326 573 0 2327 2327 556 0 2328 2328 557 0 2329 2329 572 0 2330 2330 556 0 2331 2331 572 0 2332 2332 573 0 2333 2333 554 0 2334 2334 573 0 2335 2335 574 0 2336 2336 557 0 2337 2337 558 0 2338 2338 572 0 2339 2339 558 0 2340 2340 559 0 2341 2341 572 0 2342 2342 559 0 2343 2343 560 0 2344 2344 571 0 2345 2345 571 0 2346 2346 560 0 2347 2347 570 0 2348 2348 560 0 2349 2349 561 0 2350 2350 570 0 2351 2351 561 0 2352 2352 562 0 2353 2353 564 0 2354 2354 562 0 2355 2355 563 0 2356 2356 564 0 2357 2357 564 0 2358 2358 565 0 2359 2359 570 0 2360 2360 565 0 2361 2361 566 0 2362 2362 570 0 2363 2363 566 0 2364 2364 567 0 2365 2365 568 0 2366 2366 561 0 2367 2367 564 0 2368 2368 570 0 2369 2369 571 0 2370 2370 572 0 2371 2371 559 0 2372 2372 566 0 2373 2373 568 0 2374 2374 569 0 2375 2375 570 0 2376 2376 566 0 2377 2377 569 0 2378 2378 980 1 2379 2379 174 2 2380 2380 173 3 2381 2381 1180 4 2382 2382 374 5 2383 2383 373 6 2384 2384 1568 7 2385 2385 762 8 2386 2386 761 9 2387 2387 1054 10 2388 2388 248 11 2389 2389 247 12 2390 2390 1181 13 2391 2391 375 14 2392 2392 374 5 2393 2393 1584 15 2394 2394 778 16 2395 2395 777 17 2396 2396 1125 18 2397 2397 319 19 2398 2398 318 20 2399 2399 1257 21 2400 2400 451 22 2401 2401 450 23 2402 2402 807 24 2403 2403 1 25 2404 2404 0 26 2405 2405 1141 27 2406 2406 335 28 2407 2407 334 29 2408 2408 1292 30 2409 2409 486 31 2410 2410 485 32 2411 2411 969 33 2412 2412 163 34 2413 2413 162 35 2414 2414 1119 36 2415 2415 313 37 2416 2416 312 38 2417 2417 1286 39 2418 2418 480 40 2419 2419 479 41 2420 2420 989 42 2421 2421 183 42 2422 2422 182 43 2423 2423 1226 44 2424 2424 420 45 2425 2425 419 46 2426 2426 1372 47 2427 2427 566 48 2428 2428 565 49 2429 2429 990 50 2430 2430 184 51 2431 2431 183 50 2432 2432 1225 52 2433 2433 419 46 2434 2434 418 52 2435 2435 1383 53 2436 2436 577 54 2437 2437 576 55 2438 2438 1025 56 2439 2439 219 57 2440 2440 218 58 2441 2441 1241 59 2442 2442 435 60 2443 2443 434 61 2444 2444 1400 62 2445 2445 594 63 2446 2446 593 64 2447 2447 1005 65 2448 2448 199 66 2449 2449 198 67 2450 2450 1268 68 2451 2451 462 69 2452 2452 461 70 2453 2453 1450 71 2454 2454 632 72 2455 2455 643 73 2456 2456 1097 74 2457 2457 286 75 2458 2458 290 76 2459 2459 1266 77 2460 2460 460 78 2461 2461 459 79 2462 2462 1548 80 2463 2463 742 81 2464 2464 741 82 2465 2465 1160 83 2466 2466 354 84 2467 2467 353 85 2468 2468 1271 86 2469 2469 465 87 2470 2470 464 88 2471 2471 829 89 2472 2472 23 90 2473 2473 22 91 2474 2474 1158 92 2475 2475 352 93 2476 2476 351 94 2477 2477 1340 95 2478 2478 534 96 2479 2479 533 97 2480 2480 903 98 2481 2481 97 99 2482 2482 96 100 2483 2483 842 101 2484 2484 36 102 2485 2485 35 103 2486 2486 1230 104 2487 2487 424 105 2488 2488 423 106 2489 2489 1365 107 2490 2490 559 108 2491 2491 558 109 2492 2492 872 110 2493 2493 66 111 2494 2494 65 110 2495 2495 1250 112 2496 2496 444 113 2497 2497 443 114 2498 2498 1381 115 2499 2499 575 116 2500 2500 574 117 2501 2501 919 118 2502 2502 113 119 2503 2503 112 120 2504 2504 1234 121 2505 2505 428 122 2506 2506 427 123 2507 2507 1446 124 2508 2508 640 125 2509 2509 639 126 2510 2510 897 127 2511 2511 91 128 2512 2512 90 129 2513 2513 1290 130 2514 2514 484 131 2515 2515 483 132 2516 2516 1443 133 2517 2517 637 134 2518 2518 636 135 2519 2519 913 136 2520 2520 107 137 2521 2521 106 138 2522 2522 1405 139 2523 2523 599 140 2524 2524 598 141 2525 2525 1420 142 2526 2526 614 143 2527 2527 613 144 2528 2528 931 145 2529 2529 125 146 2530 2530 124 147 2531 2531 1419 148 2532 2532 613 149 2533 2533 612 150 2534 2534 1453 151 2535 2535 647 152 2536 2536 646 153 2537 2537 943 154 2538 2538 137 155 2539 2539 136 156 2540 2540 1487 157 2541 2541 681 158 2542 2542 680 159 2543 2543 1468 160 2544 2544 662 161 2545 2545 661 162 2546 2546 964 163 2547 2547 158 164 2548 2548 157 165 2549 2549 1586 166 2550 2550 780 167 2551 2551 779 168 2552 2552 1478 169 2553 2553 672 170 2554 2554 671 171 2555 2555 983 172 2556 2556 177 173 2557 2557 176 174 2558 2558 832 175 2559 2559 26 176 2560 2560 25 177 2561 2561 1546 178 2562 2562 740 179 2563 2563 739 180 2564 2564 1041 181 2565 2565 235 182 2566 2566 234 183 2567 2567 856 184 2568 2568 50 185 2569 2569 49 184 2570 2570 932 186 2571 2571 126 187 2572 2572 125 146 2573 2573 966 188 2574 2574 160 189 2575 2575 159 190 2576 2576 1026 191 2577 2577 220 192 2578 2578 219 57 2579 2579 1070 193 2580 2580 264 194 2581 2581 263 195 2582 2582 970 196 2583 2583 164 197 2584 2584 163 198 2585 2585 1023 199 2586 2586 217 200 2587 2587 216 201 2588 2588 1078 202 2589 2589 272 203 2590 2590 271 204 2591 2591 946 205 2592 2592 140 206 2593 2593 139 207 2594 2594 1008 208 2595 2595 202 209 2596 2596 201 210 2597 2597 1099 211 2598 2598 293 212 2599 2599 292 213 2600 2600 961 214 2601 2601 155 215 2602 2602 154 216 2603 2603 998 217 2604 2604 192 218 2605 2605 191 219 2606 2606 1148 220 2607 2607 342 221 2608 2608 341 222 2609 2609 949 223 2610 2610 143 224 2611 2611 142 223 2612 2612 999 225 2613 2613 193 226 2614 2614 192 218 2615 2615 1140 227 2616 2616 334 29 2617 2617 333 228 2618 2618 985 229 2619 2619 179 230 2620 2620 178 231 2621 2621 934 232 2622 2622 128 233 2623 2623 127 234 2624 2624 1000 235 2625 2625 194 236 2626 2626 193 226 2627 2627 1205 237 2628 2628 399 238 2629 2629 398 239 2630 2630 1035 240 2631 2631 229 241 2632 2632 228 242 2633 2633 1055 243 2634 2634 249 244 2635 2635 248 11 2636 2636 1194 245 2637 2637 388 246 2638 2638 387 247 2639 2639 986 248 2640 2640 180 249 2641 2641 179 230 2642 2642 1067 250 2643 2643 261 251 2644 2644 260 252 2645 2645 1062 253 2646 2646 256 254 2647 2647 255 255 2648 2648 1082 256 2649 2649 276 257 2650 2650 275 258 2651 2651 1273 259 2652 2652 467 259 2653 2653 466 259 2654 2654 1080 260 2655 2655 274 261 2656 2656 273 262 2657 2657 1089 263 2658 2658 283 264 2659 2659 282 265 2660 2660 1333 266 2661 2661 527 267 2662 2662 526 268 2663 2663 1146 269 2664 2664 340 270 2665 2665 339 271 2666 2666 1109 272 2667 2667 303 273 2668 2668 302 274 2669 2669 1388 275 2670 2670 582 276 2671 2671 581 277 2672 2672 1127 278 2673 2673 321 279 2674 2674 320 280 2675 2675 1110 281 2676 2676 304 282 2677 2677 303 273 2678 2678 1380 283 2679 2679 574 117 2680 2680 573 284 2681 2681 1200 285 2682 2682 394 286 2683 2683 393 287 2684 2684 1154 288 2685 2685 348 289 2686 2686 347 290 2687 2687 1411 291 2688 2688 605 292 2689 2689 604 293 2690 2690 1247 294 2691 2691 441 295 2692 2692 440 296 2693 2693 1145 297 2694 2694 339 271 2695 2695 338 298 2696 2696 1431 299 2697 2697 625 300 2698 2698 624 301 2699 2699 1239 302 2700 2700 433 303 2701 2701 432 304 2702 2702 1133 305 2703 2703 327 306 2704 2704 326 307 2705 2705 1543 308 2706 2706 737 309 2707 2707 736 310 2708 2708 1261 311 2709 2709 455 312 2710 2710 454 311 2711 2711 1128 313 2712 2712 322 314 2713 2713 321 279 2714 2714 1606 315 2715 2715 800 316 2716 2716 799 317 2717 2717 1294 318 2718 2718 488 319 2719 2719 487 320 2720 2720 955 321 2721 2721 149 322 2722 2722 148 323 2723 2723 1144 324 2724 2724 338 298 2725 2725 337 325 2726 2726 1566 326 2727 2727 760 327 2728 2728 759 328 2729 2729 1282 329 2730 2730 476 330 2731 2731 475 331 2732 2732 1126 332 2733 2733 320 280 2734 2734 319 19 2735 2735 863 333 2736 2736 57 334 2737 2737 56 335 2738 2738 1386 336 2739 2739 580 337 2740 2740 579 338 2741 2741 1138 339 2742 2742 332 340 2743 2743 331 341 2744 2744 861 342 2745 2745 55 343 2746 2746 54 344 2747 2747 1367 345 2748 2748 561 346 2749 2749 560 347 2750 2750 1166 348 2751 2751 360 349 2752 2752 359 350 2753 2753 867 351 2754 2754 61 352 2755 2755 60 353 2756 2756 1465 354 2757 2757 659 355 2758 2758 658 356 2759 2759 1221 357 2760 2760 415 358 2761 2761 414 359 2762 2762 883 360 2763 2763 77 361 2764 2764 76 362 2765 2765 1530 363 2766 2766 724 364 2767 2767 723 365 2768 2768 1175 366 2769 2769 369 367 2770 2770 368 368 2771 2771 907 369 2772 2772 101 370 2773 2773 100 371 2774 2774 1516 372 2775 2775 710 373 2776 2776 709 374 2777 2777 1209 375 2778 2778 403 376 2779 2779 402 377 2780 2780 939 378 2781 2781 133 379 2782 2782 132 380 2783 2783 1538 381 2784 2784 732 382 2785 2785 731 383 2786 2786 1237 384 2787 2787 431 385 2788 2788 430 386 2789 2789 960 387 2790 2790 154 216 2791 2791 153 388 2792 2792 1559 389 2793 2793 753 390 2794 2794 752 391 2795 2795 1248 392 2796 2796 442 393 2797 2797 441 295 2798 2798 959 394 2799 2799 153 395 2800 2800 152 396 2801 2801 1567 397 2802 2802 761 398 2803 2803 760 327 2804 2804 1236 399 2805 2805 430 386 2806 2806 429 400 2807 2807 967 401 2808 2808 161 402 2809 2809 160 403 2810 2810 843 404 2811 2811 37 405 2812 2812 36 102 2813 2813 1258 406 2814 2814 452 407 2815 2815 451 22 2816 2816 956 408 2817 2817 150 409 2818 2818 149 410 2819 2819 849 411 2820 2820 43 412 2821 2821 42 413 2822 2822 1302 414 2823 2823 496 415 2824 2824 495 416 2825 2825 1044 417 2826 2826 238 418 2827 2827 237 419 2828 2828 880 420 2829 2829 74 421 2830 2830 73 422 2831 2831 1287 423 2832 2832 481 424 2833 2833 480 40 2834 2834 1049 425 2835 2835 243 426 2836 2836 242 427 2837 2837 891 428 2838 2838 85 429 2839 2839 84 430 2840 2840 1311 431 2841 2841 505 432 2842 2842 504 433 2843 2843 988 434 2844 2844 182 434 2845 2845 181 435 2846 2846 950 436 2847 2847 144 437 2848 2848 143 224 2849 2849 1316 438 2850 2850 510 439 2851 2851 509 440 2852 2852 1043 441 2853 2853 237 442 2854 2854 236 443 2855 2855 951 444 2856 2856 145 445 2857 2857 144 446 2858 2858 1331 447 2859 2859 525 448 2860 2860 524 449 2861 2861 1039 450 2862 2862 233 451 2863 2863 232 452 2864 2864 1056 453 2865 2865 250 454 2866 2866 249 244 2867 2867 1325 455 2868 2868 519 456 2869 2869 518 457 2870 2870 1029 458 2871 2871 223 459 2872 2872 222 460 2873 2873 1093 461 2874 2874 287 462 2875 2875 286 461 2876 2876 1134 463 2877 2877 328 464 2878 2878 327 465 2879 2879 1350 466 2880 2880 544 467 2881 2881 543 468 2882 2882 1022 469 2883 2883 216 201 2884 2884 215 470 2885 2885 1072 471 2886 2886 266 472 2887 2887 265 473 2888 2888 1240 474 2889 2889 434 61 2890 2890 433 303 2891 2891 1351 475 2892 2892 545 476 2893 2893 544 467 2894 2894 1009 477 2895 2895 203 478 2896 2896 202 209 2897 2897 1085 479 2898 2898 279 480 2899 2899 278 481 2900 2900 1394 482 2901 2901 588 483 2902 2902 587 484 2903 2903 1015 485 2904 2904 209 486 2905 2905 208 487 2906 2906 1073 488 2907 2907 267 489 2908 2908 266 488 2909 2909 1385 490 2910 2910 579 338 2911 2911 578 491 2912 2912 1017 492 2913 2913 211 493 2914 2914 210 494 2915 2915 1100 495 2916 2916 294 496 2917 2917 293 212 2918 2918 1373 497 2919 2919 567 498 2920 2920 566 48 2921 2921 1094 499 2922 2922 288 500 2923 2923 287 462 2924 2924 1111 501 2925 2925 305 502 2926 2926 304 282 2927 2927 1384 503 2928 2928 578 491 2929 2929 577 54 2930 2930 1074 504 2931 2931 268 505 2932 2932 267 489 2933 2933 1113 506 2934 2934 307 507 2935 2935 306 508 2936 2936 1366 509 2937 2937 560 347 2938 2938 559 108 2939 2939 1079 510 2940 2940 273 262 2941 2941 272 511 2942 2942 1231 512 2943 2943 425 513 2944 2944 424 105 2945 2945 1378 514 2946 2946 572 515 2947 2947 571 516 2948 2948 1136 517 2949 2949 330 518 2950 2950 329 519 2951 2951 1215 520 2952 2952 409 521 2953 2953 408 522 2954 2954 1360 523 2955 2955 554 524 2956 2956 553 525 2957 2957 1163 526 2958 2958 357 527 2959 2959 356 528 2960 2960 1193 529 2961 2961 387 247 2962 2962 386 530 2963 2963 1285 531 2964 2964 479 41 2965 2965 478 532 2966 2966 1401 533 2967 2967 595 534 2968 2968 594 63 2969 2969 1164 535 2970 2970 358 536 2971 2971 357 527 2972 2972 1201 537 2973 2973 395 538 2974 2974 394 286 2975 2975 1442 539 2976 2976 636 135 2977 2977 635 540 2978 2978 1229 541 2979 2979 423 106 2980 2980 422 542 2981 2981 1242 543 2982 2982 436 544 2983 2983 435 60 2984 2984 1417 545 2985 2985 611 546 2986 2986 610 547 2987 2987 1173 548 2988 2988 367 549 2989 2989 366 550 2990 2990 1274 551 2991 2991 426 552 2992 2992 467 553 2993 2993 1470 554 2994 2994 664 555 2995 2995 663 556 2996 2996 1178 557 2997 2997 372 558 2998 2998 371 559 2999 2999 1310 560 3000 3000 504 433 3001 3001 503 561 3002 3002 1522 562 3003 3003 716 563 3004 3004 715 564 3005 3005 1204 565 3006 3006 398 239 3007 3007 397 566 3008 3008 1352 567 3009 3009 546 568 3010 3010 545 476 3011 3011 1518 569 3012 3012 712 570 3013 3013 711 571 3014 3014 1191 572 3015 3015 385 573 3016 3016 384 574 3017 3017 1354 575 3018 3018 548 576 3019 3019 547 577 3020 3020 1526 578 3021 3021 720 579 3022 3022 719 580 3023 3023 1202 581 3024 3024 396 582 3025 3025 395 538 3026 3026 1416 583 3027 3027 610 547 3028 3028 609 584 3029 3029 1541 585 3030 3030 703 586 3031 3031 734 587 3032 3032 1186 588 3033 3033 380 589 3034 3034 379 590 3035 3035 1455 591 3036 3036 649 592 3037 3037 648 593 3038 3038 1532 594 3039 3039 726 595 3040 3040 725 596 3041 3041 1251 597 3042 3042 445 598 3043 3043 444 113 3044 3044 1505 599 3045 3045 699 600 3046 3046 698 601 3047 3047 1557 602 3048 3048 751 603 3049 3049 750 604 3050 3050 1278 605 3051 3051 472 605 3052 3052 471 606 3053 3053 1469 607 3054 3054 663 556 3055 3055 662 161 3056 3056 1593 608 3057 3057 787 609 3058 3058 786 610 3059 3059 1279 611 3060 3060 468 612 3061 3061 472 611 3062 3062 1481 613 3063 3063 675 614 3064 3064 674 615 3065 3065 1332 616 3066 3066 526 268 3067 3067 525 617 3068 3068 1575 618 3069 3069 769 619 3070 3070 768 620 3071 3071 1233 621 3072 3072 427 123 3073 3073 426 552 3074 3074 1519 622 3075 3075 713 623 3076 3076 712 570 3077 3077 1573 624 3078 3078 767 625 3079 3079 766 626 3080 3080 1262 627 3081 3081 456 628 3082 3082 455 312 3083 3083 1552 629 3084 3084 746 630 3085 3085 745 631 3086 3086 1037 632 3087 3087 231 633 3088 3088 230 634 3089 3089 1299 635 3090 3090 493 636 3091 3091 492 637 3092 3092 827 638 3093 3093 21 639 3094 3094 20 640 3095 3095 1321 641 3096 3096 515 642 3097 3097 514 643 3098 3098 1337 644 3099 3099 531 645 3100 3100 530 646 3101 3101 828 647 3102 3102 22 91 3103 3103 21 639 3104 3104 1320 648 3105 3105 514 643 3106 3106 513 649 3107 3107 975 650 3108 3108 169 651 3109 3109 168 652 3110 3110 1334 653 3111 3111 528 654 3112 3112 527 267 3113 3113 833 655 3114 3114 27 656 3115 3115 26 176 3116 3116 1376 657 3117 3117 570 658 3118 3118 569 659 3119 3119 822 660 3120 3120 16 661 3121 3121 15 662 3122 3122 1438 663 3123 3123 591 664 3124 3124 631 665 3125 3125 810 666 3126 3126 4 667 3127 3127 3 668 3128 3128 984 669 3129 3129 178 231 3130 3130 177 173 3131 3131 1437 670 3132 3132 631 665 3133 3133 630 671 3134 3134 809 672 3135 3135 3 668 3136 3136 2 673 3137 3137 1448 674 3138 3138 642 675 3139 3139 641 676 3140 3140 808 677 3141 3141 2 673 3142 3142 1 25 3143 3143 1444 678 3144 3144 638 679 3145 3145 637 134 3146 3146 841 680 3147 3147 35 103 3148 3148 34 681 3149 3149 1435 682 3150 3150 629 683 3151 3151 628 684 3152 3152 870 685 3153 3153 64 685 3154 3154 63 685 3155 3155 1510 686 3156 3156 704 687 3157 3157 703 688 3158 3158 1433 689 3159 3159 627 690 3160 3160 626 691 3161 3161 868 692 3162 3162 62 693 3163 3163 61 352 3164 3164 1427 694 3165 3165 621 695 3166 3166 620 696 3167 3167 875 697 3168 3168 69 698 3169 3169 68 699 3170 3170 1297 700 3171 3171 491 701 3172 3172 490 702 3173 3173 1426 703 3174 3174 620 696 3175 3175 619 704 3176 3176 866 705 3177 3177 60 353 3178 3178 59 706 3179 3179 1307 707 3180 3180 501 708 3181 3181 500 709 3182 3182 1457 710 3183 3183 651 711 3184 3184 650 712 3185 3185 879 713 3186 3186 73 422 3187 3187 72 714 3188 3188 1298 715 3189 3189 492 637 3190 3190 491 701 3191 3191 1536 716 3192 3192 730 717 3193 3193 729 718 3194 3194 1451 719 3195 3195 645 720 3196 3196 644 721 3197 3197 916 722 3198 3198 110 723 3199 3199 109 724 3200 3200 1509 725 3201 3201 682 726 3202 3202 702 727 3203 3203 914 728 3204 3204 108 729 3205 3205 107 137 3206 3206 1521 730 3207 3207 715 731 3208 3208 714 732 3209 3209 881 733 3210 3210 75 734 3211 3211 74 421 3212 3212 1523 735 3213 3213 717 736 3214 3214 716 563 3215 3215 909 737 3216 3216 103 738 3217 3217 102 739 3218 3218 1539 740 3219 3219 733 741 3220 3220 732 382 3221 3221 893 742 3222 3222 87 743 3223 3223 86 744 3224 3224 1520 745 3225 3225 714 732 3226 3226 713 623 3227 3227 1551 746 3228 3228 745 631 3229 3229 744 747 3230 3230 888 748 3231 3231 82 749 3232 3232 81 748 3233 3233 1545 750 3234 3234 739 180 3235 3235 738 751 3236 3236 937 752 3237 3237 131 753 3238 3238 130 754 3239 3239 1610 755 3240 3240 804 756 3241 3241 803 757 3242 3242 936 758 3243 3243 130 754 3244 3244 129 759 3245 3245 1611 760 3246 3246 805 761 3247 3247 804 762 3248 3248 935 763 3249 3249 129 759 3250 3250 128 233 3251 3251 1597 764 3252 3252 791 765 3253 3253 790 766 3254 3254 941 767 3255 3255 135 768 3256 3256 134 769 3257 3257 1595 770 3258 3258 789 771 3259 3259 788 772 3260 3260 933 773 3261 3261 127 234 3262 3262 126 187 3263 3263 1562 774 3264 3264 756 775 3265 3265 755 776 3266 3266 972 777 3267 3267 166 778 3268 3268 165 779 3269 3269 1580 780 3270 3270 774 781 3271 3271 773 782 3272 3272 962 68 3273 3273 156 783 3274 3274 155 215 3275 3275 1012 784 3276 3276 206 785 3277 3277 205 786 3278 3278 1587 787 3279 3279 781 788 3280 3280 780 167 3281 3281 968 789 3282 3282 119 790 3283 3283 161 791 3284 3284 818 792 3285 3285 12 793 3286 3286 11 794 3287 3287 965 795 3288 3288 159 190 3289 3289 158 164 3290 3290 976 796 3291 3291 170 797 3292 3292 169 651 3293 3293 982 798 3294 3294 176 174 3295 3295 175 799 3296 3296 1199 800 3297 3297 393 801 3298 3298 392 802 3299 3299 1048 803 3300 3300 242 427 3301 3301 241 804 3302 3302 1374 805 3303 3303 568 806 3304 3304 567 807 3305 3305 1135 808 3306 3306 329 519 3307 3307 328 464 3308 3308 1032 809 3309 3309 226 810 3310 3310 225 811 3311 3311 1375 812 3312 3312 569 659 3313 3313 568 806 3314 3314 1040 813 3315 3315 234 183 3316 3316 233 451 3317 3317 854 814 3318 3318 48 815 3319 3319 47 816 3320 3320 948 817 3321 3321 142 818 3322 3322 141 819 3323 3323 1031 820 3324 3324 225 811 3325 3325 224 821 3326 3326 1259 822 3327 3327 453 823 3328 3328 452 407 3329 3329 1071 824 3330 3330 265 473 3331 3331 264 194 3332 3332 994 825 3333 3333 188 826 3334 3334 187 827 3335 3335 1303 828 3336 3336 497 829 3337 3337 496 415 3338 3338 971 830 3339 3339 165 831 3340 3340 164 197 3341 3341 996 832 3342 3342 190 833 3343 3343 189 834 3344 3344 1461 835 3345 3345 655 836 3346 3346 654 835 3347 3347 1252 837 3348 3348 446 838 3349 3349 445 598 3350 3350 997 839 3351 3351 191 219 3352 3352 190 839 3353 3353 1471 840 3354 3354 665 841 3355 3355 664 555 3356 3356 1013 842 3357 3357 207 843 3358 3358 206 785 3359 3359 1554 844 3360 3360 748 845 3361 3361 747 846 3362 3362 1016 847 3363 3363 210 494 3364 3364 209 848 3365 3365 940 849 3366 3366 134 769 3367 3367 133 379 3368 3368 1002 850 3369 3369 196 851 3370 3370 195 852 3371 3371 958 853 3372 3372 152 396 3373 3373 151 854 3374 3374 1061 855 3375 3375 255 856 3376 3376 254 857 3377 3377 1102 858 3378 3378 296 859 3379 3379 295 860 3380 3380 1479 861 3381 3381 673 862 3382 3382 672 170 3383 3383 1059 863 3384 3384 253 864 3385 3385 252 865 3386 3386 1323 866 3387 3387 517 867 3388 3388 516 868 3389 3389 1065 869 3390 3390 259 870 3391 3391 258 871 3392 3392 1343 872 3393 3393 537 873 3394 3394 536 874 3395 3395 1057 875 3396 3396 251 876 3397 3397 250 454 3398 3398 1407 877 3399 3399 601 877 3400 3400 600 878 3401 3401 1095 879 3402 3402 289 879 3403 3403 288 880 3404 3404 1531 881 3405 3405 725 596 3406 3406 724 364 3407 3407 1086 882 3408 3408 280 883 3409 3409 279 480 3410 3410 857 884 3411 3411 51 885 3412 3412 50 185 3413 3413 1084 886 3414 3414 278 481 3415 3415 277 887 3416 3416 905 888 3417 3417 99 889 3418 3418 98 890 3419 3419 1075 891 3420 3420 269 892 3421 3421 268 893 3422 3422 908 894 3423 3423 102 739 3424 3424 101 370 3425 3425 1091 895 3426 3426 285 895 3427 3427 284 896 3428 3428 1081 897 3429 3429 275 258 3430 3430 274 261 3431 3431 1106 898 3432 3432 300 899 3433 3433 299 900 3434 3434 1171 901 3435 3435 365 902 3436 3436 364 903 3437 3437 1147 904 3438 3438 341 222 3439 3439 340 270 3440 3440 1305 905 3441 3441 499 906 3442 3442 498 907 3443 3443 1112 908 3444 3444 306 508 3445 3445 305 502 3446 3446 1434 909 3447 3447 628 684 3448 3448 627 690 3449 3449 1114 910 3450 3450 308 911 3451 3451 307 507 3452 3452 1462 912 3453 3453 656 913 3454 3454 655 836 3455 3455 1124 914 3456 3456 318 20 3457 3457 317 915 3458 3458 1524 916 3459 3459 718 917 3460 3460 717 736 3461 3461 1123 918 3462 3462 317 915 3463 3463 316 919 3464 3464 1535 920 3465 3465 729 921 3466 3466 728 922 3467 3467 1122 923 3468 3468 316 919 3469 3469 315 924 3470 3470 1578 925 3471 3471 772 926 3472 3472 771 927 3473 3473 1120 928 3474 3474 314 929 3475 3475 313 37 3476 3476 1218 930 3477 3477 351 94 3478 3478 411 931 3479 3479 1161 932 3480 3480 355 933 3481 3481 354 84 3482 3482 1289 934 3483 3483 483 935 3484 3484 482 936 3485 3485 1216 937 3486 3486 410 938 3487 3487 409 521 3488 3488 1326 939 3489 3489 520 940 3490 3490 519 456 3491 3491 1169 941 3492 3492 363 942 3493 3493 362 943 3494 3494 1402 944 3495 3495 596 945 3496 3496 595 534 3497 3497 1172 946 3498 3498 366 947 3499 3499 365 902 3500 3500 1441 948 3501 3501 635 949 3502 3502 634 950 3503 3503 1213 951 3504 3504 407 952 3505 3505 406 953 3506 3506 1588 954 3507 3507 782 955 3508 3508 781 788 3509 3509 1206 956 3510 3510 400 957 3511 3511 399 238 3512 3512 830 958 3513 3513 24 959 3514 3514 23 90 3515 3515 1179 960 3516 3516 373 6 3517 3517 372 961 3518 3518 1051 962 3519 3519 232 452 3520 3520 244 963 3521 3521 1203 964 3522 3522 397 566 3523 3523 396 582 3524 3524 1115 965 3525 3525 309 966 3526 3526 308 911 3527 3527 1188 967 3528 3528 382 968 3529 3529 381 969 3530 3530 1356 970 3531 3531 550 971 3532 3532 549 972 3533 3533 1244 973 3534 3534 438 973 3535 3535 437 973 3536 3536 1408 974 3537 3537 602 975 3538 3538 601 976 3539 3539 1243 977 3540 3540 437 978 3541 3541 436 544 3542 3542 1430 979 3543 3543 624 301 3544 3544 623 980 3545 3545 1577 981 3546 3546 771 982 3547 3547 770 983 3548 3548 1238 984 3549 3549 432 304 3550 3550 431 385 3551 3551 1500 985 3552 3552 694 986 3553 3553 693 987 3554 3554 1275 988 3555 3555 469 989 3556 3556 468 612 3557 3557 1534 990 3558 3558 728 990 3559 3559 727 990 3560 3560 1269 991 3561 3561 463 992 3562 3562 462 69 3563 3563 1608 993 3564 3564 802 994 3565 3565 801 995 3566 3566 1267 996 3567 3567 461 70 3568 3568 460 78 3569 3569 1574 997 3570 3570 768 620 3571 3571 767 625 3572 3572 1256 998 3573 3573 450 23 3574 3574 449 893 3575 3575 835 999 3576 3576 29 1000 3577 3577 28 1001 3578 3578 1272 1002 3579 3579 466 1003 3580 3580 465 87 3581 3581 917 1004 3582 3582 111 1005 3583 3583 110 723 3584 3584 1301 1006 3585 3585 495 416 3586 3586 494 1007 3587 3587 973 1008 3588 3588 167 1009 3589 3589 166 778 3590 3590 1312 1010 3591 3591 506 1011 3592 3592 505 432 3593 3593 991 1012 3594 3594 185 1013 3595 3595 184 51 3596 3596 1314 1014 3597 3597 508 1014 3598 3598 507 1015 3599 3599 1052 1016 3600 3600 246 1017 3601 3601 245 1018 3602 3602 1315 1019 3603 3603 509 440 3604 3604 508 1020 3605 3605 1183 1021 3606 3606 377 1022 3607 3607 376 1023 3608 3608 1347 1024 3609 3609 541 1025 3610 3610 540 1026 3611 3611 1246 1027 3612 3612 440 296 3613 3613 439 1028 3614 3614 1387 1029 3615 3615 581 277 3616 3616 580 337 3617 3617 1414 1030 3618 3618 608 1031 3619 3619 607 1032 3620 3620 1353 1033 3621 3621 547 577 3622 3622 546 568 3623 3623 1492 1034 3624 3624 686 1035 3625 3625 685 1036 3626 3626 1355 1037 3627 3627 549 972 3628 3628 548 576 3629 3629 1027 1038 3630 3630 221 1039 3631 3631 220 1040 3632 3632 1409 1041 3633 3633 603 1042 3634 3634 602 975 3635 3635 1364 1043 3636 3636 558 109 3637 3637 557 1044 3638 3638 995 1045 3639 3639 189 834 3640 3640 188 826 3641 3641 1363 1046 3642 3642 557 1044 3643 3643 556 1047 3644 3644 1137 1048 3645 3645 331 341 3646 3646 330 1049 3647 3647 1362 1050 3648 3648 556 1047 3649 3649 555 1051 3650 3650 1162 1052 3651 3651 356 528 3652 3652 355 933 3653 3653 1403 1053 3654 3654 597 1054 3655 3655 596 945 3656 3656 1270 1055 3657 3657 464 88 3658 3658 463 1056 3659 3659 1404 1057 3660 3660 598 141 3661 3661 597 1054 3662 3662 1330 1058 3663 3663 524 449 3664 3664 523 1059 3665 3665 1406 1060 3666 3666 600 1061 3667 3667 599 140 3668 3668 1327 1062 3669 3669 521 1063 3670 3670 520 940 3671 3671 1436 1064 3672 3672 630 671 3673 3673 629 683 3674 3674 1341 1065 3675 3675 535 1066 3676 3676 534 96 3677 3677 1439 1067 3678 3678 633 1068 3679 3679 632 72 3680 3680 1377 1069 3681 3681 571 516 3682 3682 570 1070 3683 3683 1432 1071 3684 3684 626 691 3685 3685 625 1071 3686 3686 1501 1072 3687 3687 695 1073 3688 3688 694 986 3689 3689 1421 1074 3690 3690 615 1075 3691 3691 614 143 3692 3692 1609 1076 3693 3693 803 757 3694 3694 802 1077 3695 3695 1422 1078 3696 3696 616 1079 3697 3697 615 1075 3698 3698 1602 1080 3699 3699 796 1081 3700 3700 795 1082 3701 3701 1423 1083 3702 3702 617 1084 3703 3703 616 1079 3704 3704 821 1085 3705 3705 15 662 3706 3706 14 1086 3707 3707 1460 1087 3708 3708 654 1088 3709 3709 653 1089 3710 3710 816 1090 3711 3711 10 1091 3712 3712 9 1092 3713 3713 1463 1093 3714 3714 657 1094 3715 3715 656 913 3716 3716 981 1095 3717 3717 175 799 3718 3718 174 2 3719 3719 1503 1096 3720 3720 697 1097 3721 3721 696 1098 3722 3722 1001 1099 3723 3723 195 852 3724 3724 194 236 3725 3725 1454 1100 3726 3726 648 593 3727 3727 647 152 3728 3728 1088 1101 3729 3729 282 265 3730 3730 281 1102 3731 3731 1466 1103 3732 3732 660 1104 3733 3733 659 355 3734 3734 1118 1105 3735 3735 312 38 3736 3736 311 1106 3737 3737 1507 1107 3738 3738 701 1108 3739 3739 700 1109 3740 3740 1168 1110 3741 3741 362 943 3742 3742 361 1111 3743 3743 1499 1112 3744 3744 693 987 3745 3745 692 1113 3746 3746 1232 1114 3747 3747 412 1115 3748 3748 425 1116 3749 3749 1489 1117 3750 3750 683 1118 3751 3751 682 726 3752 3752 1207 1119 3753 3753 401 1120 3754 3754 400 957 3755 3755 1485 1121 3756 3756 679 1122 3757 3757 678 1123 3758 3758 1295 1124 3759 3759 489 1125 3760 3760 488 319 3761 3761 1493 1126 3762 3762 687 1127 3763 3763 686 1035 3764 3764 1293 1128 3765 3765 487 320 3766 3766 486 31 3767 3767 1472 1129 3768 3768 666 1130 3769 3769 665 841 3770 3770 1309 1131 3771 3771 503 561 3772 3772 502 1132 3773 3773 1484 1133 3774 3774 678 1123 3775 3775 677 1134 3776 3776 1424 1135 3777 3777 618 1136 3778 3778 617 1084 3779 3779 1476 1137 3780 3780 670 1138 3781 3781 669 1139 3782 3782 1459 1140 3783 3783 653 1141 3784 3784 652 1142 3785 3785 1525 1143 3786 3786 719 580 3787 3787 718 917 3788 3788 1488 1144 3789 3789 644 721 3790 3790 681 158 3791 3791 1527 1145 3792 3792 721 1146 3793 3793 720 579 3794 3794 1496 1147 3795 3795 690 1148 3796 3796 689 1149 3797 3797 1529 1150 3798 3798 723 365 3799 3799 722 1151 3800 3800 1517 1152 3801 3801 711 571 3802 3802 710 1153 3803 3803 855 1154 3804 3804 49 1155 3805 3805 48 815 3806 3806 1511 1156 3807 3807 705 1157 3808 3808 704 1156 3809 3809 1512 1158 3810 3810 706 1159 3811 3811 705 1157 3812 3812 1515 1160 3813 3813 709 374 3814 3814 708 1161 3815 3815 1605 1162 3816 3816 799 317 3817 3817 798 1163 3818 3818 1540 1164 3819 3819 734 587 3820 3820 733 741 3821 3821 1603 1165 3822 3822 797 1166 3823 3823 796 1081 3824 3824 1550 1167 3825 3825 744 747 3826 3826 743 1168 3827 3827 1601 1169 3828 3828 795 1170 3829 3829 794 1171 3830 3830 845 1172 3831 3831 39 1173 3832 3832 38 1174 3833 3833 1544 1175 3834 3834 738 751 3835 3835 737 309 3836 3836 1579 1176 3837 3837 773 782 3838 3838 772 926 3839 3839 1553 1177 3840 3840 747 846 3841 3841 746 630 3842 3842 1555 1178 3843 3843 749 1179 3844 3844 748 845 3845 3845 1604 1180 3846 3846 798 1163 3847 3847 797 1166 3848 3848 1556 1181 3849 3849 750 604 3850 3850 749 1179 3851 3851 1612 1182 3852 3852 806 1183 3853 3853 805 1184 3854 3854 1596 1185 3855 3855 790 766 3856 3856 789 771 3857 3857 1558 1186 3858 3858 752 391 3859 3859 751 603 3860 3860 1565 1187 3861 3861 759 328 3862 3862 758 1188 3863 3863 1590 1189 3864 3864 784 1190 3865 3865 783 1191 3866 3866 1571 1192 3867 3867 765 1193 3868 3868 764 1194 3869 3869 1572 1195 3870 3870 766 626 3871 3871 765 1193 3872 3872 1581 1196 3873 3873 775 1197 3874 3874 774 781 3875 3875 947 1198 3876 3876 141 819 3877 3877 140 206 3878 3878 1291 1199 3879 3879 485 32 3880 3880 484 1200 3881 3881 1021 1201 3882 3882 215 470 3883 3883 214 1202 3884 3884 840 1203 3885 3885 34 1204 3886 3886 33 1205 3887 3887 977 1206 3888 3888 171 1207 3889 3889 170 797 3890 3890 987 1208 3891 3891 181 1209 3892 3892 180 1210 3893 3893 1185 1211 3894 3894 379 1212 3895 3895 378 1213 3896 3896 1019 1214 3897 3897 213 1215 3898 3898 212 1216 3899 3899 1018 1217 3900 3900 212 1218 3901 3901 211 493 3902 3902 1167 1219 3903 3903 361 1111 3904 3904 360 349 3905 3905 1010 1220 3906 3906 204 1221 3907 3907 203 1222 3908 3908 993 1223 3909 3909 187 1224 3910 3910 186 1225 3911 3911 1594 1226 3912 3912 788 772 3913 3913 787 609 3914 3914 1477 1227 3915 3915 671 171 3916 3916 670 1138 3917 3917 1582 1228 3918 3918 776 1229 3919 3919 775 1197 3920 3920 1613 1230 3921 3921 735 1231 3922 3922 806 1183 3923 3923 1412 1232 3924 3924 606 1233 3925 3925 605 292 3926 3926 1428 1234 3927 3927 622 1235 3928 3928 621 695 3929 3929 1464 1236 3930 3930 658 356 3931 3931 657 1094 3932 3932 1561 1237 3933 3933 755 776 3934 3934 754 1238 3935 3935 1564 1239 3936 3936 758 1188 3937 3937 757 1240 3938 3938 848 1241 3939 3939 42 413 3940 3940 41 1242 3941 3941 847 1243 3942 3942 41 1242 3943 3943 40 1244 3944 3944 831 1245 3945 3945 25 177 3946 3946 24 959 3947 3947 823 1246 3948 3948 17 1247 3949 3949 16 661 3950 3950 873 1248 3951 3951 67 1249 3952 3952 66 111 3953 3953 1092 1250 3954 3954 245 1018 3955 3955 285 1251 3956 3956 920 1252 3957 3957 114 1253 3958 3958 113 1254 3959 3959 898 1255 3960 3960 92 1256 3961 3961 91 128 3962 3962 1038 1257 3963 3963 168 652 3964 3964 231 633 3965 3965 1155 1258 3966 3966 349 1259 3967 3967 348 289 3968 3968 1313 1260 3969 3969 507 1261 3970 3970 506 1011 3971 3971 1335 1262 3972 3972 529 1263 3973 3973 528 654 3974 3974 1395 1264 3975 3975 589 1265 3976 3976 588 483 3977 3977 1418 1266 3978 3978 612 150 3979 3979 611 1267 3980 3980 1504 1268 3981 3981 698 1269 3982 3982 697 1270 3983 3983 817 1271 3984 3984 11 1272 3985 3985 10 1273 3986 3986 921 1274 3987 3987 115 1275 3988 3988 114 1253 3989 3989 899 1276 3990 3990 93 1277 3991 3991 92 1256 3992 3992 1398 1278 3993 3993 592 1279 3994 3994 591 664 3995 3995 910 1280 3996 3996 104 1281 3997 3997 103 738 3998 3998 884 1282 3999 3999 78 1283 4000 4000 77 361 4001 4001 889 1284 4002 4002 83 1285 4003 4003 82 749 4004 4004 1033 1286 4005 4005 227 1287 4006 4006 226 810 4007 4007 1108 1288 4008 4008 302 274 4009 4009 301 1289 4010 4010 1149 1290 4011 4011 343 1291 4012 4012 342 221 4013 4013 1157 1292 4014 4014 291 1293 4015 4015 350 1294 4016 4016 1156 1295 4017 4017 350 1294 4018 4018 349 1296 4019 4019 1208 1297 4020 4020 402 377 4021 4021 401 1297 4022 4022 1101 1298 4023 4023 295 1299 4024 4024 294 496 4025 4025 1349 1300 4026 4026 543 468 4027 4027 542 1301 4028 4028 1413 1302 4029 4029 607 1032 4030 4030 606 1233 4031 4031 1389 1303 4032 4032 583 1304 4033 4033 582 276 4034 4034 1397 1305 4035 4035 532 1306 4036 4036 590 1307 4037 4037 1235 1308 4038 4038 429 400 4039 4039 428 122 4040 4040 1396 1295 4041 4041 590 1307 4042 4042 589 1296 4043 4043 1497 1309 4044 4044 691 1310 4045 4045 690 1311 4046 4046 1513 1312 4047 4047 707 1313 4048 4048 706 1159 4049 4049 1599 1314 4050 4050 793 1315 4051 4051 792 1316 4052 4052 1563 1317 4053 4053 757 1240 4054 4054 756 775 4055 4055 1589 1318 4056 4056 783 1191 4057 4057 782 955 4058 4058 819 1319 4059 4059 13 1320 4060 4060 12 793 4061 4061 813 1321 4062 4062 7 1322 4063 4063 6 1323 4064 4064 900 1324 4065 4065 94 1325 4066 4066 93 1277 4067 4067 911 1326 4068 4068 105 1327 4069 4069 104 1328 4070 4070 885 1329 4071 4071 79 1330 4072 4072 78 1283 4073 4073 1506 1331 4074 4074 700 1109 4075 4075 699 600 4076 4076 952 1332 4077 4077 146 1333 4078 4078 145 445 4079 4079 1284 1334 4080 4080 478 1334 4081 4081 477 1334 4082 4082 1328 1335 4083 4083 522 1336 4084 4084 521 1337 4085 4085 1007 1338 4086 4086 201 210 4087 4087 200 1339 4088 4088 1068 1340 4089 4089 262 1341 4090 4090 261 251 4091 4091 1319 1342 4092 4092 513 649 4093 4093 512 1343 4094 4094 1103 1344 4095 4095 297 1344 4096 4096 296 1345 4097 4097 1150 1346 4098 4098 344 1347 4099 4099 343 1291 4100 4100 1324 1348 4101 4101 518 457 4102 4102 517 867 4103 4103 1344 1349 4104 4104 538 1349 4105 4105 537 1350 4106 4106 1390 1351 4107 4107 584 1352 4108 4108 583 1304 4109 4109 1368 313 4110 4110 562 314 4111 4111 561 346 4112 4112 846 1353 4113 4113 40 1244 4114 4114 39 1173 4115 4115 1445 1354 4116 4116 639 126 4117 4117 638 1355 4118 4118 1467 1356 4119 4119 661 162 4120 4120 660 1104 4121 4121 1308 1357 4122 4122 502 1132 4123 4123 501 708 4124 4124 1474 1358 4125 4125 668 1359 4126 4126 667 1360 4127 4127 1533 1361 4128 4128 727 1362 4129 4129 726 595 4130 4130 1306 1363 4131 4131 500 709 4132 4132 499 906 4133 4133 1569 1364 4134 4134 763 1365 4135 4135 762 8 4136 4136 820 1366 4137 4137 14 1086 4138 4138 13 1320 4139 4139 1342 1367 4140 4140 536 1368 4141 4141 535 1066 4142 4142 814 1369 4143 4143 8 1370 4144 4144 7 1322 4145 4145 877 1371 4146 4146 71 1372 4147 4147 70 1373 4148 4148 922 1374 4149 4149 116 1375 4150 4150 115 1275 4151 4151 953 1376 4152 4152 147 1377 4153 4153 146 1333 4154 4154 1076 1378 4155 4155 270 1379 4156 4156 269 892 4157 4157 1104 1380 4158 4158 298 1381 4159 4159 297 1382 4160 4160 844 1383 4161 4161 38 1174 4162 4162 37 405 4163 4163 1107 1384 4164 4164 301 1289 4165 4165 300 899 4166 4166 1151 1385 4167 4167 345 1386 4168 4168 344 1347 4169 4169 865 1387 4170 4170 0 26 4171 4171 58 1388 4172 4172 1129 1389 4173 4173 323 1390 4174 4174 322 1391 4175 4175 927 1392 4176 4176 121 1393 4177 4177 120 1394 4178 4178 824 1395 4179 4179 18 1396 4180 4180 17 1397 4181 4181 1165 1398 4182 4182 359 350 4183 4183 358 536 4184 4184 1046 1399 4185 4185 240 1400 4186 4186 239 1401 4187 4187 1212 1402 4188 4188 406 953 4189 4189 405 1403 4190 4190 1063 378 4191 4191 257 1404 4192 4192 256 380 4193 4193 1190 1405 4194 4194 384 574 4195 4195 383 1406 4196 4196 1217 1407 4197 4197 411 931 4198 4198 410 938 4199 4199 1345 1408 4200 4200 539 1409 4201 4201 538 1410 4202 4202 1224 1411 4203 4203 418 1412 4204 4204 417 1413 4205 4205 1348 1414 4206 4206 542 1301 4207 4207 541 1025 4208 4208 1176 1415 4209 4209 370 1415 4210 4210 369 1416 4211 4211 1358 1417 4212 4212 552 1418 4213 4213 551 1419 4214 4214 1090 1420 4215 4215 284 1421 4216 4216 283 264 4217 4217 1391 118 4218 4218 585 1422 4219 4219 584 1352 4220 4220 1195 1423 4221 4221 389 1424 4222 4222 388 246 4223 4223 1369 1425 4224 4224 563 1426 4225 4225 562 1427 4226 4226 1276 1428 4227 4227 470 1429 4228 4228 469 1430 4229 4229 1498 1431 4230 4230 692 1113 4231 4231 691 1310 4232 4232 1304 1432 4233 4233 498 1433 4234 4234 497 1434 4235 4235 1576 1435 4236 4236 770 983 4237 4237 769 619 4238 4238 1280 1436 4239 4239 474 1437 4240 4240 473 1438 4241 4241 839 1439 4242 4242 33 1440 4243 4243 32 1441 4244 4244 1483 1442 4245 4245 677 1134 4246 4246 676 1443 4247 4247 862 1444 4248 4248 56 1445 4249 4249 55 343 4250 4250 1549 1446 4251 4251 743 1168 4252 4252 742 81 4253 4253 874 1447 4254 4254 68 699 4255 4255 67 1249 4256 4256 1598 1448 4257 4257 792 1316 4258 4258 791 765 4259 4259 1058 1449 4260 4260 252 865 4261 4261 251 876 4262 4262 878 1450 4263 4263 72 714 4264 4264 71 1372 4265 4265 1600 1451 4266 4266 794 1171 4267 4267 793 1315 4268 4268 923 1452 4269 4269 117 1453 4270 4270 116 1375 4271 4271 1591 1454 4272 4272 785 1455 4273 4273 784 1190 4274 4274 912 1456 4275 4275 106 138 4276 4276 105 1327 4277 4277 859 1457 4278 4278 53 1458 4279 4279 52 1459 4280 4280 1288 1460 4281 4281 482 936 4282 4282 481 424 4283 4283 894 1461 4284 4284 88 1462 4285 4285 87 743 4286 4286 902 1463 4287 4287 96 100 4288 4288 95 1463 4289 4289 895 1464 4290 4290 89 1465 4291 4291 88 1462 4292 4292 906 1466 4293 4293 100 1467 4294 4294 99 889 4295 4295 1036 1468 4296 4296 230 634 4297 4297 229 241 4298 4298 887 1469 4299 4299 81 748 4300 4300 80 1470 4301 4301 954 1471 4302 4302 148 1472 4303 4303 147 1377 4304 4304 1003 1473 4305 4305 197 1474 4306 4306 196 851 4307 4307 1045 1475 4308 4308 239 1401 4309 4309 238 418 4310 4310 1077 1476 4311 4311 271 1477 4312 4312 270 1379 4313 4313 1211 1478 4314 4314 405 1403 4315 4315 404 1479 4316 4316 1222 1480 4317 4317 416 1481 4318 4318 415 1482 4319 4319 1105 1483 4320 4320 299 900 4321 4321 298 1381 4322 4322 1198 1484 4323 4323 392 802 4324 4324 391 1485 4325 4325 1253 1486 4326 4326 447 1487 4327 4327 446 838 4328 4328 1152 1488 4329 4329 346 1489 4330 4330 345 1490 4331 4331 1255 1491 4332 4332 449 1492 4333 4333 448 1493 4334 4334 1254 1494 4335 4335 448 1493 4336 4336 447 1495 4337 4337 1130 1496 4338 4338 324 1497 4339 4339 323 1390 4340 4340 1329 1498 4341 4341 523 1059 4342 4342 522 1336 4343 4343 1410 1499 4344 4344 604 1500 4345 4345 603 1042 4346 4346 1214 1501 4347 4347 408 522 4348 4348 407 952 4349 4349 1322 1502 4350 4350 516 868 4351 4351 515 1502 4352 4352 1425 1503 4353 4353 619 1504 4354 4354 618 1136 4355 4355 1182 1505 4356 4356 376 1023 4357 4357 375 14 4358 4358 1429 1506 4359 4359 623 980 4360 4360 622 1235 4361 4361 1537 1507 4362 4362 731 383 4363 4363 730 717 4364 4364 1296 1508 4365 4365 490 1509 4366 4366 489 1125 4367 4367 1494 1510 4368 4368 688 1511 4369 4369 687 1127 4370 4370 836 1512 4371 4371 30 1513 4372 4372 29 1000 4373 4373 1346 1514 4374 4374 540 1026 4375 4375 539 1409 4376 4376 1570 1515 4377 4377 764 1194 4378 4378 763 1365 4379 4379 944 1516 4380 4380 138 1517 4381 4381 137 155 4382 4382 1392 1518 4383 4383 586 1519 4384 4384 585 1520 4385 4385 834 1521 4386 4386 28 1001 4387 4387 27 656 4388 4388 929 1522 4389 4389 123 1523 4390 4390 122 1524 4391 4391 1370 1525 4392 4392 564 1526 4393 4393 563 1426 4394 4394 812 1527 4395 4395 6 1323 4396 4396 5 1528 4397 4397 979 1529 4398 4398 173 3 4399 4399 172 1530 4400 4400 1174 1531 4401 4401 368 368 4402 4402 367 549 4403 4403 1502 1532 4404 4404 696 1098 4405 4405 695 1073 4406 4406 928 1533 4407 4407 122 1524 4408 4408 121 1393 4409 4409 1047 1534 4410 4410 241 804 4411 4411 240 1400 4412 4412 1491 1535 4413 4413 685 1036 4414 4414 684 1536 4415 4415 974 1537 4416 4416 162 35 4417 4417 167 1538 4418 4418 1064 1539 4419 4419 258 871 4420 4420 257 1404 4421 4421 1495 1540 4422 4422 689 1149 4423 4423 688 1511 4424 4424 963 1541 4425 4425 157 1542 4426 4426 156 783 4427 4427 1223 1543 4428 4428 417 1413 4429 4429 416 1481 4430 4430 1475 1544 4431 4431 669 1139 4432 4432 668 1359 4433 4433 1030 1545 4434 4434 224 821 4435 4435 223 459 4436 4436 1317 1546 4437 4437 511 1547 4438 4438 510 439 4439 4439 1592 1548 4440 4440 786 610 4441 4441 785 1455 4442 4442 1020 1549 4443 4443 214 1202 4444 4444 213 1215 4445 4445 1447 1550 4446 4446 641 676 4447 4447 640 125 4448 4448 851 1551 4449 4449 45 1552 4450 4450 44 1553 4451 4451 1083 1554 4452 4452 277 887 4453 4453 276 1555 4454 4454 1440 1556 4455 4455 634 950 4456 4456 633 1068 4457 4457 876 1557 4458 4458 70 1373 4459 4459 69 698 4460 4460 1210 1558 4461 4461 404 1479 4462 4462 403 376 4463 4463 1560 1559 4464 4464 754 1238 4465 4465 753 390 4466 4466 925 1560 4467 4467 59 706 4468 4468 118 1561 4469 4469 1177 1562 4470 4470 371 559 4471 4471 370 1563 4472 4472 1585 1564 4473 4473 779 168 4474 4474 778 16 4475 4475 924 1565 4476 4476 118 1561 4477 4477 117 1566 4478 4478 1184 1567 4479 4479 378 1568 4480 4480 377 1022 4481 4481 825 1569 4482 4482 19 1570 4483 4483 18 1396 4484 4484 942 1571 4485 4485 136 156 4486 4486 135 768 4487 4487 1260 1572 4488 4488 454 1573 4489 4489 453 1574 4490 4490 838 1575 4491 4491 32 1441 4492 4492 31 1576 4493 4493 1153 1577 4494 4494 347 290 4495 4495 346 1489 4496 4496 1283 1578 4497 4497 477 1579 4498 4498 476 330 4499 4499 858 1580 4500 4500 52 1581 4501 4501 51 885 4502 4502 1131 1582 4503 4503 325 1583 4504 4504 324 1497 4505 4505 1281 1584 4506 4506 475 331 4507 4507 474 1437 4508 4508 915 1585 4509 4509 109 724 4510 4510 108 729 4511 4511 1142 1586 4512 4512 336 1587 4513 4513 335 28 4514 4514 1338 1588 4515 4515 473 1438 4516 4516 531 645 4517 4517 882 1589 4518 4518 76 362 4519 4519 75 734 4520 4520 1116 1590 4521 4521 310 1591 4522 4522 309 966 4523 4523 1490 1592 4524 4524 684 1536 4525 4525 683 1118 4526 4526 892 1593 4527 4527 86 744 4528 4528 85 429 4529 4529 1187 1594 4530 4530 381 969 4531 4531 380 589 4532 4532 1121 1595 4533 4533 315 924 4534 4534 314 929 4535 4535 1607 1596 4536 4536 801 995 4537 4537 800 316 4538 4538 890 1597 4539 4539 84 430 4540 4540 83 1285 4541 4541 1192 1598 4542 4542 386 530 4543 4543 385 1599 4544 4544 1228 1600 4545 4545 422 542 4546 4546 421 1601 4547 4547 826 1602 4548 4548 20 640 4549 4549 19 1570 4550 4550 945 1603 4551 4551 139 207 4552 4552 138 1517 4553 4553 1189 1604 4554 4554 383 1406 4555 4555 382 968 4556 4556 811 1605 4557 4557 5 1606 4558 4558 4 667 4559 4559 1050 1607 4560 4560 244 1608 4561 4561 243 426 4562 4562 1249 1609 4563 4563 443 114 4564 4564 442 393 4565 4565 864 1610 4566 4566 58 1388 4567 4567 57 334 4568 4568 1034 1611 4569 4569 228 242 4570 4570 227 1287 4571 4571 1263 1612 4572 4572 457 1613 4573 4573 456 628 4574 4574 860 1614 4575 4575 54 344 4576 4576 53 1458 4577 4577 1024 1615 4578 4578 218 58 4579 4579 217 200 4580 4580 1336 1616 4581 4581 530 646 4582 4582 529 1617 4583 4583 904 1618 4584 4584 98 1619 4585 4585 97 99 4586 4586 1011 1620 4587 4587 205 786 4588 4588 204 1221 4589 4589 1393 1621 4590 4590 587 484 4591 4591 586 1519 4592 4592 886 1622 4593 4593 80 1470 4594 4594 79 1330 4595 4595 1060 1623 4596 4596 254 857 4597 4597 253 864 4598 4598 1371 1582 4599 4599 565 49 4600 4600 564 1526 4601 4601 926 1624 4602 4602 120 1394 4603 4603 119 790 4604 4604 1098 1625 4605 4605 292 213 4606 4606 291 1293 4607 4607 1382 1626 4608 4608 576 1627 4609 4609 575 116 4610 4610 978 1628 4611 4611 172 1530 4612 4612 171 1207 4613 4613 1139 1629 4614 4614 333 228 4615 4615 332 1630 4616 4616 1357 1631 4617 4617 551 1419 4618 4618 550 971 4619 4619 1014 1632 4620 4620 208 487 4621 4621 207 843 4622 4622 1361 1633 4623 4623 555 1051 4624 4624 554 524 4625 4625 1006 1634 4626 4626 200 1339 4627 4627 199 66 4628 4628 1220 1635 4629 4629 414 359 4630 4630 413 1636 4631 4631 1473 1637 4632 4632 667 1360 4633 4633 666 1130 4634 4634 1004 1638 4635 4635 198 1638 4636 4636 197 1639 4637 4637 1196 1640 4638 4638 390 1641 4639 4639 389 1424 4640 4640 1480 1642 4641 4641 674 615 4642 4642 673 862 4643 4643 1069 1643 4644 4644 263 195 4645 4645 262 1341 4646 4646 1264 1644 4647 4647 458 1645 4648 4648 457 1613 4649 4649 1528 1646 4650 4650 722 1151 4651 4651 721 1146 4652 4652 1053 1647 4653 4653 247 12 4654 4654 246 1017 4655 4655 1339 1648 4656 4656 533 97 4657 4657 532 1306 4658 4658 1547 1649 4659 4659 741 1650 4660 4660 740 179 4661 4661 1096 1651 4662 4662 290 76 4663 4663 289 1651 4664 4664 1379 1652 4665 4665 573 284 4666 4666 572 1653 4667 4667 837 1654 4668 4668 31 1576 4669 4669 30 1513 4670 4670 1087 1655 4671 4671 281 1656 4672 4672 280 883 4673 4673 1399 1657 4674 4674 593 64 4675 4675 592 1279 4676 4676 1170 1658 4677 4677 364 1659 4678 4678 363 1660 4679 4679 853 1661 4680 4680 47 816 4681 4681 46 1662 4682 4682 1227 1663 4683 4683 421 1601 4684 4684 420 45 4685 4685 1449 1664 4686 4686 643 1665 4687 4687 642 675 4688 4688 852 1666 4689 4689 46 1662 4690 4690 45 1552 4691 4691 1219 1667 4692 4692 413 1636 4693 4693 412 1115 4694 4694 1415 1668 4695 4695 609 584 4696 4696 608 1669 4697 4697 1159 1670 4698 4698 353 85 4699 4699 352 93 4700 4700 871 1671 4701 4701 65 1345 4702 4702 64 1672 4703 4703 1245 378 4704 4704 439 1028 4705 4705 438 380 4706 4706 1458 1673 4707 4707 652 1142 4708 4708 651 711 4709 4709 1197 1674 4710 4710 391 1485 4711 4711 390 1641 4712 4712 918 1675 4713 4713 112 120 4714 4714 111 1005 4715 4715 1277 1676 4716 4716 471 1677 4717 4717 470 1429 4718 4718 1456 1678 4719 4719 650 712 4720 4720 649 592 4721 4721 896 1679 4722 4722 90 1680 4723 4723 89 1465 4724 4724 1265 1681 4725 4725 459 79 4726 4726 458 1681 4727 4727 1452 1682 4728 4728 646 153 4729 4729 645 720 4730 4730 930 1683 4731 4731 124 147 4732 4732 123 1523 4733 4733 1300 1684 4734 4734 494 1007 4735 4735 493 636 4736 4736 1514 1685 4737 4737 708 1161 4738 4738 707 1313 4739 4739 869 1686 4740 4740 63 1687 4741 4741 62 693 4742 4742 1042 1688 4743 4743 236 443 4744 4744 235 1689 4745 4745 1318 1690 4746 4746 512 1343 4747 4747 511 1547 4748 4748 1583 1691 4749 4749 777 17 4750 4750 776 1229 4751 4751 992 1692 4752 4752 186 1225 4753 4753 185 1693 4754 4754 1359 1694 4755 4755 553 525 4756 4756 552 1418 4757 4757 815 1695 4758 4758 9 1092 4759 4759 8 1370 4760 4760 1028 1696 4761 4761 222 460 4762 4762 221 1039 4763 4763 850 1697 4764 4764 44 1553 4765 4765 43 412 4766 4766 1066 1698 4767 4767 260 252 4768 4768 259 870 4769 4769 1508 1699 4770 4770 702 727 4771 4771 701 1108 4772 4772 901 1700 4773 4773 95 1701 4774 4774 94 1325 4775 4775 1132 1702 4776 4776 326 307 4777 4777 325 1583 4778 4778 1486 1703 4779 4779 680 159 4780 4780 679 1122 4781 4781 938 1704 4782 4782 132 1705 4783 4783 131 1706 4784 4784 1143 1707 4785 4785 337 325 4786 4786 336 55 4787 4787 1482 1708 4788 4788 676 1443 4789 4789 675 614 4790 4790 957 1709 4791 4791 151 854 4792 4792 150 409 4793 4793 1117 1710 4794 4794 311 1106 4795 4795 310 1591 4796 4796 1542 1711 4797 4797 736 310 4798 4798 735 1231 4799 4799 980 1 4800 4800 981 1095 4801 4801 174 2 4802 4802 1180 4 4803 4803 1181 13 4804 4804 374 5 4805 4805 1568 7 4806 4806 1569 1364 4807 4807 762 8 4808 4808 1054 10 4809 4809 1055 243 4810 4810 248 11 4811 4811 1181 13 4812 4812 1182 1505 4813 4813 375 14 4814 4814 1584 15 4815 4815 1585 1564 4816 4816 778 16 4817 4817 1125 18 4818 4818 1126 332 4819 4819 319 19 4820 4820 1257 21 4821 4821 1258 406 4822 4822 451 22 4823 4823 807 24 4824 4824 808 677 4825 4825 1 25 4826 4826 1141 27 4827 4827 1142 1586 4828 4828 335 28 4829 4829 1292 30 4830 4830 1293 1128 4831 4831 486 31 4832 4832 969 33 4833 4833 970 1712 4834 4834 163 34 4835 4835 1119 36 4836 4836 1120 928 4837 4837 313 37 4838 4838 1286 39 4839 4839 1287 423 4840 4840 480 40 4841 4841 989 42 4842 4842 990 43 4843 4843 183 42 4844 4844 1226 44 4845 4845 1227 1663 4846 4846 420 45 4847 4847 1372 47 4848 4848 1373 497 4849 4849 566 48 4850 4850 990 50 4851 4851 991 1012 4852 4852 184 51 4853 4853 1225 52 4854 4854 1226 44 4855 4855 419 46 4856 4856 1383 53 4857 4857 1384 503 4858 4858 577 54 4859 4859 1025 56 4860 4860 1026 191 4861 4861 219 57 4862 4862 1241 59 4863 4863 1242 543 4864 4864 435 60 4865 4865 1400 62 4866 4866 1401 533 4867 4867 594 63 4868 4868 1005 65 4869 4869 1006 1634 4870 4870 199 66 4871 4871 1268 68 4872 4872 1269 991 4873 4873 462 69 4874 4874 1450 71 4875 4875 1439 1067 4876 4876 632 72 4877 4877 1097 74 4878 4878 1093 1713 4879 4879 286 75 4880 4880 1266 77 4881 4881 1267 996 4882 4882 460 78 4883 4883 1548 80 4884 4884 1549 1446 4885 4885 742 81 4886 4886 1160 83 4887 4887 1161 932 4888 4888 354 84 4889 4889 1271 86 4890 4890 1272 1002 4891 4891 465 87 4892 4892 829 89 4893 4893 830 958 4894 4894 23 90 4895 4895 1158 92 4896 4896 1159 1670 4897 4897 352 93 4898 4898 1340 95 4899 4899 1341 1065 4900 4900 534 96 4901 4901 903 98 4902 4902 904 1618 4903 4903 97 99 4904 4904 842 101 4905 4905 843 404 4906 4906 36 102 4907 4907 1230 104 4908 4908 1231 512 4909 4909 424 105 4910 4910 1365 107 4911 4911 1366 509 4912 4912 559 108 4913 4913 872 110 4914 4914 873 1248 4915 4915 66 111 4916 4916 1250 112 4917 4917 1251 597 4918 4918 444 113 4919 4919 1381 115 4920 4920 1382 1626 4921 4921 575 116 4922 4922 919 118 4923 4923 920 1714 4924 4924 113 119 4925 4925 1234 121 4926 4926 1235 1308 4927 4927 428 122 4928 4928 1446 124 4929 4929 1447 1550 4930 4930 640 125 4931 4931 897 127 4932 4932 898 1255 4933 4933 91 128 4934 4934 1290 130 4935 4935 1291 1715 4936 4936 484 131 4937 4937 1443 133 4938 4938 1444 678 4939 4939 637 134 4940 4940 913 136 4941 4941 914 728 4942 4942 107 137 4943 4943 1405 139 4944 4944 1406 1060 4945 4945 599 140 4946 4946 1420 142 4947 4947 1421 1074 4948 4948 614 143 4949 4949 931 145 4950 4950 932 186 4951 4951 125 146 4952 4952 1419 148 4953 4953 1420 1716 4954 4954 613 149 4955 4955 1453 151 4956 4956 1454 1100 4957 4957 647 152 4958 4958 943 154 4959 4959 944 1516 4960 4960 137 155 4961 4961 1487 157 4962 4962 1488 1144 4963 4963 681 158 4964 4964 1468 160 4965 4965 1469 607 4966 4966 662 161 4967 4967 964 163 4968 4968 965 795 4969 4969 158 164 4970 4970 1586 166 4971 4971 1587 787 4972 4972 780 167 4973 4973 1478 169 4974 4974 1479 861 4975 4975 672 170 4976 4976 983 172 4977 4977 984 669 4978 4978 177 173 4979 4979 832 175 4980 4980 833 655 4981 4981 26 176 4982 4982 1546 178 4983 4983 1547 1649 4984 4984 740 179 4985 4985 1041 181 4986 4986 1042 1717 4987 4987 235 182 4988 4988 856 184 4989 4989 857 884 4990 4990 50 185 4991 4991 932 186 4992 4992 933 773 4993 4993 126 187 4994 4994 966 188 4995 4995 967 189 4996 4996 160 189 4997 4997 1026 191 4998 4998 1027 1718 4999 4999 220 192 5000 5000 1070 193 5001 5001 1071 824 5002 5002 264 194 5003 5003 970 196 5004 5004 971 830 5005 5005 164 197 5006 5006 1023 199 5007 5007 1024 1615 5008 5008 217 200 5009 5009 1078 202 5010 5010 1079 1719 5011 5011 272 203 5012 5012 946 205 5013 5013 947 1198 5014 5014 140 206 5015 5015 1008 208 5016 5016 1009 477 5017 5017 202 209 5018 5018 1099 211 5019 5019 1100 495 5020 5020 293 212 5021 5021 961 214 5022 5022 962 68 5023 5023 155 215 5024 5024 998 217 5025 5025 999 225 5026 5026 192 218 5027 5027 1148 220 5028 5028 1149 1290 5029 5029 342 221 5030 5030 949 223 5031 5031 950 436 5032 5032 143 224 5033 5033 999 225 5034 5034 1000 235 5035 5035 193 226 5036 5036 1140 227 5037 5037 1141 27 5038 5038 334 29 5039 5039 985 229 5040 5040 986 248 5041 5041 179 230 5042 5042 934 232 5043 5043 935 763 5044 5044 128 233 5045 5045 1000 235 5046 5046 1001 1099 5047 5047 194 236 5048 5048 1205 237 5049 5049 1206 956 5050 5050 399 238 5051 5051 1035 240 5052 5052 1036 1468 5053 5053 229 241 5054 5054 1055 243 5055 5055 1056 453 5056 5056 249 244 5057 5057 1194 245 5058 5058 1195 1423 5059 5059 388 246 5060 5060 986 248 5061 5061 987 1720 5062 5062 180 249 5063 5063 1067 250 5064 5064 1068 1340 5065 5065 261 251 5066 5066 1062 253 5067 5067 1063 1721 5068 5068 256 254 5069 5069 1082 256 5070 5070 1083 1722 5071 5071 276 257 5072 5072 1273 259 5073 5073 1274 259 5074 5074 467 259 5075 5075 1080 260 5076 5076 1081 897 5077 5077 274 261 5078 5078 1089 263 5079 5079 1090 1420 5080 5080 283 264 5081 5081 1333 266 5082 5082 1334 653 5083 5083 527 267 5084 5084 1146 269 5085 5085 1147 904 5086 5086 340 270 5087 5087 1109 272 5088 5088 1110 281 5089 5089 303 273 5090 5090 1388 275 5091 5091 1389 1303 5092 5092 582 276 5093 5093 1127 278 5094 5094 1128 313 5095 5095 321 279 5096 5096 1110 281 5097 5097 1111 501 5098 5098 304 282 5099 5099 1380 283 5100 5100 1381 115 5101 5101 574 117 5102 5102 1200 285 5103 5103 1201 537 5104 5104 394 286 5105 5105 1154 288 5106 5106 1155 1258 5107 5107 348 289 5108 5108 1411 291 5109 5109 1412 1232 5110 5110 605 292 5111 5111 1247 294 5112 5112 1248 392 5113 5113 441 295 5114 5114 1145 297 5115 5115 1146 269 5116 5116 339 271 5117 5117 1431 299 5118 5118 1432 1723 5119 5119 625 300 5120 5120 1239 302 5121 5121 1240 474 5122 5122 433 303 5123 5123 1133 305 5124 5124 1134 1724 5125 5125 327 306 5126 5126 1543 308 5127 5127 1544 1175 5128 5128 737 309 5129 5129 1261 311 5130 5130 1262 627 5131 5131 455 312 5132 5132 1128 313 5133 5133 1129 1725 5134 5134 322 314 5135 5135 1606 315 5136 5136 1607 1596 5137 5137 800 316 5138 5138 1294 318 5139 5139 1295 1124 5140 5140 488 319 5141 5141 955 321 5142 5142 956 1726 5143 5143 149 322 5144 5144 1144 324 5145 5145 1145 297 5146 5146 338 298 5147 5147 1566 326 5148 5148 1567 397 5149 5149 760 327 5150 5150 1282 329 5151 5151 1283 1578 5152 5152 476 330 5153 5153 1126 332 5154 5154 1127 278 5155 5155 320 280 5156 5156 863 333 5157 5157 864 1610 5158 5158 57 334 5159 5159 1386 336 5160 5160 1387 1029 5161 5161 580 337 5162 5162 1138 339 5163 5163 1139 1727 5164 5164 332 340 5165 5165 861 342 5166 5166 862 1444 5167 5167 55 343 5168 5168 1367 345 5169 5169 1368 313 5170 5170 561 346 5171 5171 1166 348 5172 5172 1167 1219 5173 5173 360 349 5174 5174 867 351 5175 5175 868 692 5176 5176 61 352 5177 5177 1465 354 5178 5178 1466 1103 5179 5179 659 355 5180 5180 1221 357 5181 5181 1222 1728 5182 5182 415 358 5183 5183 883 360 5184 5184 884 1282 5185 5185 77 361 5186 5186 1530 363 5187 5187 1531 881 5188 5188 724 364 5189 5189 1175 366 5190 5190 1176 1729 5191 5191 369 367 5192 5192 907 369 5193 5193 908 894 5194 5194 101 370 5195 5195 1516 372 5196 5196 1517 1730 5197 5197 710 373 5198 5198 1209 375 5199 5199 1210 1558 5200 5200 403 376 5201 5201 939 378 5202 5202 940 849 5203 5203 133 379 5204 5204 1538 381 5205 5205 1539 740 5206 5206 732 382 5207 5207 1237 384 5208 5208 1238 984 5209 5209 431 385 5210 5210 960 387 5211 5211 961 214 5212 5212 154 216 5213 5213 1559 389 5214 5214 1560 1559 5215 5215 753 390 5216 5216 1248 392 5217 5217 1249 1609 5218 5218 442 393 5219 5219 959 394 5220 5220 960 1731 5221 5221 153 395 5222 5222 1567 397 5223 5223 1568 1732 5224 5224 761 398 5225 5225 1236 399 5226 5226 1237 384 5227 5227 430 386 5228 5228 967 401 5229 5229 968 1733 5230 5230 161 402 5231 5231 843 404 5232 5232 844 1383 5233 5233 37 405 5234 5234 1258 406 5235 5235 1259 822 5236 5236 452 407 5237 5237 956 408 5238 5238 957 1709 5239 5239 150 409 5240 5240 849 411 5241 5241 850 1697 5242 5242 43 412 5243 5243 1302 414 5244 5244 1303 828 5245 5245 496 415 5246 5246 1044 417 5247 5247 1045 1475 5248 5248 238 418 5249 5249 880 420 5250 5250 881 733 5251 5251 74 421 5252 5252 1287 423 5253 5253 1288 1460 5254 5254 481 424 5255 5255 1049 425 5256 5256 1050 1607 5257 5257 243 426 5258 5258 891 428 5259 5259 892 1593 5260 5260 85 429 5261 5261 1311 431 5262 5262 1312 1010 5263 5263 505 432 5264 5264 988 434 5265 5265 989 435 5266 5266 182 434 5267 5267 950 436 5268 5268 951 1734 5269 5269 144 437 5270 5270 1316 438 5271 5271 1317 1546 5272 5272 510 439 5273 5273 1043 441 5274 5274 1044 1735 5275 5275 237 442 5276 5276 951 444 5277 5277 952 1332 5278 5278 145 445 5279 5279 1331 447 5280 5280 1332 1736 5281 5281 525 448 5282 5282 1039 450 5283 5283 1040 813 5284 5284 233 451 5285 5285 1056 453 5286 5286 1057 875 5287 5287 250 454 5288 5288 1325 455 5289 5289 1326 939 5290 5290 519 456 5291 5291 1029 458 5292 5292 1030 1545 5293 5293 223 459 5294 5294 1093 461 5295 5295 1094 499 5296 5296 287 462 5297 5297 1134 463 5298 5298 1135 808 5299 5299 328 464 5300 5300 1350 466 5301 5301 1351 475 5302 5302 544 467 5303 5303 1022 469 5304 5304 1023 199 5305 5305 216 201 5306 5306 1072 471 5307 5307 1073 1737 5308 5308 266 472 5309 5309 1240 474 5310 5310 1241 59 5311 5311 434 61 5312 5312 1351 475 5313 5313 1352 567 5314 5314 545 476 5315 5315 1009 477 5316 5316 1010 478 5317 5317 203 478 5318 5318 1085 479 5319 5319 1086 882 5320 5320 279 480 5321 5321 1394 482 5322 5322 1395 1264 5323 5323 588 483 5324 5324 1015 485 5325 5325 1016 1738 5326 5326 209 486 5327 5327 1073 488 5328 5328 1074 504 5329 5329 267 489 5330 5330 1385 490 5331 5331 1386 336 5332 5332 579 338 5333 5333 1017 492 5334 5334 1018 1217 5335 5335 211 493 5336 5336 1100 495 5337 5337 1101 1298 5338 5338 294 496 5339 5339 1373 497 5340 5340 1374 1739 5341 5341 567 498 5342 5342 1094 499 5343 5343 1095 1740 5344 5344 288 500 5345 5345 1111 501 5346 5346 1112 908 5347 5347 305 502 5348 5348 1384 503 5349 5349 1385 490 5350 5350 578 491 5351 5351 1074 504 5352 5352 1075 1741 5353 5353 268 505 5354 5354 1113 506 5355 5355 1114 910 5356 5356 307 507 5357 5357 1366 509 5358 5358 1367 345 5359 5359 560 347 5360 5360 1079 510 5361 5361 1080 260 5362 5362 273 262 5363 5363 1231 512 5364 5364 1232 1742 5365 5365 425 513 5366 5366 1378 514 5367 5367 1379 1467 5368 5368 572 515 5369 5369 1136 517 5370 5370 1137 518 5371 5371 330 518 5372 5372 1215 520 5373 5373 1216 937 5374 5374 409 521 5375 5375 1360 523 5376 5376 1361 1633 5377 5377 554 524 5378 5378 1163 526 5379 5379 1164 535 5380 5380 357 527 5381 5381 1193 529 5382 5382 1194 245 5383 5383 387 247 5384 5384 1285 531 5385 5385 1286 39 5386 5386 479 41 5387 5387 1401 533 5388 5388 1402 944 5389 5389 595 534 5390 5390 1164 535 5391 5391 1165 1398 5392 5392 358 536 5393 5393 1201 537 5394 5394 1202 581 5395 5395 395 538 5396 5396 1442 539 5397 5397 1443 133 5398 5398 636 135 5399 5399 1229 541 5400 5400 1230 104 5401 5401 423 106 5402 5402 1242 543 5403 5403 1243 977 5404 5404 436 544 5405 5405 1417 545 5406 5406 1418 1743 5407 5407 611 546 5408 5408 1173 548 5409 5409 1174 1531 5410 5410 367 549 5411 5411 1274 551 5412 5412 1233 621 5413 5413 426 552 5414 5414 1470 554 5415 5415 1471 840 5416 5416 664 555 5417 5417 1178 557 5418 5418 1179 558 5419 5419 372 558 5420 5420 1310 560 5421 5421 1311 431 5422 5422 504 433 5423 5423 1522 562 5424 5424 1523 735 5425 5425 716 563 5426 5426 1204 565 5427 5427 1205 237 5428 5428 398 239 5429 5429 1352 567 5430 5430 1353 1033 5431 5431 546 568 5432 5432 1518 569 5433 5433 1519 622 5434 5434 712 570 5435 5435 1191 572 5436 5436 1192 1744 5437 5437 385 573 5438 5438 1354 575 5439 5439 1355 1037 5440 5440 548 576 5441 5441 1526 578 5442 5442 1527 1145 5443 5443 720 579 5444 5444 1202 581 5445 5445 1203 964 5446 5446 396 582 5447 5447 1416 583 5448 5448 1417 545 5449 5449 610 547 5450 5450 1541 585 5451 5451 1510 1745 5452 5452 703 586 5453 5453 1186 588 5454 5454 1187 1594 5455 5455 380 589 5456 5456 1455 591 5457 5457 1456 1678 5458 5458 649 592 5459 5459 1532 594 5460 5460 1533 1361 5461 5461 726 595 5462 5462 1251 597 5463 5463 1252 837 5464 5464 445 598 5465 5465 1505 599 5466 5466 1506 1331 5467 5467 699 600 5468 5468 1557 602 5469 5469 1558 1186 5470 5470 751 603 5471 5471 1278 605 5472 5472 1279 606 5473 5473 472 605 5474 5474 1469 607 5475 5475 1470 554 5476 5476 663 556 5477 5477 1593 608 5478 5478 1594 1226 5479 5479 787 609 5480 5480 1279 611 5481 5481 1275 988 5482 5482 468 612 5483 5483 1481 613 5484 5484 1482 1708 5485 5485 675 614 5486 5486 1332 616 5487 5487 1333 266 5488 5488 526 268 5489 5489 1575 618 5490 5490 1576 1435 5491 5491 769 619 5492 5492 1233 621 5493 5493 1234 121 5494 5494 427 123 5495 5495 1519 622 5496 5496 1520 745 5497 5497 713 623 5498 5498 1573 624 5499 5499 1574 997 5500 5500 767 625 5501 5501 1262 627 5502 5502 1263 1612 5503 5503 456 628 5504 5504 1552 629 5505 5505 1553 1177 5506 5506 746 630 5507 5507 1037 632 5508 5508 1038 1257 5509 5509 231 633 5510 5510 1299 635 5511 5511 1300 1684 5512 5512 493 636 5513 5513 827 638 5514 5514 828 647 5515 5515 21 639 5516 5516 1321 641 5517 5517 1322 1746 5518 5518 515 642 5519 5519 1337 644 5520 5520 1338 1588 5521 5521 531 645 5522 5522 828 647 5523 5523 829 89 5524 5524 22 91 5525 5525 1320 648 5526 5526 1321 641 5527 5527 514 643 5528 5528 975 650 5529 5529 976 796 5530 5530 169 651 5531 5531 1334 653 5532 5532 1335 1262 5533 5533 528 654 5534 5534 833 655 5535 5535 834 1521 5536 5536 27 656 5537 5537 1376 657 5538 5538 1377 1747 5539 5539 570 658 5540 5540 822 660 5541 5541 823 1246 5542 5542 16 661 5543 5543 1438 663 5544 5544 1398 1278 5545 5545 591 664 5546 5546 810 666 5547 5547 811 1605 5548 5548 4 667 5549 5549 984 669 5550 5550 985 229 5551 5551 178 231 5552 5552 1437 670 5553 5553 1438 663 5554 5554 631 665 5555 5555 809 672 5556 5556 810 666 5557 5557 3 668 5558 5558 1448 674 5559 5559 1449 1664 5560 5560 642 675 5561 5561 808 677 5562 5562 809 672 5563 5563 2 673 5564 5564 1444 678 5565 5565 1445 679 5566 5566 638 679 5567 5567 841 680 5568 5568 842 101 5569 5569 35 103 5570 5570 1435 682 5571 5571 1436 1064 5572 5572 629 683 5573 5573 870 685 5574 5574 871 685 5575 5575 64 685 5576 5576 1510 686 5577 5577 1511 1748 5578 5578 704 687 5579 5579 1433 689 5580 5580 1434 909 5581 5581 627 690 5582 5582 868 692 5583 5583 869 1686 5584 5584 62 693 5585 5585 1427 694 5586 5586 1428 1234 5587 5587 621 695 5588 5588 875 697 5589 5589 876 1557 5590 5590 69 698 5591 5591 1297 700 5592 5592 1298 715 5593 5593 491 701 5594 5594 1426 703 5595 5595 1427 694 5596 5596 620 696 5597 5597 866 705 5598 5598 867 351 5599 5599 60 353 5600 5600 1307 707 5601 5601 1308 1357 5602 5602 501 708 5603 5603 1457 710 5604 5604 1458 1673 5605 5605 651 711 5606 5606 879 713 5607 5607 880 420 5608 5608 73 422 5609 5609 1298 715 5610 5610 1299 635 5611 5611 492 637 5612 5612 1536 716 5613 5613 1537 1507 5614 5614 730 717 5615 5615 1451 719 5616 5616 1452 1682 5617 5617 645 720 5618 5618 916 722 5619 5619 917 1004 5620 5620 110 723 5621 5621 1509 725 5622 5622 1489 1117 5623 5623 682 726 5624 5624 914 728 5625 5625 915 1585 5626 5626 108 729 5627 5627 1521 730 5628 5628 1522 1749 5629 5629 715 731 5630 5630 881 733 5631 5631 882 1589 5632 5632 75 734 5633 5633 1523 735 5634 5634 1524 916 5635 5635 717 736 5636 5636 909 737 5637 5637 910 1280 5638 5638 103 738 5639 5639 1539 740 5640 5640 1540 1164 5641 5641 733 741 5642 5642 893 742 5643 5643 894 1461 5644 5644 87 743 5645 5645 1520 745 5646 5646 1521 730 5647 5647 714 732 5648 5648 1551 746 5649 5649 1552 629 5650 5650 745 631 5651 5651 888 748 5652 5652 889 1284 5653 5653 82 749 5654 5654 1545 750 5655 5655 1546 178 5656 5656 739 180 5657 5657 937 752 5658 5658 938 1750 5659 5659 131 753 5660 5660 1610 755 5661 5661 1611 1751 5662 5662 804 756 5663 5663 936 758 5664 5664 937 752 5665 5665 130 754 5666 5666 1611 760 5667 5667 1612 1752 5668 5668 805 761 5669 5669 935 763 5670 5670 936 758 5671 5671 129 759 5672 5672 1597 764 5673 5673 1598 1448 5674 5674 791 765 5675 5675 941 767 5676 5676 942 1571 5677 5677 135 768 5678 5678 1595 770 5679 5679 1596 1185 5680 5680 789 771 5681 5681 933 773 5682 5682 934 232 5683 5683 127 234 5684 5684 1562 774 5685 5685 1563 1317 5686 5686 756 775 5687 5687 972 777 5688 5688 973 1008 5689 5689 166 778 5690 5690 1580 780 5691 5691 1581 1196 5692 5692 774 781 5693 5693 962 68 5694 5694 963 1541 5695 5695 156 783 5696 5696 1012 784 5697 5697 1013 842 5698 5698 206 785 5699 5699 1587 787 5700 5700 1588 954 5701 5701 781 788 5702 5702 968 789 5703 5703 926 1624 5704 5704 119 790 5705 5705 818 792 5706 5706 819 1319 5707 5707 12 793 5708 5708 965 795 5709 5709 966 188 5710 5710 159 190 5711 5711 976 796 5712 5712 977 1206 5713 5713 170 797 5714 5714 982 798 5715 5715 983 172 5716 5716 176 174 5717 5717 1199 800 5718 5718 1200 801 5719 5719 393 801 5720 5720 1048 803 5721 5721 1049 425 5722 5722 242 427 5723 5723 1374 805 5724 5724 1375 812 5725 5725 568 806 5726 5726 1135 808 5727 5727 1136 517 5728 5728 329 519 5729 5729 1032 809 5730 5730 1033 1286 5731 5731 226 810 5732 5732 1375 812 5733 5733 1376 657 5734 5734 569 659 5735 5735 1040 813 5736 5736 1041 181 5737 5737 234 183 5738 5738 854 814 5739 5739 855 1154 5740 5740 48 815 5741 5741 948 817 5742 5742 949 818 5743 5743 142 818 5744 5744 1031 820 5745 5745 1032 809 5746 5746 225 811 5747 5747 1259 822 5748 5748 1260 1753 5749 5749 453 823 5750 5750 1071 824 5751 5751 1072 471 5752 5752 265 473 5753 5753 994 825 5754 5754 995 1045 5755 5755 188 826 5756 5756 1303 828 5757 5757 1304 1754 5758 5758 497 829 5759 5759 971 830 5760 5760 972 1755 5761 5761 165 831 5762 5762 996 832 5763 5763 997 1756 5764 5764 190 833 5765 5765 1461 835 5766 5766 1462 912 5767 5767 655 836 5768 5768 1252 837 5769 5769 1253 1486 5770 5770 446 838 5771 5771 997 839 5772 5772 998 217 5773 5773 191 219 5774 5774 1471 840 5775 5775 1472 1129 5776 5776 665 841 5777 5777 1013 842 5778 5778 1014 1632 5779 5779 207 843 5780 5780 1554 844 5781 5781 1555 1178 5782 5782 748 845 5783 5783 1016 847 5784 5784 1017 492 5785 5785 210 494 5786 5786 940 849 5787 5787 941 767 5788 5788 134 769 5789 5789 1002 850 5790 5790 1003 1473 5791 5791 196 851 5792 5792 958 853 5793 5793 959 394 5794 5794 152 396 5795 5795 1061 855 5796 5796 1062 1757 5797 5797 255 856 5798 5798 1102 858 5799 5799 1103 1758 5800 5800 296 859 5801 5801 1479 861 5802 5802 1480 1642 5803 5803 673 862 5804 5804 1059 863 5805 5805 1060 1623 5806 5806 253 864 5807 5807 1323 866 5808 5808 1324 1348 5809 5809 517 867 5810 5810 1065 869 5811 5811 1066 1698 5812 5812 259 870 5813 5813 1343 872 5814 5814 1344 1759 5815 5815 537 873 5816 5816 1057 875 5817 5817 1058 1449 5818 5818 251 876 5819 5819 1407 877 5820 5820 1408 878 5821 5821 601 877 5822 5822 1095 879 5823 5823 1096 880 5824 5824 289 879 5825 5825 1531 881 5826 5826 1532 594 5827 5827 725 596 5828 5828 1086 882 5829 5829 1087 1655 5830 5830 280 883 5831 5831 857 884 5832 5832 858 1580 5833 5833 51 885 5834 5834 1084 886 5835 5835 1085 479 5836 5836 278 481 5837 5837 905 888 5838 5838 906 1466 5839 5839 99 889 5840 5840 1075 891 5841 5841 1076 1378 5842 5842 269 892 5843 5843 908 894 5844 5844 909 737 5845 5845 102 739 5846 5846 1091 895 5847 5847 1092 896 5848 5848 285 895 5849 5849 1081 897 5850 5850 1082 256 5851 5851 275 258 5852 5852 1106 898 5853 5853 1107 1384 5854 5854 300 899 5855 5855 1171 901 5856 5856 1172 946 5857 5857 365 902 5858 5858 1147 904 5859 5859 1148 220 5860 5860 341 222 5861 5861 1305 905 5862 5862 1306 1363 5863 5863 499 906 5864 5864 1112 908 5865 5865 1113 506 5866 5866 306 508 5867 5867 1434 909 5868 5868 1435 682 5869 5869 628 684 5870 5870 1114 910 5871 5871 1115 965 5872 5872 308 911 5873 5873 1462 912 5874 5874 1463 1093 5875 5875 656 913 5876 5876 1124 914 5877 5877 1125 18 5878 5878 318 20 5879 5879 1524 916 5880 5880 1525 1143 5881 5881 718 917 5882 5882 1123 918 5883 5883 1124 914 5884 5884 317 915 5885 5885 1535 920 5886 5886 1536 1760 5887 5887 729 921 5888 5888 1122 923 5889 5889 1123 918 5890 5890 316 919 5891 5891 1578 925 5892 5892 1579 1176 5893 5893 772 926 5894 5894 1120 928 5895 5895 1121 1595 5896 5896 314 929 5897 5897 1218 930 5898 5898 1158 92 5899 5899 351 94 5900 5900 1161 932 5901 5901 1162 1052 5902 5902 355 933 5903 5903 1289 934 5904 5904 1290 1761 5905 5905 483 935 5906 5906 1216 937 5907 5907 1217 1407 5908 5908 410 938 5909 5909 1326 939 5910 5910 1327 1062 5911 5911 520 940 5912 5912 1169 941 5913 5913 1170 1762 5914 5914 363 942 5915 5915 1402 944 5916 5916 1403 1053 5917 5917 596 945 5918 5918 1172 946 5919 5919 1173 1763 5920 5920 366 947 5921 5921 1441 948 5922 5922 1442 1764 5923 5923 635 949 5924 5924 1213 951 5925 5925 1214 1501 5926 5926 407 952 5927 5927 1588 954 5928 5928 1589 1318 5929 5929 782 955 5930 5930 1206 956 5931 5931 1207 1119 5932 5932 400 957 5933 5933 830 958 5934 5934 831 1245 5935 5935 24 959 5936 5936 1179 960 5937 5937 1180 4 5938 5938 373 6 5939 5939 1051 962 5940 5940 1039 450 5941 5941 232 452 5942 5942 1203 964 5943 5943 1204 565 5944 5944 397 566 5945 5945 1115 965 5946 5946 1116 1590 5947 5947 309 966 5948 5948 1188 967 5949 5949 1189 1604 5950 5950 382 968 5951 5951 1356 970 5952 5952 1357 1631 5953 5953 550 971 5954 5954 1244 973 5955 5955 1245 973 5956 5956 438 973 5957 5957 1408 974 5958 5958 1409 1041 5959 5959 602 975 5960 5960 1243 977 5961 5961 1244 1765 5962 5962 437 978 5963 5963 1430 979 5964 5964 1431 299 5965 5965 624 301 5966 5966 1577 981 5967 5967 1578 1766 5968 5968 771 982 5969 5969 1238 984 5970 5970 1239 302 5971 5971 432 304 5972 5972 1500 985 5973 5973 1501 1072 5974 5974 694 986 5975 5975 1275 988 5976 5976 1276 1767 5977 5977 469 989 5978 5978 1534 990 5979 5979 1535 990 5980 5980 728 990 5981 5981 1269 991 5982 5982 1270 1768 5983 5983 463 992 5984 5984 1608 993 5985 5985 1609 1769 5986 5986 802 994 5987 5987 1267 996 5988 5988 1268 68 5989 5989 461 70 5990 5990 1574 997 5991 5991 1575 618 5992 5992 768 620 5993 5993 1256 998 5994 5994 1257 21 5995 5995 450 23 5996 5996 835 999 5997 5997 836 1512 5998 5998 29 1000 5999 5999 1272 1002 6000 6000 1273 1770 6001 6001 466 1003 6002 6002 917 1004 6003 6003 918 1675 6004 6004 111 1005 6005 6005 1301 1006 6006 6006 1302 414 6007 6007 495 416 6008 6008 973 1008 6009 6009 974 1771 6010 6010 167 1009 6011 6011 1312 1010 6012 6012 1313 1260 6013 6013 506 1011 6014 6014 991 1012 6015 6015 992 1772 6016 6016 185 1013 6017 6017 1314 1014 6018 6018 1315 1015 6019 6019 508 1014 6020 6020 1052 1016 6021 6021 1053 1647 6022 6022 246 1017 6023 6023 1315 1019 6024 6024 1316 438 6025 6025 509 440 6026 6026 1183 1021 6027 6027 1184 1567 6028 6028 377 1022 6029 6029 1347 1024 6030 6030 1348 1414 6031 6031 541 1025 6032 6032 1246 1027 6033 6033 1247 294 6034 6034 440 296 6035 6035 1387 1029 6036 6036 1388 275 6037 6037 581 277 6038 6038 1414 1030 6039 6039 1415 1773 6040 6040 608 1031 6041 6041 1353 1033 6042 6042 1354 575 6043 6043 547 577 6044 6044 1492 1034 6045 6045 1493 1126 6046 6046 686 1035 6047 6047 1355 1037 6048 6048 1356 970 6049 6049 549 972 6050 6050 1027 1038 6051 6051 1028 1696 6052 6052 221 1039 6053 6053 1409 1041 6054 6054 1410 1499 6055 6055 603 1042 6056 6056 1364 1043 6057 6057 1365 107 6058 6058 558 109 6059 6059 995 1045 6060 6060 996 832 6061 6061 189 834 6062 6062 1363 1046 6063 6063 1364 1043 6064 6064 557 1044 6065 6065 1137 1048 6066 6066 1138 339 6067 6067 331 341 6068 6068 1362 1050 6069 6069 1363 1046 6070 6070 556 1047 6071 6071 1162 1052 6072 6072 1163 526 6073 6073 356 528 6074 6074 1403 1053 6075 6075 1404 1057 6076 6076 597 1054 6077 6077 1270 1055 6078 6078 1271 86 6079 6079 464 88 6080 6080 1404 1057 6081 6081 1405 139 6082 6082 598 141 6083 6083 1330 1058 6084 6084 1331 447 6085 6085 524 449 6086 6086 1406 1060 6087 6087 1407 1774 6088 6088 600 1061 6089 6089 1327 1062 6090 6090 1328 1775 6091 6091 521 1063 6092 6092 1436 1064 6093 6093 1437 670 6094 6094 630 671 6095 6095 1341 1065 6096 6096 1342 1367 6097 6097 535 1066 6098 6098 1439 1067 6099 6099 1440 1556 6100 6100 633 1068 6101 6101 1377 1069 6102 6102 1378 514 6103 6103 571 516 6104 6104 1432 1071 6105 6105 1433 689 6106 6106 626 691 6107 6107 1501 1072 6108 6108 1502 1532 6109 6109 695 1073 6110 6110 1421 1074 6111 6111 1422 1078 6112 6112 615 1075 6113 6113 1609 1076 6114 6114 1610 755 6115 6115 803 757 6116 6116 1422 1078 6117 6117 1423 1083 6118 6118 616 1079 6119 6119 1602 1080 6120 6120 1603 1165 6121 6121 796 1081 6122 6122 1423 1083 6123 6123 1424 1135 6124 6124 617 1084 6125 6125 821 1085 6126 6126 822 660 6127 6127 15 662 6128 6128 1460 1087 6129 6129 1461 1776 6130 6130 654 1088 6131 6131 816 1090 6132 6132 817 1091 6133 6133 10 1091 6134 6134 1463 1093 6135 6135 1464 1236 6136 6136 657 1094 6137 6137 981 1095 6138 6138 982 798 6139 6139 175 799 6140 6140 1503 1096 6141 6141 1504 1777 6142 6142 697 1097 6143 6143 1001 1099 6144 6144 1002 850 6145 6145 195 852 6146 6146 1454 1100 6147 6147 1455 591 6148 6148 648 593 6149 6149 1088 1101 6150 6150 1089 263 6151 6151 282 265 6152 6152 1466 1103 6153 6153 1467 1356 6154 6154 660 1104 6155 6155 1118 1105 6156 6156 1119 36 6157 6157 312 38 6158 6158 1507 1107 6159 6159 1508 1699 6160 6160 701 1108 6161 6161 1168 1110 6162 6162 1169 941 6163 6163 362 943 6164 6164 1499 1112 6165 6165 1500 985 6166 6166 693 987 6167 6167 1232 1114 6168 6168 1219 1667 6169 6169 412 1115 6170 6170 1489 1117 6171 6171 1490 1592 6172 6172 683 1118 6173 6173 1207 1119 6174 6174 1208 1120 6175 6175 401 1120 6176 6176 1485 1121 6177 6177 1486 1703 6178 6178 679 1122 6179 6179 1295 1124 6180 6180 1296 1508 6181 6181 489 1125 6182 6182 1493 1126 6183 6183 1494 1510 6184 6184 687 1127 6185 6185 1293 1128 6186 6186 1294 318 6187 6187 487 320 6188 6188 1472 1129 6189 6189 1473 1637 6190 6190 666 1130 6191 6191 1309 1131 6192 6192 1310 560 6193 6193 503 561 6194 6194 1484 1133 6195 6195 1485 1121 6196 6196 678 1123 6197 6197 1424 1135 6198 6198 1425 1503 6199 6199 618 1136 6200 6200 1476 1137 6201 6201 1477 1227 6202 6202 670 1138 6203 6203 1459 1140 6204 6204 1460 1778 6205 6205 653 1141 6206 6206 1525 1143 6207 6207 1526 578 6208 6208 719 580 6209 6209 1488 1144 6210 6210 1451 719 6211 6211 644 721 6212 6212 1527 1145 6213 6213 1528 1646 6214 6214 721 1146 6215 6215 1496 1147 6216 6216 1497 1779 6217 6217 690 1148 6218 6218 1529 1150 6219 6219 1530 363 6220 6220 723 365 6221 6221 1517 1152 6222 6222 1518 569 6223 6223 711 571 6224 6224 855 1154 6225 6225 856 1780 6226 6226 49 1155 6227 6227 1511 1156 6228 6228 1512 1158 6229 6229 705 1157 6230 6230 1512 1158 6231 6231 1513 1312 6232 6232 706 1159 6233 6233 1515 1160 6234 6234 1516 372 6235 6235 709 374 6236 6236 1605 1162 6237 6237 1606 315 6238 6238 799 317 6239 6239 1540 1164 6240 6240 1541 585 6241 6241 734 587 6242 6242 1603 1165 6243 6243 1604 1180 6244 6244 797 1166 6245 6245 1550 1167 6246 6246 1551 746 6247 6247 744 747 6248 6248 1601 1169 6249 6249 1602 1781 6250 6250 795 1170 6251 6251 845 1172 6252 6252 846 1353 6253 6253 39 1173 6254 6254 1544 1175 6255 6255 1545 750 6256 6256 738 751 6257 6257 1579 1176 6258 6258 1580 780 6259 6259 773 782 6260 6260 1553 1177 6261 6261 1554 844 6262 6262 747 846 6263 6263 1555 1178 6264 6264 1556 1181 6265 6265 749 1179 6266 6266 1604 1180 6267 6267 1605 1162 6268 6268 798 1163 6269 6269 1556 1181 6270 6270 1557 602 6271 6271 750 604 6272 6272 1612 1182 6273 6273 1613 1230 6274 6274 806 1183 6275 6275 1596 1185 6276 6276 1597 764 6277 6277 790 766 6278 6278 1558 1186 6279 6279 1559 389 6280 6280 752 391 6281 6281 1565 1187 6282 6282 1566 326 6283 6283 759 328 6284 6284 1590 1189 6285 6285 1591 1454 6286 6286 784 1190 6287 6287 1571 1192 6288 6288 1572 1195 6289 6289 765 1193 6290 6290 1572 1195 6291 6291 1573 624 6292 6292 766 626 6293 6293 1581 1196 6294 6294 1582 1228 6295 6295 775 1197 6296 6296 947 1198 6297 6297 948 817 6298 6298 141 819 6299 6299 1291 1199 6300 6300 1292 30 6301 6301 485 32 6302 6302 1021 1201 6303 6303 1022 469 6304 6304 215 470 6305 6305 840 1203 6306 6306 841 1782 6307 6307 34 1204 6308 6308 977 1206 6309 6309 978 1628 6310 6310 171 1207 6311 6311 987 1208 6312 6312 988 1783 6313 6313 181 1209 6314 6314 1185 1211 6315 6315 1186 1784 6316 6316 379 1212 6317 6317 1019 1214 6318 6318 1020 1549 6319 6319 213 1215 6320 6320 1018 1217 6321 6321 1019 1218 6322 6322 212 1218 6323 6323 1167 1219 6324 6324 1168 1110 6325 6325 361 1111 6326 6326 1010 1220 6327 6327 1011 1620 6328 6328 204 1221 6329 6329 993 1223 6330 6330 994 1785 6331 6331 187 1224 6332 6332 1594 1226 6333 6333 1595 770 6334 6334 788 772 6335 6335 1477 1227 6336 6336 1478 169 6337 6337 671 171 6338 6338 1582 1228 6339 6339 1583 1691 6340 6340 776 1229 6341 6341 1613 1230 6342 6342 1542 1711 6343 6343 735 1231 6344 6344 1412 1232 6345 6345 1413 1302 6346 6346 606 1233 6347 6347 1428 1234 6348 6348 1429 1506 6349 6349 622 1235 6350 6350 1464 1236 6351 6351 1465 354 6352 6352 658 356 6353 6353 1561 1237 6354 6354 1562 774 6355 6355 755 776 6356 6356 1564 1239 6357 6357 1565 1187 6358 6358 758 1188 6359 6359 848 1241 6360 6360 849 411 6361 6361 42 413 6362 6362 847 1243 6363 6363 848 1241 6364 6364 41 1242 6365 6365 831 1245 6366 6366 832 175 6367 6367 25 177 6368 6368 823 1246 6369 6369 824 1786 6370 6370 17 1247 6371 6371 873 1248 6372 6372 874 1447 6373 6373 67 1249 6374 6374 1092 1250 6375 6375 1052 1016 6376 6376 245 1018 6377 6377 920 1252 6378 6378 921 1274 6379 6379 114 1253 6380 6380 898 1255 6381 6381 899 1276 6382 6382 92 1256 6383 6383 1038 1257 6384 6384 975 650 6385 6385 168 652 6386 6386 1155 1258 6387 6387 1156 1787 6388 6388 349 1259 6389 6389 1313 1260 6390 6390 1314 1788 6391 6391 507 1261 6392 6392 1335 1262 6393 6393 1336 1789 6394 6394 529 1263 6395 6395 1395 1264 6396 6396 1396 1787 6397 6397 589 1265 6398 6398 1418 1266 6399 6399 1419 148 6400 6400 612 150 6401 6401 1504 1268 6402 6402 1505 1790 6403 6403 698 1269 6404 6404 817 1271 6405 6405 818 1791 6406 6406 11 1272 6407 6407 921 1274 6408 6408 922 1374 6409 6409 115 1275 6410 6410 899 1276 6411 6411 900 1324 6412 6412 93 1277 6413 6413 1398 1278 6414 6414 1399 1657 6415 6415 592 1279 6416 6416 910 1280 6417 6417 911 1792 6418 6418 104 1281 6419 6419 884 1282 6420 6420 885 1329 6421 6421 78 1283 6422 6422 889 1284 6423 6423 890 1597 6424 6424 83 1285 6425 6425 1033 1286 6426 6426 1034 1611 6427 6427 227 1287 6428 6428 1108 1288 6429 6429 1109 272 6430 6430 302 274 6431 6431 1149 1290 6432 6432 1150 1346 6433 6433 343 1291 6434 6434 1157 1292 6435 6435 1098 1625 6436 6436 291 1293 6437 6437 1156 1295 6438 6438 1157 1292 6439 6439 350 1294 6440 6440 1208 1297 6441 6441 1209 375 6442 6442 402 377 6443 6443 1101 1298 6444 6444 1102 1793 6445 6445 295 1299 6446 6446 1349 1300 6447 6447 1350 466 6448 6448 543 468 6449 6449 1413 1302 6450 6450 1414 1030 6451 6451 607 1032 6452 6452 1389 1303 6453 6453 1390 1351 6454 6454 583 1304 6455 6455 1397 1305 6456 6456 1339 1648 6457 6457 532 1306 6458 6458 1235 1308 6459 6459 1236 399 6460 6460 429 400 6461 6461 1396 1295 6462 6462 1397 1305 6463 6463 590 1307 6464 6464 1497 1309 6465 6465 1498 1431 6466 6466 691 1310 6467 6467 1513 1312 6468 6468 1514 1685 6469 6469 707 1313 6470 6470 1599 1314 6471 6471 1600 1451 6472 6472 793 1315 6473 6473 1563 1317 6474 6474 1564 1239 6475 6475 757 1240 6476 6476 1589 1318 6477 6477 1590 1189 6478 6478 783 1191 6479 6479 819 1319 6480 6480 820 1366 6481 6481 13 1320 6482 6482 813 1321 6483 6483 814 1369 6484 6484 7 1322 6485 6485 900 1324 6486 6486 901 1700 6487 6487 94 1325 6488 6488 911 1326 6489 6489 912 1456 6490 6490 105 1327 6491 6491 885 1329 6492 6492 886 1622 6493 6493 79 1330 6494 6494 1506 1331 6495 6495 1507 1107 6496 6496 700 1109 6497 6497 952 1332 6498 6498 953 1376 6499 6499 146 1333 6500 6500 1284 1334 6501 6501 1285 1334 6502 6502 478 1334 6503 6503 1328 1335 6504 6504 1329 1498 6505 6505 522 1336 6506 6506 1007 1338 6507 6507 1008 208 6508 6508 201 210 6509 6509 1068 1340 6510 6510 1069 1643 6511 6511 262 1341 6512 6512 1319 1342 6513 6513 1320 648 6514 6514 513 649 6515 6515 1103 1344 6516 6516 1104 1345 6517 6517 297 1344 6518 6518 1150 1346 6519 6519 1151 1385 6520 6520 344 1347 6521 6521 1324 1348 6522 6522 1325 455 6523 6523 518 457 6524 6524 1344 1349 6525 6525 1345 1350 6526 6526 538 1349 6527 6527 1390 1351 6528 6528 1391 118 6529 6529 584 1352 6530 6530 1368 313 6531 6531 1369 1725 6532 6532 562 314 6533 6533 846 1353 6534 6534 847 1243 6535 6535 40 1244 6536 6536 1445 1354 6537 6537 1446 124 6538 6538 639 126 6539 6539 1467 1356 6540 6540 1468 160 6541 6541 661 162 6542 6542 1308 1357 6543 6543 1309 1131 6544 6544 502 1132 6545 6545 1474 1358 6546 6546 1475 1544 6547 6547 668 1359 6548 6548 1533 1361 6549 6549 1534 1794 6550 6550 727 1362 6551 6551 1306 1363 6552 6552 1307 707 6553 6553 500 709 6554 6554 1569 1364 6555 6555 1570 1515 6556 6556 763 1365 6557 6557 820 1366 6558 6558 821 1085 6559 6559 14 1086 6560 6560 1342 1367 6561 6561 1343 1795 6562 6562 536 1368 6563 6563 814 1369 6564 6564 815 1695 6565 6565 8 1370 6566 6566 877 1371 6567 6567 878 1450 6568 6568 71 1372 6569 6569 922 1374 6570 6570 923 1452 6571 6571 116 1375 6572 6572 953 1376 6573 6573 954 1471 6574 6574 147 1377 6575 6575 1076 1378 6576 6576 1077 1476 6577 6577 270 1379 6578 6578 1104 1380 6579 6579 1105 1483 6580 6580 298 1381 6581 6581 844 1383 6582 6582 845 1172 6583 6583 38 1174 6584 6584 1107 1384 6585 6585 1108 1288 6586 6586 301 1289 6587 6587 1151 1385 6588 6588 1152 1386 6589 6589 345 1386 6590 6590 865 1387 6591 6591 807 24 6592 6592 0 26 6593 6593 1129 1389 6594 6594 1130 1496 6595 6595 323 1390 6596 6596 927 1392 6597 6597 928 1533 6598 6598 121 1393 6599 6599 824 1395 6600 6600 825 1569 6601 6601 18 1396 6602 6602 1165 1398 6603 6603 1166 348 6604 6604 359 350 6605 6605 1046 1399 6606 6606 1047 1534 6607 6607 240 1400 6608 6608 1212 1402 6609 6609 1213 951 6610 6610 406 953 6611 6611 1063 378 6612 6612 1064 1539 6613 6613 257 1404 6614 6614 1190 1405 6615 6615 1191 572 6616 6616 384 574 6617 6617 1217 1407 6618 6618 1218 930 6619 6619 411 931 6620 6620 1345 1408 6621 6621 1346 1514 6622 6622 539 1409 6623 6623 1224 1411 6624 6624 1225 1796 6625 6625 418 1412 6626 6626 1348 1414 6627 6627 1349 1300 6628 6628 542 1301 6629 6629 1176 1415 6630 6630 1177 1416 6631 6631 370 1415 6632 6632 1358 1417 6633 6633 1359 1694 6634 6634 552 1418 6635 6635 1090 1420 6636 6636 1091 1797 6637 6637 284 1421 6638 6638 1391 118 6639 6639 1392 1798 6640 6640 585 1422 6641 6641 1195 1423 6642 6642 1196 1640 6643 6643 389 1424 6644 6644 1369 1425 6645 6645 1370 1525 6646 6646 563 1426 6647 6647 1276 1428 6648 6648 1277 1676 6649 6649 470 1429 6650 6650 1498 1431 6651 6651 1499 1112 6652 6652 692 1113 6653 6653 1304 1432 6654 6654 1305 1799 6655 6655 498 1433 6656 6656 1576 1435 6657 6657 1577 981 6658 6658 770 983 6659 6659 1280 1436 6660 6660 1281 1584 6661 6661 474 1437 6662 6662 839 1439 6663 6663 840 1788 6664 6664 33 1440 6665 6665 1483 1442 6666 6666 1484 1133 6667 6667 677 1134 6668 6668 862 1444 6669 6669 863 1445 6670 6670 56 1445 6671 6671 1549 1446 6672 6672 1550 1167 6673 6673 743 1168 6674 6674 874 1447 6675 6675 875 697 6676 6676 68 699 6677 6677 1598 1448 6678 6678 1599 1314 6679 6679 792 1316 6680 6680 1058 1449 6681 6681 1059 863 6682 6682 252 865 6683 6683 878 1450 6684 6684 879 713 6685 6685 72 714 6686 6686 1600 1451 6687 6687 1601 1169 6688 6688 794 1171 6689 6689 923 1452 6690 6690 924 1787 6691 6691 117 1453 6692 6692 1591 1454 6693 6693 1592 1548 6694 6694 785 1455 6695 6695 912 1456 6696 6696 913 136 6697 6697 106 138 6698 6698 859 1457 6699 6699 860 1614 6700 6700 53 1458 6701 6701 1288 1460 6702 6702 1289 934 6703 6703 482 936 6704 6704 894 1461 6705 6705 895 1464 6706 6706 88 1462 6707 6707 902 1463 6708 6708 903 98 6709 6709 96 100 6710 6710 895 1464 6711 6711 896 1679 6712 6712 89 1465 6713 6713 906 1466 6714 6714 907 1467 6715 6715 100 1467 6716 6716 1036 1468 6717 6717 1037 632 6718 6718 230 634 6719 6719 887 1469 6720 6720 888 748 6721 6721 81 748 6722 6722 954 1471 6723 6723 955 1800 6724 6724 148 1472 6725 6725 1003 1473 6726 6726 1004 1801 6727 6727 197 1474 6728 6728 1045 1475 6729 6729 1046 1399 6730 6730 239 1401 6731 6731 1077 1476 6732 6732 1078 1477 6733 6733 271 1477 6734 6734 1211 1478 6735 6735 1212 1402 6736 6736 405 1403 6737 6737 1222 1480 6738 6738 1223 1543 6739 6739 416 1481 6740 6740 1105 1483 6741 6741 1106 898 6742 6742 299 900 6743 6743 1198 1484 6744 6744 1199 800 6745 6745 392 802 6746 6746 1253 1486 6747 6747 1254 1802 6748 6748 447 1487 6749 6749 1152 1488 6750 6750 1153 1577 6751 6751 346 1489 6752 6752 1255 1491 6753 6753 1256 1803 6754 6754 449 1492 6755 6755 1254 1494 6756 6756 1255 1491 6757 6757 448 1493 6758 6758 1130 1496 6759 6759 1131 1582 6760 6760 324 1497 6761 6761 1329 1498 6762 6762 1330 1058 6763 6763 523 1059 6764 6764 1410 1499 6765 6765 1411 1804 6766 6766 604 1500 6767 6767 1214 1501 6768 6768 1215 520 6769 6769 408 522 6770 6770 1322 1502 6771 6771 1323 866 6772 6772 516 868 6773 6773 1425 1503 6774 6774 1426 1504 6775 6775 619 1504 6776 6776 1182 1505 6777 6777 1183 1021 6778 6778 376 1023 6779 6779 1429 1506 6780 6780 1430 979 6781 6781 623 980 6782 6782 1537 1507 6783 6783 1538 381 6784 6784 731 383 6785 6785 1296 1508 6786 6786 1297 1509 6787 6787 490 1509 6788 6788 1494 1510 6789 6789 1495 1540 6790 6790 688 1511 6791 6791 836 1512 6792 6792 837 1654 6793 6793 30 1513 6794 6794 1346 1514 6795 6795 1347 1024 6796 6796 540 1026 6797 6797 1570 1515 6798 6798 1571 1192 6799 6799 764 1194 6800 6800 944 1516 6801 6801 945 1603 6802 6802 138 1517 6803 6803 1392 1518 6804 6804 1393 1621 6805 6805 586 1519 6806 6806 834 1521 6807 6807 835 999 6808 6808 28 1001 6809 6809 929 1522 6810 6810 930 1683 6811 6811 123 1523 6812 6812 1370 1525 6813 6813 1371 1582 6814 6814 564 1526 6815 6815 812 1527 6816 6816 813 1321 6817 6817 6 1323 6818 6818 979 1529 6819 6819 980 1 6820 6820 173 3 6821 6821 1174 1531 6822 6822 1175 366 6823 6823 368 368 6824 6824 1502 1532 6825 6825 1503 1096 6826 6826 696 1098 6827 6827 928 1533 6828 6828 929 1522 6829 6829 122 1524 6830 6830 1047 1534 6831 6831 1048 803 6832 6832 241 804 6833 6833 1491 1535 6834 6834 1492 1034 6835 6835 685 1036 6836 6836 974 1537 6837 6837 969 33 6838 6838 162 35 6839 6839 1064 1539 6840 6840 1065 869 6841 6841 258 871 6842 6842 1495 1540 6843 6843 1496 1147 6844 6844 689 1149 6845 6845 963 1541 6846 6846 964 1805 6847 6847 157 1542 6848 6848 1223 1543 6849 6849 1224 1411 6850 6850 417 1413 6851 6851 1475 1544 6852 6852 1476 1137 6853 6853 669 1139 6854 6854 1030 1545 6855 6855 1031 820 6856 6856 224 821 6857 6857 1317 1546 6858 6858 1318 1690 6859 6859 511 1547 6860 6860 1592 1548 6861 6861 1593 608 6862 6862 786 610 6863 6863 1020 1549 6864 6864 1021 1201 6865 6865 214 1202 6866 6866 1447 1550 6867 6867 1448 674 6868 6868 641 676 6869 6869 851 1551 6870 6870 852 1666 6871 6871 45 1552 6872 6872 1083 1554 6873 6873 1084 886 6874 6874 277 887 6875 6875 1440 1556 6876 6876 1441 948 6877 6877 634 950 6878 6878 876 1557 6879 6879 877 1371 6880 6880 70 1373 6881 6881 1210 1558 6882 6882 1211 1478 6883 6883 404 1479 6884 6884 1560 1559 6885 6885 1561 1237 6886 6886 754 1238 6887 6887 925 1560 6888 6888 866 705 6889 6889 59 706 6890 6890 1177 1562 6891 6891 1178 557 6892 6892 371 559 6893 6893 1585 1564 6894 6894 1586 166 6895 6895 779 168 6896 6896 924 1565 6897 6897 925 1560 6898 6898 118 1561 6899 6899 1184 1567 6900 6900 1185 1568 6901 6901 378 1568 6902 6902 825 1569 6903 6903 826 1602 6904 6904 19 1570 6905 6905 942 1571 6906 6906 943 154 6907 6907 136 156 6908 6908 1260 1572 6909 6909 1261 1806 6910 6910 454 1573 6911 6911 838 1575 6912 6912 839 1439 6913 6913 32 1441 6914 6914 1153 1577 6915 6915 1154 288 6916 6916 347 290 6917 6917 1283 1578 6918 6918 1284 1807 6919 6919 477 1579 6920 6920 858 1580 6921 6921 859 1808 6922 6922 52 1581 6923 6923 1131 1582 6924 6924 1132 1702 6925 6925 325 1583 6926 6926 1281 1584 6927 6927 1282 329 6928 6928 475 331 6929 6929 915 1585 6930 6930 916 722 6931 6931 109 724 6932 6932 1142 1586 6933 6933 1143 1809 6934 6934 336 1587 6935 6935 1338 1588 6936 6936 1280 1436 6937 6937 473 1438 6938 6938 882 1589 6939 6939 883 360 6940 6940 76 362 6941 6941 1116 1590 6942 6942 1117 1710 6943 6943 310 1591 6944 6944 1490 1592 6945 6945 1491 1535 6946 6946 684 1536 6947 6947 892 1593 6948 6948 893 742 6949 6949 86 744 6950 6950 1187 1594 6951 6951 1188 967 6952 6952 381 969 6953 6953 1121 1595 6954 6954 1122 923 6955 6955 315 924 6956 6956 1607 1596 6957 6957 1608 993 6958 6958 801 995 6959 6959 890 1597 6960 6960 891 428 6961 6961 84 430 6962 6962 1192 1598 6963 6963 1193 529 6964 6964 386 530 6965 6965 1228 1600 6966 6966 1229 541 6967 6967 422 542 6968 6968 826 1602 6969 6969 827 638 6970 6970 20 640 6971 6971 945 1603 6972 6972 946 205 6973 6973 139 207 6974 6974 1189 1604 6975 6975 1190 1405 6976 6976 383 1406 6977 6977 811 1605 6978 6978 812 1810 6979 6979 5 1606 6980 6980 1050 1607 6981 6981 1051 1811 6982 6982 244 1608 6983 6983 1249 1609 6984 6984 1250 112 6985 6985 443 114 6986 6986 864 1610 6987 6987 865 1387 6988 6988 58 1388 6989 6989 1034 1611 6990 6990 1035 240 6991 6991 228 242 6992 6992 1263 1612 6993 6993 1264 1644 6994 6994 457 1613 6995 6995 860 1614 6996 6996 861 342 6997 6997 54 344 6998 6998 1024 1615 6999 6999 1025 56 7000 7000 218 58 7001 7001 1336 1616 7002 7002 1337 644 7003 7003 530 646 7004 7004 904 1618 7005 7005 905 1812 7006 7006 98 1619 7007 7007 1011 1620 7008 7008 1012 784 7009 7009 205 786 7010 7010 1393 1621 7011 7011 1394 482 7012 7012 587 484 7013 7013 886 1622 7014 7014 887 1469 7015 7015 80 1470 7016 7016 1060 1623 7017 7017 1061 855 7018 7018 254 857 7019 7019 1371 1582 7020 7020 1372 47 7021 7021 565 49 7022 7022 926 1624 7023 7023 927 1392 7024 7024 120 1394 7025 7025 1098 1625 7026 7026 1099 211 7027 7027 292 213 7028 7028 1382 1626 7029 7029 1383 1809 7030 7030 576 1627 7031 7031 978 1628 7032 7032 979 1529 7033 7033 172 1530 7034 7034 1139 1629 7035 7035 1140 227 7036 7036 333 228 7037 7037 1357 1631 7038 7038 1358 1417 7039 7039 551 1419 7040 7040 1014 1632 7041 7041 1015 485 7042 7042 208 487 7043 7043 1361 1633 7044 7044 1362 1050 7045 7045 555 1051 7046 7046 1006 1634 7047 7047 1007 1338 7048 7048 200 1339 7049 7049 1220 1635 7050 7050 1221 357 7051 7051 414 359 7052 7052 1473 1637 7053 7053 1474 1358 7054 7054 667 1360 7055 7055 1004 1638 7056 7056 1005 1639 7057 7057 198 1638 7058 7058 1196 1640 7059 7059 1197 1674 7060 7060 390 1641 7061 7061 1480 1642 7062 7062 1481 613 7063 7063 674 615 7064 7064 1069 1643 7065 7065 1070 193 7066 7066 263 195 7067 7067 1264 1644 7068 7068 1265 1813 7069 7069 458 1645 7070 7070 1528 1646 7071 7071 1529 1150 7072 7072 722 1151 7073 7073 1053 1647 7074 7074 1054 10 7075 7075 247 12 7076 7076 1339 1648 7077 7077 1340 95 7078 7078 533 97 7079 7079 1547 1649 7080 7080 1548 1814 7081 7081 741 1650 7082 7082 1096 1651 7083 7083 1097 74 7084 7084 290 76 7085 7085 1379 1652 7086 7086 1380 283 7087 7087 573 284 7088 7088 837 1654 7089 7089 838 1575 7090 7090 31 1576 7091 7091 1087 1655 7092 7092 1088 1815 7093 7093 281 1656 7094 7094 1399 1657 7095 7095 1400 62 7096 7096 593 64 7097 7097 1170 1658 7098 7098 1171 1816 7099 7099 364 1659 7100 7100 853 1661 7101 7101 854 814 7102 7102 47 816 7103 7103 1227 1663 7104 7104 1228 1600 7105 7105 421 1601 7106 7106 1449 1664 7107 7107 1450 1817 7108 7108 643 1665 7109 7109 852 1666 7110 7110 853 1661 7111 7111 46 1662 7112 7112 1219 1667 7113 7113 1220 1635 7114 7114 413 1636 7115 7115 1415 1668 7116 7116 1416 583 7117 7117 609 584 7118 7118 1159 1670 7119 7119 1160 83 7120 7120 353 85 7121 7121 871 1671 7122 7122 872 1818 7123 7123 65 1345 7124 7124 1245 378 7125 7125 1246 1027 7126 7126 439 1028 7127 7127 1458 1673 7128 7128 1459 1140 7129 7129 652 1142 7130 7130 1197 1674 7131 7131 1198 1484 7132 7132 391 1485 7133 7133 918 1675 7134 7134 919 118 7135 7135 112 120 7136 7136 1277 1676 7137 7137 1278 1819 7138 7138 471 1677 7139 7139 1456 1678 7140 7140 1457 710 7141 7141 650 712 7142 7142 896 1679 7143 7143 897 1820 7144 7144 90 1680 7145 7145 1265 1681 7146 7146 1266 77 7147 7147 459 79 7148 7148 1452 1682 7149 7149 1453 151 7150 7150 646 153 7151 7151 930 1683 7152 7152 931 145 7153 7153 124 147 7154 7154 1300 1684 7155 7155 1301 1006 7156 7156 494 1007 7157 7157 1514 1685 7158 7158 1515 1160 7159 7159 708 1161 7160 7160 869 1686 7161 7161 870 1821 7162 7162 63 1687 7163 7163 1042 1688 7164 7164 1043 441 7165 7165 236 443 7166 7166 1318 1690 7167 7167 1319 1342 7168 7168 512 1343 7169 7169 1583 1691 7170 7170 1584 15 7171 7171 777 17 7172 7172 992 1692 7173 7173 993 1223 7174 7174 186 1225 7175 7175 1359 1694 7176 7176 1360 523 7177 7177 553 525 7178 7178 815 1695 7179 7179 816 1090 7180 7180 9 1092 7181 7181 1028 1696 7182 7182 1029 458 7183 7183 222 460 7184 7184 850 1697 7185 7185 851 1551 7186 7186 44 1553 7187 7187 1066 1698 7188 7188 1067 250 7189 7189 260 252 7190 7190 1508 1699 7191 7191 1509 725 7192 7192 702 727 7193 7193 901 1700 7194 7194 902 1822 7195 7195 95 1701 7196 7196 1132 1702 7197 7197 1133 305 7198 7198 326 307 7199 7199 1486 1703 7200 7200 1487 157 7201 7201 680 159 7202 7202 938 1704 7203 7203 939 1721 7204 7204 132 1705 7205 7205 1143 1707 7206 7206 1144 324 7207 7207 337 325 7208 7208 1482 1708 7209 7209 1483 1442 7210 7210 676 1443 7211 7211 957 1709 7212 7212 958 853 7213 7213 151 854 7214 7214 1117 1710 7215 7215 1118 1105 7216 7216 311 1106 7217 7217 1542 1711 7218 7218 1543 308 7219 7219 736 310 7220 7220</p>
        </triangles>
      </mesh>
    </geometry>
  </library_geometries>
  <library_visual_scenes>
    <visual_scene id="Scene" name="Scene">
      <node id="base00" name="base00" type="NODE">
        <matrix sid="transform">1 0 0 0 0 1 0 0 0 0 1 0 0 0 0 1</matrix>
        <node id="start01" name="start01" type="NODE">
          <matrix sid="transform">1 0 0 0 0 1 0 0 0 0 1 0 0 0 0 1</matrix>
          <node id="s_slopgear_sign_a75" name="s_slopgear_sign_a75" type="NODE">
            <matrix sid="transform">1 0 0 0 0 7.54979e-8 -1 0 0 1 7.54979e-8 0 0 0 0 1</matrix>
            <instance_geometry url="#s_slopgear_sign-mesh" name="s_slopgear_sign_a75">
              <bind_material>
                <technique_common>
                  <instance_material symbol="m_metal_new_01-material" target="#m_metal_new_01-material">
                    <bind_vertex_input semantic="UVMap" input_semantic="TEXCOORD" input_set="0"/>
                  </instance_material>
                </technique_common>
              </bind_material>
            </instance_geometry>
          </node>
        </node>
        <node id="nulldeatil10" name="nulldeatil10" type="NODE">
          <matrix sid="transform">1 0 0 0 0 1 0 0 0 0 1 0 0 0 0 1</matrix>
        </node>
      </node>
    </visual_scene>
  </library_visual_scenes>
  <scene>
    <instance_visual_scene url="#Scene"/>
  </scene>
</COLLADA>